norad_id,object_name,risk_label,risk_probability,altitude_km
900,CALSPHERE 1,0,0.01,975.7150230054622
902,CALSPHERE 2,0,0.02,1061.5932131563304
1361,LCS 1,1,0.92,2787.8671540485657
1512,TEMPSAT 1,0,0.01,1133.2277754129009
1520,CALSPHERE 4A,0,0.01,1123.144572410446
2826,OPS 5712 (P/L 160),0,0.03,634.5934542618406
2866,LES-5,0,0.0,33400.89385880376
2872,SURCAL 159,0,0.0,895.1359887986218
2874,OPS 5712 (P/L 153),0,0.0,904.7751385892852
5398,RIGIDSPHERE 2 (LCS 4),0,0.0,765.3524128494655
7530,OSCAR 7 (AO-7),0,0.02,1449.0614124438462
7646,STARLETTE,1,0.89,955.558891765786
8820,LAGEOS 1,0,0.02,5893.049654438343
14129,PHASE 3B (AO-10),1,0.99,19723.69345848974
14781,UOSAT 2 (UO-11),0,0.0,595.1089728301513
16908,AJISAI (EGS),0,0.01,1487.5142863869833
19548,TDRS 3,0,0.0,35786.53104463514
19751,COSMOS 1989 (ETALON 1),0,0.0,19125.58293439138
20026,COSMOS 2024 (ETALON 2),0,0.0,19121.709541849326
20253,FLTSATCOM 8 (USA 46),0,0.0,35786.59496119067
20442,LUSAT (LO-19),0,0.0,777.9380884953152
20580,HST,1,1.0,471.9655492061547
20776,SKYNET 4C,0,0.0,36268.83559887743
21639,TDRS 5,0,0.0,35788.70910973402
22195,LAGEOS 2,1,0.86,5783.74321810655
22314,TDRS 6,0,0.0,35786.71802927584
22490,SCD 1,0,0.0,738.2916980168366
22787,UFO 2 (USA 95),0,0.0,35786.65607461503
22824,STELLA,0,0.0,800.1942143784217
22825,EYESAT A (AO-27),0,0.0,788.5435077632237
22826,ITAMSAT (IO-26),0,0.0,787.1142683251064
23439,RADIO ROSTO (RS15),1,0.92,2022.313630378344
23467,UFO 4 (USA 108),0,0.0,35786.72868213638
23613,TDRS 7,0,0.0,35787.70737231738
23712,USA 115 (MILSTAR-1 2),0,0.0,35786.600007244844
23802,POLAR,1,0.99,29112.69770332761
23839,INMARSAT 3-F1,0,0.0,35866.15690946886
23893,USA 119,1,1.0,1085.3913289503434
24278,JAS-2 (FO-29),1,0.97,1060.228052933854
24307,INMARSAT 3-F2,0,0.0,35868.545841972285
24674,INMARSAT 3-F3,0,0.0,35862.89897361438
24876,NAVSTAR 43 (USA 132),1,0.97,20182.174090758523
24920,FORTE,0,0.0,798.5480175516313
25019,USA 134,0,0.0,35785.78873325902
25118,ORBCOMM FM06,0,0.01,733.2621394153239
25153,INMARSAT 3-F5,0,0.0,35786.376860958626
25159,ORBCOMM FM04,0,0.0,772.3612302601568
25160,CELESTIS-02 & TAURUS R/B,0,0.0,816.9154650135388
25397,TECHSAT 1B (GO-32),0,0.0,810.3856722110804
25398,WESTPAC,0,0.0,815.0365147268703
25415,ORBCOMM FM19,0,0.0,759.881246030157
25416,ORBCOMM FM20,0,0.0,764.6801291062066
25481,ORBCOMM FM27,0,0.0,761.0711259569516
25504,SCD 2,0,0.0,740.246415390634
25544,ISS (ZARYA),1,1.0,418.5676010211937
25560,SWAS,0,0.01,536.5100208507347
25575,ISS (UNITY),1,1.0,418.5676010211937
25757,DLR-TUBSAT,0,0.0,717.6964557649226
25867,CXO,1,0.99,74415.600308068
25924,ABS-6,0,0.0,35786.2470674291
25933,NAVSTAR 46 (USA 145),1,0.98,20182.56334820326
25967,UFO 10 (USA 146),0,0.01,35785.72145589707
25982,ORBCOMM FM32,0,0.0,767.7785714641932
25989,XMM-NEWTON,1,0.99,60564.09941145512
25994,TERRA,0,0.0,689.497650754689
26107,ASIASTAR,0,0.0,35786.52151323972
26113,IMAGE,1,0.97,23433.159803695955
26356,USA 149 (DSP 20),0,0.0,35787.650740744604
26388,TDRS 8,0,0.0,35787.64653543738
26400,ISS (ZVEZDA),1,1.0,418.5676010211937
26407,NAVSTAR 48 (USA 151),1,1.0,20182.708054255563
26410,CLUSTER II-FM7 (SAMBA),1,0.99,65653.11833725689
26464,CLUSTER II-FM8 (TANGO),1,0.99,66160.12952164476
26554,NSS-11,0,0.0,35786.420873246185
26575,USA 153,0,0.0,35787.77353617792
26580,AMC-6,0,0.0,35786.360882003675
26605,NAVSTAR 49 (USA 154),1,0.99,20182.254342487184
26700,ISS (DESTINY),1,1.0,418.5676010211937
26715,USA 157 (MILSTAR-2 2),0,0.0,35786.26416759941
26720,BSAT-2A,0,0.0,36096.95827245974
26857,OMNI-M1,0,0.05,10600.938880838055
26900,INTELSAT 902 (IS-902),0,0.0,35786.46628731934
26931,PCSAT (NO-44),0,0.0,785.1434914192505
26958,PROBA-1,0,0.0,543.2152498515034
26998,TIMED,0,0.0,581.1524167540811
27004,MAROC-TUBSAT,0,0.0,998.6222240341194
27056,COSMOS 2385,0,0.0,1420.6086045711008
27057,COSMOS 2386,0,0.0,1416.2776557200375
27168,USA 164 (MILSTAR-2 3),0,0.08,35785.47673675655
27380,INTELSAT 904 (IS-904),0,0.0,35786.67794093992
27424,AQUA,0,0.0,686.212573959825
27426,DIRECTV 5 (TEMPO 1),0,0.0,35786.65663528967
27438,INTELSAT 905 (IS-905),0,0.0,35786.408818913966
27445,GALAXY 3C (G-3C),0,0.0,35786.81110186373
27464,COSMOS 2390,0,0.0,1487.058528562582
27465,COSMOS 2391,0,0.0,1485.7001153472547
27513,INTELSAT 906 (IS-906),0,0.0,35786.43993592866
27606,LATINSAT B,0,0.01,638.553426045607
27607,SAUDISAT 1C (SO-50),0,0.01,619.4111072577816
27612,LATINSAT A,0,0.01,611.8464663111381
27632,NIMIQ 2,0,0.0,35786.58206572576
27640,CORIOLIS,0,0.0,825.4970039574264
27651,SORCE,0,0.0,554.7180037885801
27663,NAVSTAR 51 (USA 166),1,1.0,20182.72809606676
27691,USA 167,0,0.0,35787.62971421895
27704,NAVSTAR 52 (USA 168),0,0.01,21018.108945380827
27711,USA 169 (MILSTAR-2 4),0,0.08,35785.239589637065
27718,ASIASAT 4,0,0.0,35787.08163203074
27811,HELLAS-SAT 2,0,0.0,35786.61682743633
27825,THURAYA-2,0,0.0,35786.566927583866
27831,OPTUS C1,0,0.0,35786.566927583866
27843,MOST,0,0.0,820.8525820493815
27844,CUTE-1 (CO-55),0,0.0,810.6330657450626
27848,CUBESAT XI-IV (CO-57),0,0.0,813.0518873525925
27858,SCISAT 1,0,0.0,624.5848571865963
27868,COSMOS 2400,0,0.0,1484.6723742094146
27869,COSMOS 2401,0,0.0,1483.3556518848454
27875,USA 170,0,0.0,35786.93333050026
27939,MOZHAETS 4 (RS22),0,0.0,649.7605081199472
27944,LARETS,0,0.0,680.684983641404
27954,GALAXY 13 (HORIZONS-1),0,0.0,35787.18171527503
28054,DMSP 5D-3 F16 (USA 172),0,0.0,844.0605637580138
28058,CHUANGXIN 1 (CX-1),0,0.0,730.2028755726888
28089,YAMAL 202,0,0.0,35786.295004015905
28117,UFO 11 (USA 174),0,0.0,35786.57505732504
28129,NAVSTAR 53 (USA 175),0,0.02,20902.00086456477
28158,USA 176 (DSP 22),0,0.0,35784.97721798611
28184,ABS-4 (MOBISAT-1),0,0.0,35786.53581033488
28190,NAVSTAR 54 (USA 177),1,1.0,20183.163198098267
28220,SHIYAN-1 (SY-1),1,1.0,460.8977454368333
28358,INTELSAT 10-02,0,0.0,35786.736811955525
28361,NAVSTAR 55 (USA 178),1,1.0,20182.59981147059
28366,APRIZESAT 2,1,0.73,764.9236717909071
28369,SAUDICOMSAT 1,0,0.0,707.7185371549258
28370,SAUDICOMSAT 2,0,0.0,725.6275359117171
28371,SAUDISAT 2,0,0.0,703.8196649996535
28372,APRIZESAT 1,0,0.0,719.7635703862534
28376,AURA,0,0.0,688.6644784173786
28378,ANIK F2,0,0.0,35786.7068157457
28380,COSMOS 2407,0,0.0,976.90430020468
28413,SHIJIAN-6 01A (SJ-6 01A),0,0.0,509.8327586329269
28414,SHIJIAN-6 01B (SJ-6 01B),0,0.0,546.3886069946302
28419,COSMOS 2408,0,0.0,1482.60976693287
28420,COSMOS 2409,0,0.0,1484.113406224491
28446,AMC-15,0,0.0,35786.504132473696
28470,JB-3 3 (ZY 2C),0,0.01,506.8164787484102
28474,NAVSTAR 56 (USA 180),1,0.97,20182.70284515664
28485,SWIFT,1,1.0,348.3284638289924
28493,NANOSAT-1,0,0.0,628.5295918211623
28521,COSMOS 2414,0,0.0,935.8902974025286
28526,NSS-10,0,0.0,35786.450588613545
28628,INMARSAT 4-F1,0,0.0,35786.67934262837
28649,IRS-P5 (CARTOSAT-1),0,0.01,594.2885247697441
28659,DIRECTV 8,0,0.0,35786.799047252614
28702,GALAXY 28 (G-28),0,0.0,35786.62719989612
28737,SJ-7,1,1.0,499.1243573233287
28786,THAICOM 4,0,0.0,35787.053036927166
28810,REIMEI (INDEX),0,0.0,532.094961646927
28868,ANIK F1R,0,0.0,35786.64822517198
28874,NAVSTAR 57 (USA 183),1,0.99,20182.345189234977
28885,SYRACUSE 3A,0,0.0,35786.45451328863
28890,BEIJING 1,0,0.0,681.7011214823806
28893,SINAH 1,0,0.0,679.6765671037601
28895,CUBESAT XI-V,0,0.0,652.2855686984894
28899,INMARSAT 4-F2,0,0.0,35786.78362857652
28908,COSMOS 2416 (RODNIK-S 1),0,0.0,1441.1493641558627
28912,METEOSAT-9 (MSG-2),0,0.0,35787.14106514621
28924,EUTELSAT 174A,0,0.0,35786.95687923842
28935,ECHOSTAR 10,0,0.0,35786.904735648124
28945,SPAINSAT,0,0.0,35786.73821364888
29045,JCSAT-5A,0,0.0,35787.04883176897
29055,ASTRA 1KR,0,0.0,35787.30030207272
29228,RESURS-DK 1,0,0.03,525.8487933762717
29236,GALAXY 16 (G-16),0,0.0,35786.37798228937
29268,ARIRANG-2 (KOMPSAT-2),0,0.0,678.0824510312241
29270,EUTELSAT 33F,0,0.0,35787.25516610109
29272,JCSAT-3A,0,0.0,35786.6196308032
29349,KOREASAT 5 (MUGUNGWHA 5),0,0.0,35787.31628191772
29479,HINODE (SOLAR-B),0,0.0,665.2692606249766
29486,NAVSTAR 58 (USA 190),1,0.99,20181.907913622053
29494,DIRECTV 9S,0,0.0,35786.8206334228
29495,OPTUS D1,0,0.0,35786.46376431206
29505,SHIJIAN-6 02A (SJ-6 02A),0,0.0,513.4670204081758
29506,SHIJIAN-6 02B (SJ-6 02B),0,0.0,562.362012956145
29522,DMSP 5D-3 F17 (USA 191),0,0.0,842.3136929524226
29526,BADR-4,0,0.0,35786.455073956575
29601,NAVSTAR 59 (USA 192),0,0.12,20182.453870864403
29643,WILDBLUE-1,0,0.0,36096.31442913047
29709,LAPAN-TUBSAT,0,0.0,610.4507889300867
30580,THEMIS A,1,0.97,39675.12945310223
30794,SKYNET 5A,0,0.0,35786.59412018179
30797,THEMIS D,1,0.98,39764.36372457744
31102,ANIK F3,0,0.0,35786.472454672024
31113,HAIYANG-1B,0,0.0,788.2622441139702
31118,SAUDISAT 3,0,0.0,656.4355070284564
31119,SAUDICOMSAT 7,0,0.0,673.3429032349504
31121,SAUDICOMSAT 6,0,0.0,684.789338612939
31124,SAUDICOMSAT 5,0,0.0,666.7508890785994
31125,SAUDICOMSAT 3,0,0.01,658.5826468151818
31127,SAUDICOMSAT 4,0,0.0,678.501488102831
31306,ASTRA 1L,0,0.0,35786.76428516647
31307,GALAXY 17 (G-17),0,0.0,35786.8455837059
31490,YAOGAN-2,0,0.0,620.6493202874781
31573,GLOBALSTAR M069,0,0.0,1577.4495729129676
31574,GLOBALSTAR M072,0,0.0,1718.422258689423
31598,COSMO-SKYMED 1,0,0.0,575.20671208572
31698,TERRASAR-X,0,0.0,508.400810382549
31792,COSMOS 2428,0,0.0,849.2812165383311
31797,SAR-LUPE 2,1,1.0,395.8904142459769
32060,WORLDVIEW-1 (WV-1),1,1.0,492.9754040041553
32253,INTELSAT 11 (IS-11),0,0.0,36133.674256879
32258,WGS F1 (USA 195),0,0.0,35786.58711177607
32260,NAVSTAR 60 (USA 196),1,0.99,20183.151190173237
32265,GLOBALSTAR M066,0,0.0,1547.6038321764645
32275,COSMOS 2433 [GLONASS-M],0,0.0,19129.698704384984
32276,COSMOS 2432 [GLONASS-M],0,0.0,19129.778901320824
32289,YAOGAN-3,0,0.0,594.9496225153734
32294,SKYNET 5B,0,0.0,35786.60028758123
32299,ASTRA 4A,0,0.0,35786.21202615068
32376,COSMO-SKYMED 2,0,0.0,622.5357267473382
32382,RADARSAT-2,0,0.0,791.7949244060528
32384,NAVSTAR 61 (USA 199),0,0.04,20182.28065176669
32388,HORIZONS-2,0,0.0,35787.14442929108
32393,COSMOS 2434 [GLONASS-M],0,0.0,19129.941611269736
32395,COSMOS 2436 [GLONASS-M],0,0.0,19130.03912676416
32404,THURAYA-3,0,0.0,35786.367890315385
32487,THOR 5,0,0.0,35787.00201441182
32708,AMC-14,0,0.01,35745.94701699294
32711,NAVSTAR 62 (USA 201),1,0.98,20183.30702937273
32729,DIRECTV 11,0,0.0,35786.82147444298
32763,ICO G1,0,0.0,35786.17558329836
32767,VINASAT-1,0,0.0,35787.10209718365
32768,STAR ONE C2,0,0.0,35786.89940916141
32783,CARTOSAT-2A,0,0.0,631.5378353961505
32785,CUTE-1.7+APD II (CO-65),0,0.0,536.5338345842338
32790,CANX-2,0,0.0,548.6108555875007
32791,SEEDS II (CO-66),1,1.0,462.6763715539273
32794,AMOS-3,0,0.0,35737.50727938265
32951,GALAXY 18 (G-18),0,0.0,35786.846705067794
32953,YUBILEINY (RS30),0,0.02,1493.142734158354
32954,COSMOS 2437,1,0.98,1494.92349028048
32955,COSMOS 2438,0,0.01,1492.3477090209954
32956,COSMOS 2439,1,0.94,1493.60784678837
32958,FENGYUN 3A,0,0.0,826.7713052062745
33051,ZHONGXING-9,0,0.0,35786.60224993608
33053,FGRST (GLAST),1,1.0,493.253708778032
33055,SKYNET 5C,0,0.0,35786.98939897851
33056,TURKSAT 3A,0,0.0,35785.880679421025
33207,ECHOSTAR 11,0,0.0,35786.79988827171
33274,SUPERBIRD-C2,0,0.0,35786.53581033488
33278,INMARSAT 4-F3,0,0.0,35786.655233603095
33320,HUANJING 1A (HJ-1A),0,0.0,616.4088780560032
33321,HUANJING 1B (HJ-1B),0,0.0,618.5783171448029
33331,GEOEYE 1,0,0.0,678.1441197277054
33373,NIMIQ 4,0,0.0,35786.912024527395
33376,GALAXY 19 (G-19),0,0.0,35786.52011156438
33396,THEOS,0,0.0,824.8796358686186
33408,SHIJIAN-6 03A (SJ-6 03A),0,0.0,513.0602906638815
33409,SHIJIAN-6 03B (SJ-6 03B),0,0.0,553.2380016524776
33412,COSMO-SKYMED 3,0,0.0,544.6184390191711
33433,SHIYAN-3 (SY-3),0,0.0,789.001368504857
33434,CHUANGXIN 1-02 (CX-1-02),0,0.0,791.1874149499572
33436,ASTRA 1M,0,0.0,35786.201653946235
33446,YAOGAN-4,0,0.0,618.9571235750873
33459,EUTELSAT HOTBIRD 13C,0,0.0,35786.15848321787
33492,GOSAT (IBUKI),0,0.0,668.9503095220107
33498,STARS (KUKAI),0,0.0,579.0456082778883
33499,KKS-1 (KISEKI),0,0.0,619.1158519220262
33595,EXPRESS-AM44,0,0.0,35786.66392406172
33749,NSS-9,0,0.0,35786.49095674366
34111,TELSTAR 11N,0,0.0,35786.9563185538
34661,NAVSTAR 63 (USA 203),1,0.99,20181.522564509258
34713,WGS F2 (USA 204),0,0.0,35786.16521111633
34941,SES-7 (PROTOSTAR 2),0,0.0,35786.9137065769
35362,MEASAT-3A,0,0.0,35786.94089973394
35491,EWS-G3 (GOES 14),0,0.0,35838.94310374848
35493,FM-5,0,0.0,35786.54422039651
35496,TERRESTAR-1,0,0.0,35786.04831426253
35498,COSMOS 2451,0,0.02,1502.9118147618774
35500,COSMOS 2453,0,0.02,1500.1652656778624
35681,DEIMOS-1,0,0.0,644.2482806369262
35682,DUBAISAT-1,0,0.0,644.5148354209932
35683,UK-DMC 2,0,0.0,641.6594736802872
35684,APRIZESAT 4,0,0.0,616.8973178845226
35685,NANOSAT 1B,0,0.0,587.891933386526
35686,APRIZESAT 3,0,0.01,578.156638191912
35696,ASIASAT 5,0,0.0,35786.583187070144
35752,NAVSTAR 64 (USA 206),0,0.02,20183.269327555085
35755,JCSAT-12 (JCSAT-RA),0,0.0,35786.77746111004
35756,OPTUS D3,0,0.0,35786.861563120074
35873,NIMIQ 5,0,0.0,35786.54730408683
35931,OCEANSAT-2,0,0.0,894.946297130351
35932,SWISSCUBE,0,0.0,684.8898129725785
35933,BEESAT-1,0,0.0,687.3869478119677
35935,ITUPSAT1,0,0.0,691.532761581444
35942,AMAZONAS 2,0,0.0,35786.74185805215
35943,COMSATBW-1,0,0.0,35787.01238710848
35946,WORLDVIEW-2 (WV-2),0,0.0,765.4037549492887
35951,DMSP 5D-3 F18 (USA 210),0,0.0,842.5721303950822
36032,NSS-12,0,0.0,35786.46011996889
36033,THOR 6,0,0.0,35786.69728425094
36036,SMOS,0,0.0,759.3334782543716
36037,PROBA-2,0,0.0,709.7470133292609
36086,POISK,1,1.0,418.5676010211937
36088,SJ-11-01,0,0.0,681.1405650126017
36095,COSMOS 2455,0,0.0,904.011907657853
36097,INTELSAT 14 (IS-14),0,0.0,35786.67233418725
36101,EUTELSAT 36B,0,0.0,35786.48759272912
36106,INTELSAT 15 (IS-15),0,0.0,35786.42311591358
36108,WGS F3 (USA 211),0,0.0,35739.478297977286
36110,YAOGAN-7,0,0.0,635.4753127415479
36111,COSMOS 2456 [GLONASS-M],0,0.0,19129.74873762323
36112,COSMOS 2457 [GLONASS-M],0,0.0,19129.95541659816
36121,YAOGAN-8,1,0.91,1242.2382673388092
36122,XIWANG-1 (HOPE-1),0,0.01,1198.346967108103
36131,DIRECTV 12,0,0.0,35786.75839804607
36287,BEIDOU-2 G1,0,0.0,35787.20750713171
36395,SDO,0,0.0,35785.366572254425
36397,INTELSAT 16 (IS-16),0,0.0,35786.62327518085
36402,COSMOS 2460 [GLONASS-M],0,0.0,19129.89963680211
36411,EWS-G2 (GOES 15),0,0.0,35786.42003224597
36413,YAOGAN-9 01A,1,1.0,1088.0948411428408
36414,YAOGAN-9 01B,1,1.0,1088.0660499013975
36415,YAOGAN-9 01C,1,1.0,1088.0607421938405
36499,ECHOSTAR 14,0,0.0,35786.58262639794
36508,CRYOSAT 2,0,0.0,719.4385179033807
36516,SES-1,0,0.0,35786.77073296736
36519,COSMOS 2463,0,0.0,993.58769987691
36581,ASTRA 3B,0,0.03,35785.71024302951
36582,COMSATBW-2,0,0.0,35785.03019654829
36585,NAVSTAR 65 (USA 213),1,0.99,20182.104875233013
36588,SERVIS 2,0,0.0,1199.8212568462804
36590,BEIDOU-2 G3,0,0.0,35786.61122070398
36592,BADR-5,0,0.0,35787.79428252662
36596,SJ-12,0,0.0,514.4372950402521
36605,TANDEM-X,0,0.0,508.4002392063803
36744,COMS 1,0,0.0,36099.978523116246
36745,ARABSAT-5A,0,0.0,35786.52515759616
36792,ECHOSTAR 15,0,0.0,35786.206980212584
36795,CARTOSAT-2B,0,0.0,633.6262999057126
36798,ALSAT-2A,0,0.0,646.5699848314262
36799,TISAT 1,1,1.0,465.1359432184381
36828,BEIDOU-2 IGSO-1,0,0.01,35790.42226624744
36830,NILESAT 201,0,0.0,35786.51955089428
36831,RASCOM-QAF 1R,0,0.0,35786.48506971866
36834,YAOGAN-10,0,0.0,612.0460065165962
36868,AEHF-1 (USA 214),0,0.0,35786.44245893237
37152,COSMOS 2467,0,0.0,1493.9634068265525
37153,STRELA 3,0,0.02,1503.243459136905
37154,COSMOS 2468 (RODNIK-S 3),0,0.0,1490.7526004851643
37165,YAOGAN-11,0,0.0,622.5442728070593
37166,ZHEDA PIXING 1B,0,0.0,593.6841045419842
37167,ZHEDA PIXING 1C,0,0.0,594.5164331095684
37168,SBSS (USA 216),0,0.0,515.2927604415363
37179,SHIJIAN-6 04A (SJ-6 04A),0,0.0,510.253476660926
37180,SHIJIAN-6 04B (SJ-6 04B),0,0.0,568.7648822487463
37185,XM-5,0,0.0,35786.76092109741
37188,GLOBALSTAR M079,0,0.0,1413.602329179275
37189,GLOBALSTAR M074,0,0.0,1413.6212921252536
37190,GLOBALSTAR M076,0,0.0,1413.618176893786
37191,GLOBALSTAR M077,0,0.01,1829.51077950034
37192,GLOBALSTAR M075,0,0.0,1413.5970329083366
37193,GLOBALSTAR M073,0,0.0,1413.5996296025996
37207,BSAT-3B,0,0.0,35787.08303375275
37210,BEIDOU-2 G4,0,0.0,35786.507216156686
37214,FENGYUN 3B,0,0.0,842.8212409882881
37216,COSMO-SKYMED 4,0,0.0,622.5314663227391
37218,SKYTERRA 1,0,0.0,35786.75839804607
37224,O/OREOS (USA 219),0,0.0,585.6893527171405
37225,FASTSAT-HSV01 (USA 220),0,0.0,622.4323479413279
37237,HYLAS 1,0,0.0,35680.792469992535
37238,INTELSAT 17 (IS-17),0,0.0,35786.70317135002
37256,BEIDOU-2 IGSO-2,0,0.02,35788.155665586324
37258,EUTELSAT KA-SAT 9A,0,0.0,35787.03761801889
37264,HISPASAT 30W-5,0,0.0,35785.40749842311
37265,KOREASAT 6,0,0.0,35786.478341692615
37384,BEIDOU-2 IGSO-3,0,0.02,35791.152723857624
37387,RESOURCESAT-2,0,0.0,819.9330636643572
37388,YOUTHSAT,0,0.0,806.313193237198
37389,X-SAT,0,0.0,807.7497416187744
37392,INTELSAT 28 (IS-28),0,0.0,35786.46124130516
37393,YAHSAT 1A,0,0.0,35795.02537856291
37481,SBIRS GEO-1 (USA 230),0,0.0,35786.420873246185
37605,GSAT-8,0,0.0,35786.60056791763
37606,ST-2,0,0.0,35786.03485856158
37677,ZHONGXING-10,0,0.0,35786.89968950278
37730,SJ-11-03,0,0.0,679.0542084090566
37739,GLOBALSTAR M083,0,0.0,1413.636460919004
37740,GLOBALSTAR M088,0,0.0,1413.5903621711868
37741,GLOBALSTAR M091,0,0.0,1413.6115678397164
37742,GLOBALSTAR M085,0,0.0,1413.61115631751
37743,GLOBALSTAR M081,0,0.0,1413.606699535501
37744,GLOBALSTAR M089,0,0.0,1413.5981110917455
37748,SES-3,0,0.0,35786.79848657324
37749,KAZSAT-2,0,0.0,35786.45283128491
37753,NAVSTAR 66 (USA 232),1,0.97,20182.38906787437
37763,BEIDOU-2 IGSO-4,1,0.9,35785.715288819
37765,SJ-11-02,0,0.0,678.5961238937371
37775,ASTRA 1N,0,0.0,35787.48869699772
37776,BSAT-3C (JCSAT-110R),0,0.0,35787.36870712954
37779,PAKSAT-1R,0,0.0,35786.91230486897
37781,HAIYANG-2A,0,0.0,990.3024407090488
37789,NIGERIASAT-2,0,0.01,659.2860244357844
37790,NIGERIASAT-X,0,0.0,690.275133012582
37791,RASAT,0,0.01,666.7849568267093
37792,APRIZESAT 5,0,0.0,625.6675691071096
37793,APRIZESAT 6,0,0.0,638.8522723033957
37809,SES-2,0,0.0,35786.61066003083
37810,ARABSAT-5C,0,0.0,35787.046869362166
37816,EUTELSAT 7 WEST A,0,0.0,35786.970896360086
37818,TACSAT 4,1,0.99,6196.733285377318
37826,QUETZSAT 1,0,0.0,35786.339857086
37834,INTELSAT 18 (IS-18),0,0.0,35786.328643807305
37836,EUTELSAT 16A,0,0.0,35786.53468899364
37839,JUGNU,0,0.0,846.4345342243159
37841,SRMSAT,0,0.0,853.9518517285887
37843,VIASAT-1,0,0.0,35786.82848294609
37846,GSAT0101 (GALILEO-PFM),0,0.0,23222.004214460503
37847,GSAT0102 (GALILEO-FM2),0,0.0,23221.97076126061
37849,SUOMI NPP,0,0.0,826.9539467749228
37867,COSMOS 2476 [GLONASS-M],0,0.0,19129.73437398906
37868,COSMOS 2477 [GLONASS-M],0,0.0,19129.801484253312
37869,COSMOS 2475 [GLONASS-M],0,0.0,19129.893412466092
37875,YAOGAN-12,1,1.0,484.555837184017
37930,CHUANGXIN 1-03 (CX-1-03),0,0.0,789.8974002080231
37931,SHIYAN-4 (SY-4),0,0.0,787.9047673063014
37933,ASIASAT 7,0,0.0,35786.01803895048
37951,LUCH-5A,0,0.0,35787.455054892496
38011,SSOT,0,0.0,621.1230507099599
38012,PLEIADES 1A,0,0.0,697.833539254576
38014,NIGCOMSAT 1R,0,0.03,35803.759712449166
38038,ZIYUAN 1-02C (ZY 1-02C),0,0.0,764.2803712579525
38040,GLOBALSTAR M084,0,0.0,1413.589604975522
38041,GLOBALSTAR M080,0,0.0,1413.6379259501982
38042,GLOBALSTAR M082,0,0.0,1413.5684735294026
38043,GLOBALSTAR M092,0,0.0,1413.5952263346826
38044,GLOBALSTAR M090,0,0.0,1413.5897078553571
38045,GLOBALSTAR M086,0,0.0,1413.512960442143
38070,WGS F4 (USA 233),0,0.0,35786.47525801491
38077,LARES,0,0.0,1443.9317196834372
38087,SES-4,0,0.0,35786.16268815409
38091,BEIDOU-2 G5,0,0.0,35787.780545076654
38093,MUOS-1,0,0.0,35786.99472549364
38098,INTELSAT 22 (IS-22),0,0.0,35786.36368532801
38107,APSTAR-7,0,0.0,35786.82876328627
38245,YAHSAT 1B,0,0.0,35787.33730805262
38250,BEIDOU-2 M3,0,0.0,21528.14197204423
38251,BEIDOU-2 M4,0,0.0,21528.18412946949
38254,AEHF-2 (USA 235),0,0.0,35786.91230486897
38257,YAOGAN-14,1,1.0,480.3944821844707
38331,JCSAT-13,0,0.0,35786.778582467414
38332,VINASAT-2,0,0.0,35787.19741466135
38337,GCOM-W1 (SHIZUKU),0,0.0,702.526155475518
38338,ARIRANG-3 (KOMPSAT-3),0,0.0,685.9279706611878
38339,SDS-4,0,0.0,642.301757629426
38342,NIMIQ 6,0,0.0,35786.8307256677
38352,ZHONGXING-2A,0,0.0,35786.28939739054
38354,YAOGAN-15,0,0.01,1190.8917939067378
38356,INTELSAT 19 (IS-19),0,0.0,35786.607295992435
38358,NUSTAR,0,0.03,538.495819442529
38551,ECHOSTAR 17,0,0.0,35786.89968950278
38552,METEOSAT-10 (MSG-3),0,0.0,35785.69342374214
38652,SES-5,0,0.0,35787.24563429644
38709,EXACTVIEW-1 (ADS-1B),0,0.0,808.4997818191032
38711,MKA-PN 1,0,0.0,807.0025417364413
38733,COSMOS 2481,0,0.02,1496.2963819965498
38734,GONETS-M 3,0,0.0,1485.8836306207768
38736,GONETS-M 4,0,0.0,1490.091009774882
38740,INTELSAT 20 (IS-20),0,0.0,35787.18031354482
38741,HYLAS 2,0,0.0,35713.214297552186
38745,EXPRESS-MD2,1,0.92,1479.1208839207538
38749,INTELSAT 21 (IS-21),0,0.0,35786.667288111435
38755,SPOT 6,0,0.0,697.8586725743189
38759,SMDC ONE 1.2,0,0.11,500.56584678864056
38764,CINEMA,1,1.0,412.4595518001197
38771,METOP-B,0,0.0,820.4474913319191
38775,BEIDOU-2 M6,0,0.0,21528.062352886293
38778,ASTRA 2F,0,0.0,35786.18231120363
38779,GSAT-10,0,0.0,35786.16465045801
38782,VRSS-1,0,0.0,629.0052313478818
38833,NAVSTAR 67 (USA 239),1,1.0,20181.795882851264
38857,GSAT0103 (GALILEO-FM3),0,0.0,23222.25714223132
38860,SJ-9A,0,0.0,611.7794667338821
38861,SJ-9B,0,0.0,593.2950887764191
38867,INTELSAT 23 (IS-23),0,0.0,35787.633639168416
38953,BEIDOU-2 G6,0,0.0,35787.122842706456
38977,LUCH-5B,0,0.0,35786.0914847089
38978,YAMAL 300K,0,0.0,35787.19741466135
38991,STAR ONE C3,0,0.0,35787.39562067057
38992,EUTELSAT 21B,0,0.0,35786.32724214799
39008,ECHOSTAR 16,0,0.0,35786.820913762866
39011,YAOGAN-16 01A,1,1.0,1088.782129481359
39012,YAOGAN-16 01B,1,1.0,1088.7934615036183
39013,YAOGAN-16 01C,1,1.0,1088.8246534591526
39017,ZHONGXING-12,0,0.0,35787.14583101831
39019,PLEIADES 1B,0,0.0,697.8728224954257
39020,EUTELSAT 70B,0,0.0,35786.67401621285
39022,YAMAL 402,0,0.0,35786.32079451664
39030,GOKTURK 2,0,0.0,643.2935699957579
39034,SKYNET 5D,0,0.0,35785.60708499769
39035,MEXSAT 3,0,0.0,35785.41030158898
39057,COSMOS 2482 (RODNIK-S 4),0,0.0,1493.9236471933264
39058,COSMOS 2483 (RODNIK-S 5),0,0.0,1489.583026525981
39059,COSMOS 2484 (RODNIK-S 6),0,0.0,1494.1594932954022
39070,TDRS 11,0,0.0,35786.73148552184
39072,GLOBALSTAR M097,0,0.0,1413.5836585268307
39073,GLOBALSTAR M093,0,0.0,1413.6026378200522
39074,GLOBALSTAR M094,0,0.01,1413.6122962341533
39075,GLOBALSTAR M096,0,0.0,1413.5645188579329
39076,GLOBALSTAR M078,0,0.01,1413.6233168216158
39077,GLOBALSTAR M095,0,0.0,1413.612958785175
39078,AMAZONAS 3,0,0.0,35787.22236550183
39079,AZERSPACE 1,0,0.0,35786.72027198276
39084,LANDSAT 8,0,0.0,702.5292395723118
39086,SARAL,0,0.0,782.0522916553919
39088,SAPPHIRE,0,0.0,774.225975413502
39089,NEOSSAT,0,0.0,772.2681105604661
39090,STRAND-1,0,0.0,767.7966667376168
39091,BRITE-AUSTRIA,0,0.0,769.8855792232944
39120,SBIRS GEO-2 (USA 241),0,0.0,35786.700087631194
39122,EUTELSAT 117 WEST A,0,0.0,35786.9560382115
39127,ANIK G1,0,0.0,35786.70933878933
39150,GAOFEN-1,0,0.0,640.2581950277354
39151,NEE-01 PEGASO,0,0.0,585.8322502756046
39155,COSMOS 2485 [GLONASS-M],0,0.0,19129.782731638006
39157,ZHONGXING-11,0,0.0,35786.64934652077
39159,PROBA-V,0,0.0,813.1795218356092
39160,VNREDSAT 1,0,0.0,677.9825365355109
39163,EUTELSAT 7B,0,0.0,35786.54309905472
39166,NAVSTAR 68 (USA 242),1,1.0,20182.243924736795
39168,WGS F5 (USA 243),0,0.0,35786.79035672436
39172,SES-6,0,0.0,35787.10405959687
39177,COSMOS 2486,0,0.0,705.4249576821912
39188,O3B FM5,0,0.0,8065.888235100149
39189,O3B FM4,0,0.0,8065.889756185988
39190,O3B FM2,0,0.0,8065.879551440547
39191,O3B PFM,0,0.0,8065.880648931173
39197,IRIS,0,0.0,610.515135497616
39199,IRNSS-1A,0,0.0,35785.28696273129
39202,SJ-11-05,0,0.0,677.2699703040889
39206,MUOS-2,0,0.0,35786.88202800596
39208,SHIYAN-7 (SY-7),0,0.0,653.6144888046665
39209,CHUANGXIN-3 (CX-3),0,0.0,646.1167499983148
39210,SHIJIAN-15 (SJ-15),0,0.0,656.0885037694061
39215,ALPHASAT,0,0.0,35787.05415830286
39216,INSAT-3D,0,0.0,35786.73288721476
39222,WGS F6 (USA 244),0,0.0,35786.86913232155
39227,ARIRANG-5 (KOMPSAT-5),0,0.0,553.1247290880156
39233,ES'HAIL 1,0,0.0,35786.384149609774
39234,GSAT-7,0,0.0,35786.52964295901
39237,AMOS-4,0,0.0,35786.77129364581
39239,YAOGAN-17 01A,1,0.98,1088.8231476841563
39240,YAOGAN-17 01B,1,1.0,1088.9468864439614
39241,YAOGAN-17 01C,1,1.0,1088.9235035137744
39249,GONETS-M 5,0,0.0,1494.360507161442
39250,GONETS-M 6,0,0.0,1493.7730658809023
39251,GONETS-M 7,0,0.0,1494.264235943021
39253,HISAKI (SPRINT-A),1,0.94,1051.915860959608
39256,AEHF-3 (USA 246),0,0.01,35787.61541619649
39260,FENGYUN 3C,0,0.0,839.710805287662
39265,CASSIOPE,1,1.0,480.7202241177547
39269,POPACS 2,1,0.95,588.6536638900179
39270,POPACS 3,1,0.99,702.7990786463561
39285,ASTRA 2E,0,0.0,35786.34826704992
39358,SHIJIAN-16 (SJ-16),0,0.0,589.4688392273911
39360,FM-6,0,0.0,35786.49263875117
39375,RADUGA-1M 3,0,0.0,35787.20105916384
39410,YAOGAN-19,1,0.85,1201.6248249625978
39416,APRIZESAT 7,0,0.0,592.7257767515812
39417,ZACUBE-1 (TSHEPISOSAT),0,0.0,562.3367682284797
39418,SKYSAT-A,0,0.02,526.3493200804533
39419,DUBAISAT-2,0,0.0,534.6126521910273
39420,OPTOS,1,0.95,653.3195982650914
39422,STSAT-3,0,0.0,557.5780863848468
39423,WNISAT-1,1,0.9,699.1154225692953
39425,APRIZESAT 8,0,0.0,605.0259913107066
39427,TRITON-1,0,0.03,623.3750717861667
39430,GOMX-1,1,0.99,662.3727077359454
39440,CUBEBUG-2 (LO-74),0,0.02,585.1906857982212
39441,NEE-02 KRYSAOR,0,0.0,607.8838004552836
39444,FUNCUBE-1 (AO-73),0,0.0,535.7922063066881
39446,UWE-3,0,0.0,575.1843255528693
39451,SWARM B,1,1.0,479.23479305518777
39452,SWARM A,1,1.0,416.3528917325202
39453,SWARM C,1,1.0,416.35391739700935
39455,SHIYAN-5 (SY-5),0,0.0,746.297331927788
39460,SES-8,0,0.0,35786.876981867405
39467,ALICE,1,0.9,537.763729291788
39469,SMDC ONE 2.4,1,0.92,507.1963391968902
39473,TACSAT 6,1,1.0,332.4575043639352
39474,SMDC ONE 2.3,1,1.0,327.3851409183326
39476,INMARSAT 5-F1,0,0.0,35786.8607220979
39481,TKSAT-1 (TUPAC KATARI),0,0.0,35786.61009935772
39483,COSMOS 2488 (RODNIK-S 7),0,0.0,1494.3049499611625
39484,COSMOS 2489 (RODNIK-S 8),0,0.0,1494.4132361033026
39485,COSMOS 2490 (RODNIK-S 9),0,0.0,1494.4181344882
39487,EXPRESS-AM5,0,0.0,35787.241429090216
39490,COSMOS 2493 (SKRL-756 1),0,0.0,559.5443631544931
39491,COSMOS 2494 (SKRL-756 2),0,0.0,551.1153781380053
39498,GSAT-14,0,0.0,35786.77409703837
39500,THAICOM 6,0,0.0,35786.36985264319
39504,TDRS 12,0,0.0,35788.628643321914
39508,ABS-2,0,0.0,35786.64822517198
39509,ATHENA-FIDUS,0,0.0,35786.14502742902
39522,TURKSAT 4A,0,0.0,35786.9557578692
39533,NAVSTAR 69 (USA 248),0,0.15,20182.2626413804
39574,GPM-CORE,1,1.0,430.2855191284352
39612,EXPRESS-AT1,0,0.01,35775.10816942377
39613,EXPRESS-AT2,0,0.0,35786.71802927584
39616,AMAZONAS 4A,0,0.0,35787.11359132151
39617,ASTRA 5B,0,0.0,35786.906417696904
39620,COSMOS 2492 [GLONASS-M],0,0.0,19129.770362910607
39624,SJ-11-06,0,0.0,687.0604213095421
39634,SENTINEL-1A,0,0.0,695.5033008173032
39635,IRNSS-1B,0,0.0,35786.45451328863
39727,LUCH-5V,0,0.0,35785.759299380145
39728,KAZSAT-3,0,0.0,35787.69167245637
39731,KAZEOSAT 1,0,0.0,751.7499473930484
39741,NAVSTAR 70 (USA 251),0,0.08,20182.779834133
39761,COSMOS 2496 (RODNIK-S *),1,0.96,1494.4208834989258
39762,COSMOS 2497 (RODNIK-S *),0,0.0,1494.3509470474291
39763,COSMOS 2498 (RODNIK-S *),0,0.0,1493.9883851007517
39766,ALOS-2,0,0.0,630.9803449504125
39767,UNIFORM 1,0,0.01,579.0992763296044
39768,SOCRATES,0,0.0,582.5323585115029
39769,RISING 2,0,0.0,569.9022474262965
39773,EUTELSAT 3B,0,0.0,35787.10686304474
40001,COSMOS 2500 [GLONASS-M],0,0.0,19129.55570802959
40010,KAZEOSAT 2,0,0.0,611.9462236543995
40011,HODOYOSHI-4,0,0.0,603.4257837126224
40012,UNISAT-6,0,0.01,602.7540925350349
40013,DEIMOS-2,0,0.0,585.9429323967124
40014,BUGSAT-1 (TITA),0,0.0,517.6642065426531
40015,HODOYOSHI-3,0,0.0,612.0587839241125
40016,SAUDISAT 4,0,0.0,630.5925006725274
40018,APRIZESAT 9,0,0.0,647.4461176930581
40019,APRIZESAT 10,0,0.0,658.0733510930131
40020,BRITE-CA1 (TORONTO),0,0.0,652.2450915980698
40021,DUCHIFAT-1,1,1.0,334.9305246663744
40024,NANOSATC-BR1,1,1.0,466.789184856616
40025,QB50P1,0,0.0,508.8778110279909
40030,DTUSAT-2,0,0.0,519.082193356152
40032,QB50P2,0,0.0,518.580173764456
40037,PERSEUS-M2,0,0.0,580.3647390464339
40039,PERSEUS-M1,0,0.0,579.9504986696547
40042,POLYITAN-1,1,1.0,460.9547867124948
40043,TIGRISAT,0,0.0,612.6035454199991
40044,LEMUR-1,0,0.0,612.3266366725038
40045,AEROCUBE 6A,0,0.02,571.3332714361786
40046,AEROCUBE 6B,0,0.0,566.7932832704446
40053,SPOT 7,0,0.0,689.9535137330231
40055,CANX-4,0,0.0,625.0809157006761
40056,CANX-5,0,0.0,625.0258868992796
40059,OCO 2,0,0.0,702.3970734864597
40061,GONETS-M 8,0,0.0,1493.9682454017202
40062,GONETS-M 9,0,0.0,1494.112358973921
40063,GONETS-M 10,0,0.01,1494.137824002567
40069,METEOR-M 2,0,0.01,820.365539453529
40071,DX1,0,0.0,597.5399518066461
40072,SKYSAT-B,0,0.01,603.7436550237999
40074,UKUBE-1,0,0.0,523.1470485439713
40076,TECHDEMOSAT-1 (TDS-1),0,0.0,524.0766181379922
40079,O3B FM3,0,0.0,8065.886040116221
40080,O3B FM7,0,0.0,8065.887811506692
40081,O3B FM6,0,0.0,8065.885616522929
40082,O3B FM8,0,0.0,8065.879012322422
40086,ORBCOMM FM109,0,0.01,696.7739868812077
40105,NAVSTAR 71 (USA 256),0,0.04,20182.38959759748
40107,ASIASAT 8 (AMOS-7),0,0.0,35787.72559538867
40109,YAOGAN-20 01A,1,1.0,1089.0673521333692
40110,YAOGAN-20 01B,1,0.99,1089.0753034319887
40111,YAOGAN-20 01C,1,0.96,1089.0390695098276
40115,WORLDVIEW-3 (WV-3),0,0.0,613.2839200065855
40118,GAOFEN-2,0,0.0,626.3052645869993
40119,BRITE-PL2 (HEWELIUSZ),0,0.0,583.1365067692823
40128,GSAT0201 (GALILEO 5),1,0.96,21599.34216309045
40129,GSAT0202 (GALILEO 6),1,0.96,21599.279427960235
40136,LING QIAO,0,0.0,790.799138624212
40137,CHUANGXIN 1-04 (CX-1-04),0,0.0,790.3258628235344
40141,ASIASAT 6,0,0.0,35786.9714570452
40143,YAOGAN-21,1,1.0,484.7351209187618
40146,OPTUS 10,0,0.0,35786.81194288343
40147,MEASAT-3B,0,0.0,35786.86604857239
40261,SJ-11-07,0,0.0,680.9803470013603
40267,HIMAWARI-8,0,0.0,35787.27451007414
40269,IRNSS-1C,0,0.0,35787.47047418239
40271,INTELSAT 30 (IS-30),0,0.0,35786.55963885373
40272,ARSAT 1,0,0.0,35787.043224893
40275,YAOGAN-22,0,0.01,1201.832887821476
40277,EUTELSAT 53A,0,0.0,35789.967744099675
40286,SJ-11-08,0,0.0,673.1432817032464
40294,NAVSTAR 72 (USA 258),0,0.04,20183.01733804543
40296,MERIDIAN 7,1,1.0,20178.914917324764
40298,ASNARO,0,0.01,506.8140020554984
40310,YAOGAN-24,0,0.0,641.5211293174198
40315,COSMOS 2501 [GLONASS-K],0,0.04,19129.933870718047
40332,GSAT-16,0,0.0,35786.380505283814
40333,DIRECTV 14,0,0.0,35786.60981902118
40336,CBERS 4,0,0.0,773.3323916181025
40338,YAOGAN-25 01A,1,0.99,1089.174198783633
40339,YAOGAN-25 01B,1,1.0,1089.094229013851
40340,YAOGAN-25 01C,1,0.99,1089.4104205182912
40345,YAMAL 401,0,0.0,35785.93366082128
40348,O3B FM10,0,0.0,8065.888754964885
40349,O3B FM11,0,0.0,8065.890834424296
40350,O3B FM12,0,0.0,8065.882112252334
40351,O3B FM9,0,0.0,8065.8802253382755
40358,COSMOS 2502,0,0.0,901.3318030021056
40362,YAOGAN-26,1,1.0,418.6462391006789
40364,ASTRA 2G,0,0.0,35786.27341851844
40367,FENGYUN 2G,0,0.0,35786.724757397504
40374,MUOS-3,0,0.0,35786.48871406723
40376,SMAP,0,0.0,682.3870187199082
40384,INMARSAT 5-F2,0,0.0,35786.740736697204
40420,COSMOS 2503,0,0.0,546.1987132230261
40424,ABS-3A,0,0.0,35787.18844358167
40425,EUTELSAT 115 WEST B,0,0.0,35786.47750068955
40482,MMS 1,1,1.0,91478.8708813059
40483,MMS 2,1,1.0,91478.9398905782
40484,MMS 3,1,1.0,91478.58104369094
40485,MMS 4,1,1.0,91478.90998654524
40505,EXPRESS-AM7,0,0.0,35787.69559742026
40534,NAVSTAR 73 (USA 260),1,0.99,20181.38476035011
40536,KOMPSAT-3A,1,1.0,396.95851637074793
40544,GSAT0203 (GALILEO 7),0,0.0,23221.91728263911
40545,GSAT0204 (GALILEO 8),0,0.0,23221.98326279137
40549,BEIDOU-3S IGSO-1S,0,0.04,35779.32572572948
40552,GONETS-M 11,1,0.96,1494.4164496118465
40553,GONETS-M 12,1,0.98,1494.3633743567716
40554,GONETS-M 13,1,0.99,1494.448044360608
40555,COSMOS 2504,1,1.0,1030.6038424143635
40613,THOR 7,0,0.0,35786.78362857652
40617,TURKMENALEM52E/MONACOSAT,0,0.0,35785.90478733914
40663,DIRECTV 15,0,0.0,35786.7875533291
40664,SKY MEXICO-1,0,0.0,35786.667288111435
40697,SENTINEL-2A,0,0.0,788.9911332147885
40699,COSMOS 2506,0,0.0,711.3073254343135
40701,GAOFEN-8,1,1.0,423.34160268499727
40715,DMC3-FM1,0,0.0,611.1052722856675
40716,DMC3-FM2,0,0.0,611.0881464385557
40717,DMC3-FM3,0,0.0,611.1320008591483
40718,CARBONITE 1 (CBNT-1),0,0.0,617.5674250308075
40730,NAVSTAR 74 (USA 262),1,0.99,20183.10050981565
40732,METEOSAT-11 (MSG-4),0,0.0,35784.54330459751
40733,STAR ONE C4,0,0.0,35787.14639170923
40746,WGS F7 (USA 263),0,0.0,35787.12200167127
40748,BEIDOU-3S M2S,0,0.0,21527.922596164317
40749,BEIDOU-3S M1S,0,0.0,21525.677038497743
40874,INTELSAT 34 (IS-34),0,0.0,35787.0642506875
40875,EUTELSAT 8 WEST B,0,0.0,35786.581785389666
40878,YAOGAN-27,0,0.0,1199.7625902474538
40880,GSAT-6,0,0.0,35787.13181375126
40882,INMARSAT 5-F3,0,0.0,35787.02780599369
40887,MUOS-4,0,0.0,35786.72840179786
40890,GSAT0206 (GALILEO 10),0,0.0,23222.25725798897
40892,TJS-1,0,0.0,35786.335371773625
40894,GAOFEN-9 01,0,0.0,619.9544679018218
40895,EXPRESS-AM8,0,0.0,35786.863805846086
40908,LILACSAT-2,1,1.0,407.6202321883211
40920,COSMOS 2507 (RODNIK-S *),0,0.0,1494.214900142747
40921,COSMOS 2508 (RODNIK-S *),0,0.0,1494.2653929198832
40922,COSMOS 2509 (RODNIK-S *),0,0.0,1494.394833446052
40930,ASTROSAT,0,0.0,621.165212079708
40938,BEIDOU-3S IGSO-2S,0,0.0,35792.8170515629
40940,SKY MUSTER 1 (NBN1A),0,0.0,35787.23694353808
40941,ARSAT 2,0,0.0,35786.995846865466
40946,MORELOS 3,0,0.0,35786.5672079197
40959,LINGQIAO VIDEO A,0,0.01,637.3711417268714
40960,LINGQIAO VIDEO B,0,0.01,637.0411901696598
40961,JILIN-1,0,0.0,634.9068991582117
40965,AEROCUBE 5C,1,0.98,592.5431326040934
40966,AEROCUBE 7,1,0.99,578.8881846567019
40967,FOX-1A (AO-85),1,0.99,594.0469329624548
40968,SINOD-D 1,1,0.97,578.3070995174503
40970,SNAP-3 ALICE,1,1.0,348.65423329840814
40971,LMRST-SAT,1,1.0,595.2815850664083
40972,SNAP-3 EDDIE,1,1.0,339.9446231988795
40973,PROPCUBE 3,1,1.0,583.6052932412103
40974,BISONSAT,0,0.06,513.6335163310232
40975,SNAP-3 JIMI,1,0.92,557.9982444886482
40976,PROPCUBE 1 (FLORA),1,0.99,599.6007215078689
40977,SINOD-D 3,1,1.0,584.3044728040704
40982,APSTAR-9,0,0.0,35787.31095530104
40984,TURKSAT 4B,0,0.0,35787.262455131815
41019,NAVSTAR 75 (USA 265),1,0.98,20181.9215092412
41021,ZHONGXING-2C,0,0.0,35787.59691289129
41026,YAOGAN-28,1,1.0,481.717405213738
41028,GSAT-15,0,0.0,35786.775498734816
41029,BADR-7 (ARABSAT-6B),0,0.0,35786.61598642636
41032,COSMOS 2510,1,1.0,20165.172900878744
41034,LAOSAT 1,0,0.0,35786.921836485235
41036,TELSTAR 12V,0,0.0,35786.700087631194
41038,YAOGAN-29,0,0.0,619.4767297258386
41105,ELEKTRO-L 2,0,0.0,35786.678501615286
41121,COSMOS 2513,0,0.0,35786.73905466495
41166,VELOX-CI,1,1.0,411.5098070633512
41167,KENT RIDGE 1,1,1.0,495.56985553957657
41173,DAMPE,1,1.0,473.1139324718824
41174,GSAT0209 (GALILEO 12),0,0.0,23222.21685863652
41175,GSAT0208 (GALILEO 11),0,0.0,23222.243019806047
41182,ORBCOMM FM110,0,0.0,696.5691113360417
41183,ORBCOMM FM118,0,0.0,696.624689942747
41184,ORBCOMM FM112,0,0.0,696.5125834005448
41185,ORBCOMM FM113,0,0.0,696.7181693364819
41187,ORBCOMM FM108,0,0.0,696.5951515489633
41188,ORBCOMM FM117,0,0.0,696.640353143016
41189,ORBCOMM FM116,0,0.0,696.6261188626868
41191,EXPRESS-AMU1,0,0.0,35786.848387110804
41194,GAOFEN-4,0,0.0,35787.12508546722
41238,BELINTERSAT-1,0,0.0,35787.114712701245
41240,JASON-3,0,0.02,1310.9467650663955
41241,IRNSS-1E,0,0.0,35787.758957677885
41310,EUTELSAT 9B,0,0.0,35787.249839503704
41328,NAVSTAR 76 (USA 266),0,0.15,20181.261258974235
41330,COSMOS 2514 [GLONASS-M],0,0.0,19129.8449744938
41335,SENTINEL-3A,0,0.0,802.6612390083656
41380,SES-9,0,0.0,35786.915388626585
41382,EUTELSAT 65 WEST A,0,0.0,35786.93697494568
41384,IRNSS-1F,0,0.0,35784.941899037105
41394,COSMOS 2515,0,0.0,542.0468014962435
41434,BEIDOU-2 IGSO-6,0,0.0,35781.84140782975
41469,IRNSS-1G,0,0.0,35785.24519591346
41471,JCSAT-2B,0,0.0,35787.113310976594
41473,YAOGAN-30 01,0,0.0,640.9545804539121
41549,GSAT0211 (GALILEO 14),0,0.0,23222.25031253175
41550,GSAT0210 (GALILEO 13),0,0.0,23222.2194052965
41552,THAICOM 8,0,0.0,35786.73625127822
41556,ZIYUAN 3-02 (ZY 3-02),0,0.0,501.8840207565963
41579,COSMOS 2517 (GEO-IK 2),0,0.0,943.007981908775
41581,INTELSAT 31 (IS-31),0,0.0,35786.682146005645
41586,BEIDOU-2 G7,0,0.0,35786.58711177607
41588,ABS-2A (MONGOLSAT-1),0,0.0,35786.91566896821
41589,EUTELSAT 117 WEST B,0,0.0,35786.301171305975
41591,BRISAT,0,0.0,35786.82820260591
41592,ECHOSTAR 18,0,0.0,35786.50889816583
41599,CARTOSAT-2C,0,0.0,507.9695970182793
41601,SKYSAT-C1,1,1.0,454.69635345275583
41603,LAPAN-A3,1,1.0,465.66512566965866
41622,MUOS-5,1,0.72,35786.731765860415
41634,SJ 16-02,0,0.0,586.4944257510451
41725,TIANTONG-1 1,0,0.0,35786.737652971526
41727,GAOFEN-3,0,0.0,751.1676915513472
41729,JCSAT-16,0,0.0,35787.007621274075
41744,USA 270,0,0.0,35790.68780706272
41745,USA 271,0,0.0,35787.3143194798
41747,INTELSAT 36 (IS-36),0,0.0,35786.62411619118
41752,INSAT-3DR,0,0.0,35786.387793936534
41770,PERUSAT 1,0,0.0,697.8877196088097
41771,SKYSAT-C4,1,1.0,416.3611993338
41772,SKYSAT-C5,1,1.0,463.882790334148
41773,SKYSAT-C2,1,1.0,436.78665425453073
41774,SKYSAT-C3,1,1.0,403.1296466629492
41784,PISAT,0,0.0,664.0395987379507
41785,ALSAT-1B,0,0.01,653.7012301973018
41786,ALSAT-2B,0,0.0,658.094127432737
41787,PATHFINDER 1,0,0.01,668.35761723406
41790,SCATSAT 1,0,0.0,630.4555914159782
41793,GSAT-18,0,0.0,35786.79792589387
41794,SKY MUSTER 2 (NBN1B),0,0.0,35787.06929688208
41836,HIMAWARI-9,0,0.0,35787.08023030884
41838,SHIJIAN-17 (SJ-17),0,0.0,35899.20545503355
41847,CAS-2T & KS-1Q,1,0.98,742.6828308284885
41849,RAVAN,1,1.0,387.6355372882144
41850,CELTEE 1,0,0.02,505.40613316679537
41851,OPTICUBE 04,0,0.0,536.6457343995453
41852,AEROCUBE 8D,1,1.0,490.5944798469036
41853,AEROCUBE 8C,1,1.0,489.832114664674
41857,YUNHAI-1 01,0,0.0,782.5945797211971
41859,GSAT0207 (GALILEO 15),0,0.0,23222.23873677876
41860,GSAT0212 (GALILEO 16),0,0.0,23222.200305359995
41861,GSAT0213 (GALILEO 17),0,0.0,23222.159906201865
41862,GSAT0214 (GALILEO 18),0,0.0,23222.213964705385
41866,GOES 16,0,0.0,35786.91314589372
41869,TIANLIAN 1-04,0,0.0,35787.30030207272
41875,GOKTURK 1A,0,0.0,684.124438386898
41877,RESOURCESAT-2A,0,0.0,819.8970095070799
41879,WGS F8 (USA 272),0,0.0,35787.41804865424
41882,FENGYUN 4A,0,0.0,35785.86918612336
41884,CYGFM05,1,1.0,390.8367572845828
41885,CYGFM04,1,1.0,374.84474705999946
41886,CYGFM02,1,1.0,364.6516310773832
41887,CYGFM01,1,1.0,388.6285513369803
41888,CYGFM08,1,1.0,379.7994856905807
41890,CYGFM07,1,1.0,379.495564880358
41891,CYGFM03,1,1.0,379.5332760140264
41893,ECHOSTAR 19,0,0.0,35787.10658269994
41896,ARASE (ERG),1,0.99,16090.601862722377
41898,TANSAT,0,0.0,693.2189289404905
41899,YIJIAN,0,0.0,690.5327638207718
41900,SPARK 1,0,0.0,693.7016835730637
41901,SPARK 2,0,0.0,695.7213496300201
41903,JCSAT-110A (JCSAT-15),0,0.0,35786.954916842325
41904,STAR ONE D1,0,0.0,35786.28266944254
41911,TJS-2,0,0.0,35786.87165538946
41914,JILIN-1 03,1,1.0,437.943611134554
41917,IRIDIUM 106,0,0.0,777.6683484698024
41918,IRIDIUM 103,0,0.0,777.6707533350946
41919,IRIDIUM 109,0,0.0,777.6694161898276
41920,IRIDIUM 102,0,0.0,777.6691900061141
41921,IRIDIUM 105,0,0.0,777.6678694927241
41922,IRIDIUM 104,0,0.0,777.6783471346189
41923,IRIDIUM 114,0,0.0,777.6617824993318
41924,IRIDIUM 108,0,0.0,777.6669980207434
41925,IRIDIUM 112,0,0.0,777.6678462091177
41926,IRIDIUM 111,0,0.0,777.6680291517414
41937,SBIRS GEO-4 (USA 273),0,0.0,35786.1506340064
41942,HISPASAT 36W-1,0,0.0,35786.7188702909
41944,TELKOM 3S,0,0.0,35787.39337787385
41945,INTELSAT 32E (IS-32E),0,0.0,35786.48731239461
41948,CARTOSAT-2D,0,0.0,508.150743253037
42063,SENTINEL-2B,0,0.0,788.988338135403
42070,ECHOSTAR 23,0,0.0,35786.66868979901
42075,WGS F9 (USA 275),0,0.0,35786.8567973283
42432,SES-10,0,0.0,35786.4276012493
42662,CHINASAT 16 (SJ-13),0,0.0,35786.79680453521
42691,KOREASAT 7,0,0.0,35786.21735242031
42692,SGDC,0,0.0,35787.15171827394
42695,GSAT-9,0,0.0,35786.022524178465
42698,INMARSAT 5-F4,0,0.0,35787.07322170113
42709,SES-15,0,0.0,35787.7499862995
42719,COSMOS 2518,1,1.0,20165.068626818396
42738,QZS-2 (MICHIBIKI-2),1,0.95,35786.79035672436
42740,VIASAT-2,0,0.0,35786.69392019526
42741,EUTELSAT 172B,0,0.0,35786.372936301625
42747,GSAT-19,0,0.0,35786.71242250983
42749,ECHOSTAR 21,0,0.0,35786.48535005313
42758,HXMT (HUIYAN),0,0.01,509.2206065066739
42767,CARTOSAT-2E,0,0.0,507.9403931831293
42801,BULGARIASAT-1,0,0.0,35786.15119466425
42803,IRIDIUM 113,0,0.0,777.6681156337127
42804,IRIDIUM 123,0,0.0,777.6670013469729
42805,IRIDIUM 120,0,0.0,777.6684249730934
42806,IRIDIUM 115,0,0.0,747.6787379845155
42807,IRIDIUM 118,0,0.0,777.6604586631383
42808,IRIDIUM 117,0,0.0,777.6666853552906
42809,IRIDIUM 126,0,0.0,777.6692498782713
42810,IRIDIUM 124,0,0.0,747.6865618653437
42811,IRIDIUM 128,0,0.0,777.667729791091
42812,IRIDIUM 121,0,0.0,777.6677264648615
42814,HELLAS-SAT 3,0,0.0,35787.441037368444
42815,GSAT-17,0,0.0,35786.56860959896
42818,INTELSAT 35E (IS-35E),0,0.0,35786.81362492296
42825,KANOPUS-V-IK,1,1.0,498.4638993935205
42826,NORSAT 1,0,0.02,522.0781261747697
42828,NORSAT 2,1,1.0,497.29306034268666
42829,TECHNOSAT,0,0.0,550.8175366569476
42831,FLYING LAPTOP,0,0.0,562.473154736821
42835,WNISAT 1R,0,0.0,560.9836361271537
42837,LEMUR-2-GREENBERG,1,1.0,467.3523090186864
42838,LEMUR-2-ANDIS,1,1.0,455.4982843669113
42839,LEMUR-2-MONSON,1,1.0,477.699650454314
42840,LEMUR-2-FURIAUS,1,1.0,470.3358353246931
42841,LEMUR-2-PETERG,1,1.0,457.979733874362
42842,LEMUR-2-DEMBITZ,1,1.0,470.5096730206642
42844,NANOACE,1,1.0,488.9895491584184
42845,LEMUR-2-ZACHARY,1,1.0,402.44466119267327
42846,CORVUS BC2,0,0.01,546.6837174389493
42847,CORVUS BC1,0,0.01,546.1764920386213
42907,COSMOS 2520,0,0.0,35786.44610327172
42915,TDRS 13,0,0.0,35786.62411619118
42917,QZS-3 (MICHIBIKI-3),0,0.0,35786.69560222302
42920,FORMOSAT-5,0,0.0,722.7138902718361
42921,ORS-5 SENSORSAT,0,0.0,563.6411998522008
42934,AMAZONAS 5,0,0.0,35786.89940916141
42939,COSMOS 2522 [GLONASS-M],0,0.01,19129.89333266694
42942,ASIASAT 9,0,0.0,35787.02892736771
42945,YAOGAN-30 02A,0,0.0,556.5119370654893
42946,YAOGAN-30 02B,0,0.0,557.4822508736579
42947,YAOGAN-30 02C,0,0.01,552.1536848570377
42950,INTELSAT 37E (IS-37E),0,0.0,35786.82287614338
42951,BSAT-4A,0,0.0,35786.98799726429
42954,VRSS-2,0,0.0,625.3191404757317
42955,IRIDIUM 133,0,0.0,777.6686245469054
42956,IRIDIUM 100,0,0.0,777.6674869763647
42957,IRIDIUM 122,0,0.0,777.6672341829717
42958,IRIDIUM 129,0,0.0,777.6675634796329
42959,IRIDIUM 119,0,0.0,777.6677796845306
42960,IRIDIUM 107,0,0.0,777.6687742272743
42961,IRIDIUM 132,0,0.0,777.6658271885799
42962,IRIDIUM 136,0,0.0,777.667184289543
42963,IRIDIUM 139,0,0.0,777.6689139289574
42964,IRIDIUM 125,0,0.0,777.6690336732627
42965,QZS-4 (MICHIBIKI-4),1,0.97,35783.08663697049
42967,SES-11 (ECHOSTAR 105),0,0.0,35786.896045065405
42969,SENTINEL-5P,0,0.0,826.9542817711117
42984,KOREASAT 5A,0,0.0,35787.59382900907
42986,COSMOS 2523,0,0.0,580.567331873809
42987,SKYSAT-C11,1,1.0,386.1222446644924
42988,SKYSAT-C10,1,1.0,459.4434491893171
42989,SKYSAT-C9,1,1.0,438.077865305625
42990,SKYSAT-C8,1,1.0,452.2999157722916
42991,SKYSAT-C7,1,1.0,452.48262270633313
42992,SKYSAT-C6,1,1.0,463.0777198001915
43001,BEIDOU-3 M1,0,0.0,21528.0268890778
43002,BEIDOU-3 M2,0,0.0,21511.25066457221
43005,MOHAMMED VI-A,0,0.0,638.5721520920797
43010,FENGYUN 3D,0,0.0,826.2019108278628
43011,HEAD-1,0,0.0,795.6545403431583
43013,NOAA 20 (JPSS-1),0,0.0,826.976144586396
43016,MAKERSAT 0,1,1.0,464.2045054091605
43017,RADFXSAT (FOX-1B),1,0.88,525.9267119427195
43022,JILIN-1 04,1,1.0,435.2475832887885
43023,JILIN-1 05,1,1.0,462.0599213792766
43024,JILIN-1 06,1,1.0,463.1664003628657
43028,YAOGAN-30 03A,0,0.0,557.4955740664991
43029,YAOGAN-30 03B,0,0.0,557.9054527023318
43030,YAOGAN-30 03C,0,0.0,557.8637667895428
43032,COSMOS 2524,0,0.0,902.6938289865748
43034,LKW-1,1,1.0,492.6808859861512
43039,ALCOMSAT 1,0,0.0,35786.71242250983
43055,GSAT0215 (GALILEO 19),0,0.0,23222.16847220096
43056,GSAT0216 (GALILEO 20),0,0.0,23222.13073554874
43057,GSAT0217 (GALILEO 21),0,0.0,23222.15238201858
43058,GSAT0218 (GALILEO 22),0,0.0,23222.157012284653
43065,GCOM-C (SHIKISAI),0,0.0,800.8298893052915
43070,IRIDIUM 135,0,0.0,777.6715383261399
43071,IRIDIUM 138,0,0.0,777.667929364854
43072,IRIDIUM 116,0,0.0,777.667763053385
43073,IRIDIUM 130,0,0.0,777.6678927763305
43074,IRIDIUM 151,0,0.0,777.6681721796185
43075,IRIDIUM 134,0,0.0,777.6675701320901
43076,IRIDIUM 137,0,0.0,777.6683651009525
43077,IRIDIUM 141,0,0.0,777.6679326910844
43078,IRIDIUM 153,0,0.0,777.6675601534034
43079,IRIDIUM 131,0,0.0,777.6677996419066
43080,LKW-2,1,1.0,484.8956440106604
43081,YAOGAN-30 04A,0,0.0,558.0811132939007
43082,YAOGAN-30 04B,0,0.0,557.9272450632507
43083,YAOGAN-30 04C,0,0.0,557.8315113252329
43099,SUPERVIEW-1 03,1,1.0,443.4456082402576
43107,BEIDOU-3 M7,0,0.0,21528.31949384257
43108,BEIDOU-3 M8,0,0.0,21528.02139469502
43111,CARTOSAT-2F,0,0.0,508.2999316283831
43113,LEO 1 (LEO VANTAGE 1),1,0.98,666.9327356503118
43146,LKW-3,1,1.0,457.4477758224239
43152,ASNARO-2,1,0.99,498.5041956530495
43159,JILIN-1 07,1,1.0,459.43013769997015
43160,JILIN-1 08,1,1.0,463.0926958882228
43162,SBIRS GEO-3 (USA 282),0,0.0,35786.59019547423
43169,WEINA 1A,0,0.0,563.2788337628735
43170,YAOGAN-30 05A,0,0.0,558.0651996328761
43171,YAOGAN-30 05B,0,0.0,558.0878024741005
43172,YAOGAN-30 05C,0,0.0,558.1472396561385
43174,AL YAH 3,0,0.0,35786.69307918145
43175,SES-14,0,0.0,35786.747745166766
43180,KANOPUS-V 3,1,1.0,498.7465969454288
43181,KANOPUS-V 4,1,1.0,498.53225763995306
43186,S-NET D,0,0.0,514.5947053197951
43187,S-NET B,0,0.02,514.6879908482733
43188,S-NET A,0,0.0,514.5701168487203
43189,S-NET C,0,0.02,514.7185899644664
43194,ZHANGHENG 1-01 (CSES-1),0,0.0,503.1633480940864
43207,BEIDOU-3 M4,0,0.0,21528.031883973592
43208,BEIDOU-3 M3,0,0.0,21528.03877693345
43215,PAZ,0,0.0,508.3950200518493
43226,GOES 17,0,0.0,35786.79568317662
43228,HISPASAT 30W-6,0,0.0,35786.52992329423
43229,PODSAT,1,0.97,3653.9205902202366
43231,O3B FM15,0,0.0,8065.885192929666
43232,O3B FM16,0,0.0,8065.881130286777
43233,O3B FM14,0,0.0,8065.88559726869
43234,O3B FM13,0,0.0,8065.887291642041
43236,LKW-4,1,1.0,368.8948040634386
43245,BEIDOU-3 M9,0,0.0,21528.32828509109
43246,BEIDOU-3 M10,0,0.0,21528.20760582981
43249,IRIDIUM 144,0,0.0,777.6680091943635
43250,IRIDIUM 149,0,0.0,777.6671510272572
43251,IRIDIUM 157,0,0.0,777.6675501747159
43252,IRIDIUM 140,0,0.0,777.6676166992975
43253,IRIDIUM 145,0,0.0,777.6681721796185
43254,IRIDIUM 146,0,0.0,777.668012520593
43255,IRIDIUM 148,0,0.0,777.6681023287938
43256,IRIDIUM 142,0,0.0,777.6678861238715
43257,IRIDIUM 150,0,0.0,777.6683318386522
43258,IRIDIUM 143,0,0.0,777.6824217834901
43259,GAOFEN-1 02,0,0.0,640.5745392910358
43260,GAOFEN-1 03,0,0.0,640.5632791507824
43262,GAOFEN-1 04,0,0.0,640.4957921471696
43271,SUPERBIRD-B3,0,0.0,35786.73344789196
43272,HYLAS 4,0,0.0,35786.73484958503
43275,YAOGAN-31 01A,1,1.0,1088.993708352058
43276,YAOGAN-31 01B,1,1.0,1089.010927751221
43277,YAOGAN-31 01C,1,1.0,1089.0543244813807
43279,WEINA 1B,1,0.99,1089.3267552068728
43286,IRNSS-1I,0,0.0,35786.81839070253
43339,USA 283,0,0.0,35787.083314097166
43432,COSMOS 2526,0,0.0,35787.626630330735
43437,SENTINEL-3B,0,0.0,802.6427611569952
43440,ZHUHAI-1 OVS-02,1,1.0,488.78676552077286
43441,ZHUHAI-1 OHS-02,1,1.0,486.0705222447632
43445,USA 285,0,0.01,35277.58039210774
43446,USA 286,0,0.01,35276.53041787192
43450,APSTAR-6C,0,0.0,35786.10017487706
43461,GAOFEN-5 01,0,0.0,691.1176177514799
43463,BANGABANDHUSAT-1,0,0.0,35787.19713431504
43476,GRACE-FO 1,1,1.0,450.2617872527517
43477,GRACE-FO 2,1,1.0,450.2606333540471
43478,IRIDIUM 161,0,0.0,747.6849687805907
43479,IRIDIUM 152,0,0.0,777.6677763583011
43480,IRIDIUM 147,0,0.0,777.6679094074761
43481,IRIDIUM 110,0,0.0,777.6679925632161
43482,IRIDIUM 162,0,0.0,747.6815917071754
43484,GAOFEN-6,0,0.0,640.6853715249708
43485,LUOJIA-1 01,0,0.0,605.8996816457402
43488,SES-12,0,0.0,35787.09620994533
43491,FENGYUN 2H,0,0.0,35785.44478056734
43508,COSMOS 2527 [GLONASS-M],0,0.0,19129.874579882824
43529,PAKTES 1A,0,0.0,569.0194817060265
43530,PRSS-1,0,0.0,622.826049175821
43539,BEIDOU-2 IGSO-7,1,0.79,35781.76041366554
43562,TELSTAR 19V,0,0.0,35787.0398607683
43564,GSAT0221 (GALILEO 25),0,0.0,23221.93082590353
43565,GSAT0222 (GALILEO 26),0,0.0,23221.96092210216
43566,GSAT0219 (GALILEO 23),0,0.0,23221.93661362809
43567,GSAT0220 (GALILEO 24),0,0.0,23221.962889933195
43569,IRIDIUM 160,0,0.0,777.6673838632687
43570,IRIDIUM 166,0,0.0,777.6668882552094
43571,IRIDIUM 158,0,0.0,777.6691268077266
43572,IRIDIUM 165,0,0.0,777.6665489799425
43573,IRIDIUM 155,0,0.0,777.6686145682143
43574,IRIDIUM 154,0,0.0,777.6661531588506
43575,IRIDIUM 163,0,0.0,777.6672108993725
43576,IRIDIUM 156,0,0.0,777.6682320517548
43577,IRIDIUM 164,0,0.0,777.666968084689
43578,IRIDIUM 159,0,0.0,777.6667685109924
43581,BEIDOU-3 M5,0,0.0,21528.294418842204
43582,BEIDOU-3 M6,0,0.0,21528.36834529987
43585,GAOFEN-11 01,1,1.0,397.1737152755513
43587,TELKOM 4 (MERAH PUTIH),0,0.0,35787.270304860715
43602,BEIDOU-3 M12,0,0.0,21528.38402975992
43603,BEIDOU-3 M11,0,0.0,21528.434879530367
43609,HAIYANG-1C,0,0.0,777.9529748159957
43611,TELSTAR 18V,0,0.0,35787.27394937896
43613,ICESAT-2,1,1.0,481.0711151765354
43618,SSTL S1-4,0,0.0,578.5330562815025
43619,NOVASAR 1,0,0.0,578.3855241266974
43622,BEIDOU-3 M13,0,0.0,21528.021294797178
43623,BEIDOU-3 M14,0,0.0,21528.01610011053
43632,AZERSPACE 2 (IS-38),0,0.0,35786.59944657209
43633,HORIZONS-3E,0,0.0,35786.81979240267
43636,CENTISPACE-1 S1,0,0.0,693.03934632031
43641,SAOCOM 1A,0,0.0,622.5120913915271
43642,YAOGAN-32 A,0,0.0,682.746790436805
43643,YAOGAN-32 B,0,0.0,682.7530411118214
43647,BEIDOU-3 M16,0,0.0,21527.92549317653
43648,BEIDOU-3 M15,0,0.0,21528.40650752772
43651,AEHF-4 (USA 288),0,0.0,35787.87726817663
43655,HAIYANG-2B,0,0.0,966.341415158503
43657,COSMOS 2528,0,0.0,905.202171656194
43662,CFOSAT,0,0.02,516.6709562702217
43672,GOSAT 2 (IBUKI 1),0,0.0,616.0149693757321
43676,KHALIFASAT,0,0.0,562.3177670382493
43677,TEN-KOH,0,0.0,557.2656310726779
43678,DIWATA-2B,0,0.0,564.9387646150744
43679,STARS-AO,0,0.0,513.1803887936276
43681,AUTCUBE 2,0,0.02,534.9794813657072
43683,BEIDOU-3 G1,0,0.0,35786.8772622084
43687,COSMOS 2529 [GLONASS-M],0,0.0,19129.889342709987
43689,METOP-C,0,0.0,820.2572776905963
43698,GSAT-29,0,0.0,35785.692022135605
43700,ES'HAIL 2,0,0.0,35786.2193147306
43706,BEIDOU-3 M17,0,0.0,21528.32598737774
43707,BEIDOU-3 M18,0,0.0,21528.50860711385
43711,SHIYAN-6 01 (SY-6 01),1,1.0,475.4806888687799
43717,MOHAMMED VI-B,0,0.0,638.4696401562378
43719,HYSIS,0,0.0,633.5789083428126
43751,COSMOS 2530 (RODNIK-S *),0,0.0,1494.4080885846224
43752,COSMOS 2531 (RODNIK-S *),0,0.0,1494.2756114931062
43753,COSMOS 2532 (RODNIK-S *),0,0.0,1494.2883805336917
43758,MINXSS-2,1,1.0,415.2577000490664
43759,SIRION PATHFINDER-2,0,0.01,521.14352745007
43762,STPSAT-5,0,0.0,523.7201132793343
43765,HAWK-A,1,1.0,490.020334832926
43766,SPAWAR-CAL-O,1,1.0,455.16232095072337
43767,CORVUS BC4,0,0.0,527.4731111034953
43768,AISTECHSAT 2,0,0.0,518.1697443365838
43770,FOX-1CLIFF (AO-95),1,1.0,482.5929971325404
43773,RANGE-A,0,0.0,524.6854526989064
43776,SPAWAR-CAL-R,0,0.0,548.9574422862815
43778,SPAWAR-CAL-OR,1,1.0,493.2985242421137
43782,SNUSAT-2,1,1.0,498.0940758386532
43783,KAZSTSAT,0,0.0,566.984623059916
43784,SNUGLITE,1,1.0,481.1334943236116
43786,ITASAT,0,0.0,506.9221540610797
43790,EAGLET-I,0,0.02,526.1805647124256
43792,ESEO,0,0.0,553.4155877266785
43794,HAWK-B,1,1.0,495.67941652723584
43796,THEA,1,1.0,455.8418462524705
43797,SKYSAT-C12,1,1.0,415.28067336377353
43798,ASTROCAST 0.1,1,1.0,407.6872027410027
43799,HAWK-C,1,1.0,479.2520166606091
43800,ICEYE-X2,0,0.0,511.01849404845416
43803,JY1SAT (JO-97),1,1.0,460.2226463690031
43804,SUOMI-100,1,1.0,477.1448895889735
43807,EUCROPIS,0,0.0,501.9970114145463
43808,POLAR SCOUT YUKON,1,1.0,445.98467050142426
43809,CENTAURI-1,0,0.0,515.4106320114888
43811,NEXTSAT-1,0,0.0,539.6837950767167
43812,GLOBAL-2,0,0.03,539.4265049402857
43815,FALCONSAT-6,1,1.0,482.95532627171
43819,EXCITE,0,0.0,546.3087310858991
43820,SEAHAWK-1,1,1.0,495.0289008727077
43823,GEO-KOMPSAT-2A,0,0.0,35787.13994376473
43824,GSAT-11,0,0.0,35786.8223154632
43831,SAUDISAT 5A,1,1.0,480.212173452157
43833,SAUDISAT 5B,1,1.0,479.5158234462033
43864,GSAT-7A,0,0.0,35787.21451579523
43867,COSMOS 2533,0,0.0,35786.401530252166
43871,HONGYUN 1,0,0.02,1066.5242199258455
43873,NAVSTAR 77 (USA 289),0,0.05,20182.207639262226
43874,TJS-3,0,0.0,35786.01018980438
43876,KANOPUS-V 5,1,1.0,498.5860125469408
43877,KANOPUS-V 6,1,1.0,443.69195272153775
43879,ISAT,1,1.0,339.1781408084662
43880,UWE-4,1,1.0,418.9275755183253
43881,D-STAR ONE (SPARROW),1,1.0,264.0809497998598
43890,GRUS-1A,0,0.0,570.5979974402244
43909,YUNHAI-2 01A,0,0.01,794.943588955508
43910,YUNHAI-2 01B,0,0.0,795.0061662232101
43911,YUNHAI-2 01C,0,0.0,795.0183371583553
43912,YUNHAI-2 01D,0,0.0,794.9122272147397
43913,YUNHAI-2 01E,0,0.0,794.97854505134
43914,HONGYAN 1 (CHONGQING),0,0.01,1095.073147444291
43915,YUNHAI-2 01F,0,0.0,794.9144056600453
43920,ZHONGXING-2D,0,0.0,35787.11779649587
43922,IRIDIUM 180,0,0.0,777.6672940550889
43923,IRIDIUM 176,0,0.0,653.861738916833
43924,IRIDIUM 168,0,0.0,777.6697854015201
43925,IRIDIUM 173,0,0.0,777.670626938253
43926,IRIDIUM 169,0,0.0,763.1073286577612
43927,IRIDIUM 172,0,0.0,777.668125612403
43928,IRIDIUM 175,0,0.0,746.5078172701587
43929,IRIDIUM 171,0,0.0,777.6666221569585
43930,IRIDIUM 170,0,0.0,653.8691836308781
43931,IRIDIUM 167,0,0.0,777.6662363145379
43943,JILIN-1 09,0,0.0,503.07540167471234
43946,JILIN-1 10,1,1.0,487.065750965774
44034,HELLAS-SAT 4 & SGS-1,0,0.0,35786.643739777595
44035,GSAT-31,0,0.0,35786.34462273171
44047,EGYPTSAT-A (MISRSAT-A),0,0.0,653.5520174277408
44048,NUSANTARA SATU,0,0.0,35786.600007244844
44057,ONEWEB-0012,1,0.96,1197.7897114953685
44058,ONEWEB-0010,0,0.0,1197.7559267254092
44059,ONEWEB-0008,0,0.0,1197.759751325063
44060,ONEWEB-0007,0,0.0,1201.768677854926
44061,ONEWEB-0006,0,0.0,1201.7755151760011
44062,ONEWEB-0011,0,0.0,1201.7726112332566
44065,S5,0,0.0,36050.49639630873
44067,ZHONGXING-6C,0,0.0,35787.30198416096
44071,WGS 10 (USA 291),0,0.0,35786.85511528447
44072,PRISMA,0,0.0,617.7409275073505
44076,TIANLIAN 2-01,0,0.0,35786.73989568106
44078,EMISAT,0,0.0,746.4377053062062
44112,O3B FM20,0,0.0,8065.882747641898
44113,O3B FM19,0,0.0,8065.880321609387
44114,O3B FM17,0,0.0,8065.887965540675
44115,O3B FM18,0,0.0,8065.892490290659
44186,ARABSAT-6A,0,0.0,35785.63679893128
44204,BEIDOU-3 IGSO-1,0,0.0,35785.29397059676
44207,TIANHUI 2-01A,0,0.0,515.6035214278245
44209,TIANHUI 2-01B,0,0.0,515.6036032379561
44231,BEIDOU-2 G8,0,0.0,35785.67772575573
44233,RISAT-2B,0,0.0,563.1757637358496
44299,COSMOS 2534 [GLONASS-M],0,0.0,19129.87418088779
44307,YAMAL 601,0,0.0,35786.50581448254
44310,BUFENG 1A,1,1.0,477.96269824243154
44311,BUFENG 1B,1,1.0,479.9191737068386
44312,JILIN-1 GAOFEN 3A,1,1.0,464.88238139561327
44314,TIANQI-3,1,1.0,445.7127399098336
44316,WT 1B,1,1.0,481.4072049432889
44322,RCM-1,0,0.0,589.8697891443508
44323,RCM-3,0,0.0,589.8701595046123
44324,RCM-2,0,0.0,589.8678782106736
44333,AT&T T-16,0,0.0,35786.28463176043
44334,EUTELSAT 7C,0,0.0,35786.72139333633
44337,BEIDOU-3 IGSO-2,0,0.0,35782.693691804845
44339,PROX-1,1,0.94,592.5454316646246
44340,NPSAT1,0,0.0,645.1313969929306
44341,OTB,0,0.0,701.926653993386
44343,FORMOSAT 7-3,0,0.01,535.7696992001902
44344,DSX,1,0.96,9019.736405552629
44349,FORMOSAT 7-1,0,0.0,577.1042036104463
44350,FORMOSAT 7-4,0,0.0,577.1249171566342
44351,FORMOSAT 7-2,0,0.0,577.1341803688356
44353,FORMOSAT 7-6,0,0.0,577.0928276453014
44358,FORMOSAT 7-5,0,0.0,577.156108590737
44387,METEOR-M2 2,0,0.0,810.5832791557841
44390,ICEYE-X4,1,1.0,474.7356961741598
44408,MOMENTUS-X1,1,1.0,355.3290992760021
44424,COSMOS 2538,0,0.0,502.2064857415835
44449,YAOGAN-30 06A,0,0.0,557.9173718687844
44450,YAOGAN-30 06B,0,0.0,557.8984778292461
44451,YAOGAN-30 06C,0,0.0,557.952526631625
44453,MERIDIAN 8,1,1.0,20179.15224658692
44457,COSMOS 2539,0,0.0,35787.32609411075
44475,EDRS-C,0,0.0,35787.0586438064
44476,INTELSAT 39 (IS-39),0,0.0,35785.133631363606
44479,AMOS-17,0,0.0,35786.72447705905
44481,AEHF-5 (USA 292),0,0.0,35785.45403103694
44499,GLOBAL-4,1,1.0,359.5769918434071
44506,NAVSTAR 78 (USA 293),0,0.02,20181.618966687674
44517,COSMOS 2540,0,0.0,942.838789797529
44520,KX-09,0,0.0,576.8409635488515
44528,ZY-1 02D,0,0.0,774.156810719418
44529,BNU-1 (JINGSHI 1),0,0.0,730.8039899963451
44530,TAURUS-1 (JINNIUZUO 1),0,0.0,652.8273922730614
44536,ZHUHAI-1 03B,1,1.0,396.4997735293073
44538,ZHUHAI-1 03D,1,1.0,408.71527640867134
44539,ZHUHAI-1 03E,1,1.0,438.3614584718353
44542,BEIDOU-3 M24,0,0.0,21528.21589749228
44543,BEIDOU-3 M23,0,0.0,21528.41320091621
44547,YUNHAI-1 02,0,0.0,783.1225004131902
44552,COSMOS 2541,1,1.0,20180.74978964784
44622,GAOFEN-10R,0,0.01,619.546990218053
44624,EUTELSAT 5 WEST B,0,0.0,35786.5512287844
44634,PALISADE,0,0.01,1215.794892339051
44637,TJS-4,0,0.0,35787.57812925375
44703,GAOFEN-7,0,0.0,502.627973255041
44709,BEIDOU-3 IGSO-3,0,0.01,35785.348632047375
44714,STARLINK-1008,1,1.0,389.2735241303053
44718,STARLINK-1012,1,1.0,392.2855917370152
44723,STARLINK-1017,1,1.0,457.7918438823135
44725,STARLINK-1020,1,1.0,377.8460750290397
44741,STARLINK-1036,1,1.0,327.48628745858787
44744,STARLINK-1039,1,1.0,467.6628194417144
44747,STARLINK-1042,1,1.0,395.1056028920748
44748,STARLINK-1043,1,1.0,360.960595846871
44751,STARLINK-1046,1,1.0,354.53819160904914
44752,STARLINK-1047,1,1.0,454.5168529360162
44753,STARLINK-1048,1,1.0,348.0675820367287
44768,STARLINK-1063,1,1.0,398.7094408598123
44771,STARLINK-1067,1,1.0,300.3492573466747
44772,STARLINK-1068,1,1.0,311.9506885469564
44777,JILIN-1 GAOFEN 2A,1,1.0,444.3548424018754
44779,NINGXIA-1 1,0,0.0,886.4953613532016
44780,NINGXIA-1 2,0,0.0,886.7941461067521
44781,NINGXIA-1 3,0,0.0,886.8468518351956
44782,NINGXIA-1 4,0,0.0,886.6209290054967
44783,NINGXIA-1 5,0,0.0,886.5631462098654
44785,KL-ALPHA A,0,0.01,1050.0937797989982
44786,KL-ALPHA B,0,0.02,1050.2423795214945
44793,BEIDOU-3 M22,0,0.0,21528.406707330305
44794,BEIDOU-3 M21,0,0.0,21528.355358184017
44800,TIBA-1,0,0.0,35787.529067612566
44801,INMARSAT GX5,0,0.0,35786.484509049726
44804,CARTOSAT-3,0,0.0,507.8978374193903
44819,GAOFEN-12 01,0,0.0,627.7596065711732
44836,JILIN-1 GAOFEN 2B,0,0.0,502.0943005822882
44850,COSMOS 2544 [GLONASS-M],0,0.0,19129.807469137795
44857,RISAT-2BR1,0,0.0,563.0421384449737
44859,IHOPSAT-TD,0,0.01,529.9157445347109
44864,BEIDOU-3 M19,0,0.0,21528.02189418425
44865,BEIDOU-3 M20,0,0.0,21528.030585300472
44868,JCSAT-18 (KACIFIC 1),0,0.0,35786.7068157457
44873,CSG-1,0,0.0,622.5244254578593
44874,CHEOPS,0,0.0,686.7380883484475
44879,TIANQIN 1 (CAS-6),0,0.0,580.3286110503914
44880,ETRSS-1,0,0.02,578.8931136976571
44881,TIANYAN 01,0,0.0,608.6043197330027
44882,TIANYAN 02,0,0.0,549.1153495645849
44883,CBERS 4A,0,0.0,624.6530936631116
44884,WEILAI 1R,0,0.0,563.6773058720464
44885,FLORIPASAT-1,0,0.0,553.4852798917727
44886,SHUNTIAN,0,0.0,581.2060944192654
44903,ELEKTRO-L 3,0,0.0,35786.835211111815
44905,GONETS-M 14,1,0.95,1494.4563801571169
44906,GONETS-M 15,0,0.0,1494.4028608425187
44907,GONETS-M 16,0,0.01,1494.3631167735791
44909,RS-44 & BREEZE-KM R/B,1,0.94,1342.480432901384
44910,SHIJIAN-20 (SJ-20),0,0.0,35843.98421422096
44927,STARLINK-1114,1,1.0,340.1076365440249
44930,STARLINK-1123,1,1.0,370.18813391334334
44941,STARLINK-1094,1,1.0,379.19742560859504
44949,STARLINK-1122,1,1.0,381.17682148171207
44961,STARLINK-1080,1,1.0,346.6342478314064
44968,STARLINK-1090,1,1.0,393.81877447429633
44978,TJS-5,0,0.0,35786.607576328934
45016,JILIN-1 KUANFU 01,0,0.0,533.1980969184169
45024,YINHE-1,0,0.0,631.8890126629612
45026,GSAT-30,0,0.0,35787.279556331625
45027,EUTELSAT KONNECT,0,0.0,35787.686626075585
45044,STARLINK-1132,1,1.0,361.1272806367406
45047,STARLINK-1131,1,1.0,380.5302087654509
45048,STARLINK-1134,1,1.0,372.6385820910846
45054,STARLINK-1156,1,1.0,445.8232788776959
45060,STARLINK-1166,1,1.0,354.586069029353
45061,STARLINK-1169,1,1.0,433.89906738009904
45062,STARLINK-1171,1,1.0,316.98512433135056
45064,STARLINK-1133,1,1.0,446.170465093308
45071,STARLINK-1167,1,1.0,437.4403817756347
45072,STARLINK-1168,1,1.0,444.3150601694915
45074,STARLINK-1172,1,1.0,434.33841212946027
45080,STARLINK-1153,1,1.0,437.2409876447009
45087,STARLINK-1185,1,1.0,408.30511549542734
45088,STARLINK-1183,1,1.0,446.4737747872277
45096,STARLINK-1152,1,1.0,398.48052547880434
45098,STARLINK-1184,1,0.97,515.2831806628292
45100,STARLINK-1193,1,1.0,346.037442758231
45131,ONEWEB-0013,0,0.01,1225.2666093163607
45132,ONEWEB-0017,1,0.96,1221.7308343866234
45133,ONEWEB-0020,0,0.01,1221.7029916512074
45134,ONEWEB-0021,1,1.0,1221.713906777335
45136,ONEWEB-0023,1,1.0,1221.7278803612198
45137,ONEWEB-0024,0,0.02,1221.7043990545726
45138,ONEWEB-0025,0,0.0,1221.7024000780093
45139,ONEWEB-0026,0,0.02,1217.6915525320835
45140,ONEWEB-0028,1,0.97,1217.6812966929383
45141,ONEWEB-0032,0,0.06,1221.7292181786506
45142,ONEWEB-0033,1,0.99,1221.7070592033688
45143,ONEWEB-0035,1,0.99,1221.729597098146
45144,ONEWEB-0036,1,0.97,1221.6959391782284
45145,ONEWEB-0038,1,1.0,1217.683767976314
45146,ONEWEB-0039,1,1.0,1221.7074961175658
45147,ONEWEB-0040,1,0.99,1221.7075811805153
45149,ONEWEB-0043,1,1.0,1221.7081302232373
45150,ONEWEB-0044,0,0.04,1221.7323152669303
45151,ONEWEB-0045,1,0.97,1217.6856484698528
45152,ONEWEB-0047,1,1.0,1221.7263608178564
45153,ONEWEB-0048,1,0.99,1221.7213227444015
45154,ONEWEB-0049,1,1.0,1221.725892968779
45155,ONEWEB-0051,0,0.01,1217.6962055126914
45156,ONEWEB-0052,1,0.96,1221.7302505410607
45157,ONEWEB-0053,0,0.08,1221.7039930727651
45158,ONEWEB-0054,0,0.02,1221.733981741455
45159,ONEWEB-0056,1,1.0,1221.706390299456
45160,ONEWEB-0057,1,0.99,1221.7236387878766
45161,ONEWEB-0058,1,0.97,1221.7029529862891
45162,ONEWEB-0059,1,0.96,1221.6998945928017
45163,ONEWEB-0062,1,1.0,1221.7286845982171
45164,ONEWEB-0065,1,1.0,1221.7096536239887
45183,STARLINK-1202,1,1.0,447.4922132284264
45185,STARLINK-1216,1,1.0,434.877924240338
45187,STARLINK-1225,1,1.0,446.2195362142365
45189,STARLINK-1230,1,1.0,446.2848958266805
45190,STARLINK-1234,1,1.0,293.70363835134776
45197,STARLINK-1269,1,1.0,446.46607212034905
45198,STARLINK-1154,1,1.0,362.7071979907951
45201,STARLINK-1199,1,1.0,445.99090067229554
45206,STARLINK-1209,1,1.0,335.7906844221725
45212,STARLINK-1231,1,1.0,471.1419936271959
45217,STARLINK-1271,1,1.0,445.3333401378413
45222,STARLINK-1191,1,1.0,431.5271744859901
45223,STARLINK-1212,1,1.0,339.82145218806727
45225,STARLINK-1215,1,1.0,445.3193765955021
45227,STARLINK-1221,1,1.0,422.3503285349734
45228,STARLINK-1222,1,1.0,383.8684753778225
45229,STARLINK-1226,1,1.0,414.3597226976626
45230,STARLINK-1227,1,1.0,414.3023720159144
45235,STARLINK-1246,1,1.0,445.57396256814354
45237,STARLINK-1270,1,1.0,343.58645136791347
45245,JCSAT-17,0,0.0,35786.6555139404
45246,GEO-KOMPSAT-2B,0,0.0,35787.26806208065
45254,MERIDIAN 9,1,0.96,20177.94870922698
45344,BEIDOU-3 G2,0,0.0,35786.926321953586
45358,COSMOS 2545 [GLONASS-M],0,0.0,19129.82430663163
45360,STARLINK-1279,1,1.0,285.92332048852586
45361,STARLINK-1301,1,1.0,279.2737322151597
45366,STARLINK-1262,1,1.0,448.9995448798545
45367,STARLINK-1273,1,1.0,372.0823978848348
45368,STARLINK-1276,0,0.02,514.9874872594592
45369,STARLINK-1277,1,1.0,348.4338529195047
45370,STARLINK-1281,1,1.0,446.1069989186744
45374,STARLINK-1300,1,1.0,443.9928321754224
45375,STARLINK-1302,1,1.0,348.6690697899685
45376,STARLINK-1304,1,1.0,360.9259718245712
45377,STARLINK-1305,1,1.0,324.001477321478
45379,STARLINK-1319,1,1.0,300.3974031768903
45383,STARLINK-1266,1,1.0,354.08873431202665
45384,STARLINK-1267,1,1.0,338.15642670221587
45386,STARLINK-1272,1,1.0,320.1467041973201
45387,STARLINK-1274,1,1.0,346.16180431075554
45388,STARLINK-1280,1,1.0,250.9962773208208
45389,STARLINK-1283,1,1.0,330.01529122809825
45390,STARLINK-1284,1,1.0,336.5134888939074
45395,STARLINK-1297,1,1.0,325.5568369733455
45397,STARLINK-1307,1,1.0,385.086479251695
45399,STARLINK-1255,1,1.0,354.2511248763585
45404,STARLINK-1260,1,1.0,435.75546701662097
45405,STARLINK-1263,1,1.0,445.2457265891799
45406,STARLINK-1265,1,1.0,433.9361509833325
45408,STARLINK-1278,1,1.0,321.6684004637873
45412,STARLINK-1296,1,1.0,434.0823845288478
45414,STARLINK-1309,1,1.0,328.4473797635219
45415,STARLINK-1316,1,1.0,432.9915219874056
45417,STARLINK-1286,1,1.0,354.43433683422063
45419,STARLINK-1308,1,1.0,354.0697244188213
45424,ONEWEB-0066,1,1.0,1217.693135703108
45425,ONEWEB-0067,1,1.0,1217.641798906915
45426,ONEWEB-0080,1,1.0,1217.6745508718325
45427,ONEWEB-0090,1,1.0,1217.6870038160223
45428,ONEWEB-0061,1,1.0,1217.6929078808862
45429,ONEWEB-0081,1,0.93,1217.6935411494787
45430,ONEWEB-0069,0,0.01,1217.703225541729
45431,ONEWEB-0031,1,0.96,1217.6808835254442
45432,ONEWEB-0027,0,0.0,1193.709187524042
45433,ONEWEB-0064,1,1.0,1217.6757247285775
45434,ONEWEB-0018,1,1.0,1217.6883398558575
45435,ONEWEB-0083,1,1.0,1217.68298025452
45436,ONEWEB-0095,0,0.03,1217.6793930338335
45437,ONEWEB-0092,0,0.07,1217.6827408489162
45438,ONEWEB-0085,1,1.0,1217.6816210487668
45439,ONEWEB-0096,1,0.97,1217.6803467939253
45440,ONEWEB-0037,0,0.04,1217.6943134284302
45441,ONEWEB-0042,0,0.04,1217.6807560999678
45442,ONEWEB-0098,0,0.03,1217.6774237325662
45443,ONEWEB-0055,1,0.98,1217.72042815671
45444,ONEWEB-0093,1,1.0,1217.6753540369243
45445,ONEWEB-0029,1,1.0,1217.6737631524277
45446,ONEWEB-0068,0,0.06,1217.6922514440685
45447,ONEWEB-0046,1,0.99,1217.69196956242
45448,ONEWEB-0063,1,1.0,1217.68397649094
45449,ONEWEB-0019,1,1.0,1217.6863473804797
45450,ONEWEB-0094,0,0.0,1193.7053833584532
45451,ONEWEB-0087,1,1.0,1217.681887483937
45452,ONEWEB-0082,1,1.0,1217.6838104515136
45453,ONEWEB-0050,0,0.0,596.2887838213537
45454,ONEWEB-0034,1,1.0,1217.6898457974155
45455,ONEWEB-0060,1,0.97,1217.682242730868
45456,ONEWEB-0086,0,0.05,1217.6949273903374
45457,ONEWEB-0088,1,1.0,1217.6821075825735
45460,YAOGAN-30 07A,0,0.0,558.1214301565124
45461,YAOGAN-30 07B,0,0.0,557.974297824856
45462,YAOGAN-30 07C,0,0.0,558.0219298285274
45465,AEHF-6 (USA 298),0,0.0,35785.98580140943
45531,STARLINK-1329,1,1.0,322.5599493707432
45532,STARLINK-1338,1,1.0,334.32461095732015
45535,STARLINK-1350,1,1.0,442.4628040335128
45538,STARLINK-1362,1,1.0,438.2074601348932
45540,STARLINK-1368,1,1.0,437.4332611469272
45542,STARLINK-1371,1,1.0,344.97719360129395
45543,STARLINK-1372,1,1.0,436.2190448780148
45544,STARLINK-1373,1,1.0,339.02434181432545
45555,STARLINK-1327,1,1.0,332.17102933343995
45564,STARLINK-1356,1,1.0,357.49089223671126
45565,STARLINK-1357,1,1.0,338.9461976121738
45567,STARLINK-1361,1,1.0,344.4155720255985
45570,STARLINK-1376,1,1.0,434.43558326013954
45573,STARLINK-1321,1,1.0,342.95811832336767
45578,STARLINK-1331,1,1.0,343.8561899412334
45580,STARLINK-1333,1,1.0,443.80558002269663
45581,STARLINK-1335,1,1.0,438.6439704401637
45582,STARLINK-1337,1,1.0,316.1520603339077
45586,STARLINK-1347,1,1.0,342.3015658232944
45589,STARLINK-1364,1,1.0,340.29235093209627
45590,STARLINK-1365,1,1.0,356.66612950119
45602,XINGYUN-2 01,0,0.01,530.0761082349354
45603,XINGYUN-2 02,0,0.01,530.9440520561302
45608,COSMOS 2546,1,1.0,20180.024558823126
45625,GAOFEN-9 02,1,1.0,486.4652191830828
45660,STARLINK-1443,1,1.0,454.4298984618336
45663,STARLINK-1446,1,1.0,413.18416034061374
45665,STARLINK-1448,1,1.0,325.3639431095662
45668,STARLINK-1451,1,0.97,515.2397357843274
45669,STARLINK-1452,1,1.0,367.4923993206203
45670,STARLINK-1453,1,1.0,320.1810887834599
45671,STARLINK-1454,1,1.0,330.6594852054386
45673,STARLINK-1456,1,1.0,344.5962090141975
45675,STARLINK-1458,1,1.0,355.6366675278641
45676,STARLINK-1460,1,1.0,444.6049065704729
45677,STARLINK-1392,1,1.0,433.5764004540415
45679,STARLINK-1394,1,1.0,349.812663377028
45685,STARLINK-1402,1,1.0,358.9325540514874
45686,STARLINK-1404,1,1.0,414.7729572809276
45689,STARLINK-1413,1,1.0,446.0144744205054
45693,STARLINK-1417,0,0.06,507.1827880327355
45695,STARLINK-1420,1,1.0,334.9262914742112
45696,STARLINK-1422,1,1.0,439.885800516864
45697,STARLINK-1351,1,1.0,351.19040632795986
45700,STARLINK-1400,1,1.0,335.4278251621954
45701,STARLINK-1403,1,1.0,449.1437134919179
45703,STARLINK-1407,1,1.0,314.55905108186107
45710,STARLINK-1423,1,1.0,340.50256674356115
45711,STARLINK-1433,1,1.0,320.40544254453107
45712,STARLINK-1434,1,1.0,447.9859688581382
45721,HAIYANG-1D,0,0.0,777.7636531981152
45726,ANDESITE,0,0.01,548.6726995211857
45727,M2 PATHFINDER,0,0.0,551.860121891601
45731,STARLINK-1465,1,1.0,342.55280981176656
45735,STARLINK-1471,1,1.0,391.1964497229119
45741,STARLINK-1480,1,1.0,354.4187088408971
45744,STARLINK-1500,1,1.0,439.9812212275665
45746,STARLINK-1504,1,1.0,378.1008589482199
45747,STARLINK-1506,1,1.0,474.30599327455366
45751,STARLINK-1464,1,1.0,391.075577102838
45754,STARLINK-1477,1,1.0,499.9760881303673
45755,STARLINK-1478,1,1.0,333.6170951432523
45759,STARLINK-1493,1,1.0,355.0934140517484
45764,STARLINK-1502,1,1.0,357.372727998144
45772,STARLINK-1470,1,1.0,446.54573830544905
45773,STARLINK-1482,1,1.0,437.39047592460975
45780,STARLINK-1496,1,1.0,339.32703823057454
45786,STARLINK-1513,1,1.0,466.8523560704534
45794,GAOFEN-9 03,1,1.0,466.1764235245
45807,BEIDOU-3 G3,0,0.0,35788.33509837628
45854,NAVSTAR 79 (USA 304),0,0.04,20182.783895493576
45856,GAOFEN DUOMO (GFDM),0,0.01,639.3555213644868
45859,SHIYAN-6 02 (SY-6 02),1,0.93,690.0674570972778
45863,APSTAR-6D,0,0.0,35786.9313681069
45920,KOREASAT 116,0,0.0,35787.52962831624
45939,ZIYUAN 3-03 (ZY 3-03),0,0.0,502.4486042929448
45985,EXPRESS 103,0,0.0,35787.0622882789
45986,EXPRESS 80,0,0.03,35777.55681811662
46025,GAOFEN-9 04,1,1.0,451.05332275392175
46027,STARLINK-1522,1,0.99,519.4240299393568
46028,STARLINK-1523,1,1.0,461.76058466233553
46029,STARLINK-1526,1,1.0,470.73491569502585
46032,STARLINK-1555,1,1.0,470.7823250137635
46033,STARLINK-1556,1,1.0,470.7463804236286
46034,STARLINK-1557,1,1.0,470.6699021119157
46035,STARLINK-1558,1,1.0,470.7363048145544
46036,STARLINK-1560,1,1.0,470.761622088492
46039,STARLINK-1569,1,1.0,470.7568376334175
46043,STARLINK-1582,1,1.0,470.74412980359466
46045,STARLINK-1591,1,1.0,470.7524377307054
46047,STARLINK-1524,1,1.0,470.75243474974377
46048,STARLINK-1527,1,1.0,470.7006410332906
46051,STARLINK-1540,1,1.0,470.6851999881683
46053,STARLINK-1543,1,1.0,470.70217321896325
46054,STARLINK-1548,1,1.0,470.7618456613627
46055,STARLINK-1554,1,1.0,470.6507441165168
46058,STARLINK-1564,1,1.0,470.7570582249318
46059,STARLINK-1570,1,1.0,470.7261100052183
46060,STARLINK-1572,1,1.0,475.25668310500896
46061,STARLINK-1573,1,1.0,470.7524973499367
46063,STARLINK-1577,1,1.0,470.7660697015762
46064,STARLINK-1583,1,1.0,470.7699479545345
46066,STARLINK-1525,1,1.0,412.4500831134683
46070,STARLINK-1536,1,1.0,470.7753047818314
46073,STARLINK-1542,1,1.0,470.782327994757
46074,STARLINK-1549,1,1.0,457.1069782074637
46075,STARLINK-1551,1,1.0,470.7771529940137
46076,STARLINK-1552,1,1.0,470.76014352702896
46077,STARLINK-1559,1,1.0,434.273923521424
46079,STARLINK-1566,1,1.0,470.76929511987055
46080,STARLINK-1568,1,1.0,389.3530303665684
46082,STARLINK-1578,1,1.0,470.75193991018114
46083,STARLINK-1579,1,1.0,470.7396971308672
46112,BSAT-4B,0,0.0,35786.78278755823
46113,MEV-2,0,0.0,35786.736811955525
46114,GALAXY 30 (G-30),0,0.0,35786.83605213271
46129,STARLINK-1623,1,1.0,272.49859635130633
46141,STARLINK-1596,1,1.0,360.5181037445609
46142,STARLINK-1597,1,1.0,282.0193816099254
46146,STARLINK-1608,1,1.0,440.63511372439007
46159,STARLINK-1595,1,1.0,298.15079015721767
46160,STARLINK-1598,1,1.0,308.8353878899243
46167,STARLINK-1626,1,1.0,280.8198970426074
46173,STARLINK-1640,1,1.0,295.990193126554
46174,STARLINK-1641,1,1.0,348.5259720191798
46232,GAOFEN-9 05,1,1.0,467.5549758430925
46265,SAOCOM 1B,0,0.0,622.5222968277767
46266,GNOMES-1,0,0.0,565.0153077075101
46275,ATHENA,1,1.0,415.6670426372039
46277,NEMO-HD,1,1.0,429.69627545819
46278,GHGSAT-C1,1,1.0,344.0003254006024
46320,NAPA-1,1,1.0,343.1437852240406
46329,STARLINK-1695,1,1.0,274.5938328473121
46342,STARLINK-1762,1,1.0,434.247391979291
46348,STARLINK-1553,1,1.0,432.4537706560132
46351,STARLINK-1646,1,1.0,225.0487554417796
46352,STARLINK-1653,1,1.0,260.9779466808386
46353,STARLINK-1656,1,1.0,315.08437060758206
46355,STARLINK-1661,1,1.0,433.3349465213769
46375,STARLINK-1724,1,1.0,317.2007210861248
46383,STARLINK-1770,1,1.0,293.9772210945493
46384,STARLINK-1771,1,1.0,360.3859559073098
46396,GAOFEN-11 02,1,1.0,495.38636826126
46457,JILIN-1 GAOFEN 3E,1,1.0,357.339022061562
46458,JILIN-1 GAOFEN 3F,1,1.0,368.5166952139725
46459,JILIN-1 GAOFEN 3G,1,1.0,321.60893209418464
46460,JILIN-1 GAOFEN 3H,1,1.0,339.19819021903004
46469,HAIYANG-2C,0,0.0,951.9495335652972
46478,HJ-2A,0,0.0,640.1536727343819
46479,HJ-2B,0,0.0,640.4030908787872
46486,GONETS-M 17,1,0.96,1494.4388049118415
46487,GONETS-M 18,0,0.02,1494.434569469754
46488,GONETS-M 19,0,0.0,1494.360401594654
46493,DEKART,1,1.0,450.7211605047769
46494,NORBI,1,1.0,414.9786124251941
46495,SALSAT,1,1.0,474.4147357622951
46496,ICEYE-X7,1,1.0,468.2265760028085
46497,ICEYE-X6,0,0.0,552.209252188798
46504,NETSAT-4,1,1.0,429.93954794156616
46505,NETSAT-3,1,1.0,433.2737542629666
46506,NETSAT-1,1,1.0,458.7008478503904
46507,NETSAT-2,1,1.0,422.2807845986563
46537,STARLINK-1672,1,1.0,336.2145360747554
46553,STARLINK-1664,1,1.0,378.1805099606409
46556,STARLINK-1676,1,1.0,294.661233638868
46562,STARLINK-1714,1,1.0,301.49647582273974
46563,STARLINK-1730,1,1.0,354.03029152612
46582,STARLINK-1728,1,1.0,270.5483445161408
46610,GAOFEN-13 01,0,0.0,35788.291081093295
46674,STARLINK-1718,1,1.0,280.5067871741667
46685,STARLINK-1781,1,1.0,299.38430972592505
46698,STARLINK-1797,1,1.0,328.6762197296357
46702,STARLINK-1802,1,1.0,434.3511311903758
46705,STARLINK-1805,1,1.0,310.22236399810026
46706,STARLINK-1807,1,1.0,459.4421400056235
46709,STARLINK-1810,1,1.0,342.29761100232827
46718,STARLINK-1821,1,1.0,384.4843702192511
46725,STARLINK-1828,1,1.0,331.36089837594045
46727,STARLINK-1830,1,1.0,274.57886642601807
46743,STARLINK-1892,1,1.0,287.8052257389709
46782,STARLINK-1835,1,1.0,286.0075542131672
46786,STARLINK-1893,1,1.0,315.8344428706814
46794,STARLINK-1942,1,1.0,317.03116525556925
46805,COSMOS 2547 [GLONASS-K],0,0.0,19130.04678759535
46807,YAOGAN-30 08A,0,0.0,557.9145782134055
46808,YAOGAN-30 08B,0,0.0,558.0553444086781
46809,YAOGAN-30 08C,0,0.0,557.9580894075416
46810,TIANQI-6,0,0.0,543.883230886885
46826,NAVSTAR 80 (USA 309),0,0.13,20182.100107853723
46905,RISAT-2BR2,0,0.0,562.8665088014477
46906,KSM1-C,1,1.0,483.244332244989
46907,KSM1-D,1,1.0,489.607033471545
46912,KSM1-A,1,1.0,485.70675664074224
46913,R2,1,1.0,487.39229162351785
46914,KSM1-B,1,1.0,490.26585904236254
46916,TIANTONG-1 2,0,0.0,35787.14218652775
46955,DRAGRACER 2 (AUGURY),1,1.0,344.80195794906194
46984,SENTINEL-6A,0,0.0,1337.7314075837794
47122,STARLINK-1777,1,1.0,324.5268244118988
47126,STARLINK-1812,1,1.0,493.2390179043723
47135,STARLINK-1845,1,1.0,312.7010135114288
47143,STARLINK-1856,1,1.0,327.2595280667647
47157,STARLINK-1871,1,1.0,440.8714890400852
47158,STARLINK-1873,1,1.0,233.1281995638319
47171,STARLINK-1888,1,1.0,322.5194494157604
47178,STARLINK-1912,1,1.0,292.52111256552325
47179,STARLINK-1913,1,1.0,447.2338101584055
47202,LUCAS (JDRS-1),0,0.0,35786.388354602255
47226,FALCON EYE 2,0,0.0,613.8650388834885
47227,GONETS-M 20,0,0.0,1494.3556679834965
47228,GONETS-M 21,0,0.01,1494.3865949347128
47229,GONETS-M 22,0,0.0,1494.359641513881
47230,COSMOS 2548,0,0.0,1494.2135953978232
47231,GAOFEN-14 01,1,1.0,489.5113256731629
47240,SXM-7,0,0.0,35786.78979604527
47242,IPM 2 & BREEZE-M R/B,0,0.0,37241.03235029816
47256,CMS-01,0,0.0,35787.18031354482
47258,ONEWEB-0102,1,0.99,1213.712458578579
47259,ONEWEB-0109,1,0.98,1213.7230635230871
47260,ONEWEB-0110,1,0.99,1213.725643422462
47261,ONEWEB-0111,0,0.03,1213.7201095602768
47262,ONEWEB-0114,0,0.02,1213.7135460657282
47263,ONEWEB-0117,0,0.02,1213.7160603992131
47264,ONEWEB-0118,1,0.98,1213.727594737944
47265,ONEWEB-0119,1,0.99,1213.721455425483
47266,ONEWEB-0120,0,0.03,1213.7181389678854
47267,ONEWEB-0121,1,0.99,1213.7170938988584
47268,ONEWEB-0122,1,0.99,1213.721733082563
47269,ONEWEB-0123,1,0.99,1213.720981094697
47270,ONEWEB-0124,0,0.02,1213.7231059429405
47271,ONEWEB-0125,1,1.0,1213.727340218462
47272,ONEWEB-0126,0,0.01,1213.7234298763778
47273,ONEWEB-0127,1,1.0,1213.723692108235
47274,ONEWEB-0128,1,0.99,1213.73094205675
47275,ONEWEB-0129,1,0.99,1213.7179692887576
47276,ONEWEB-0130,0,0.03,1213.7245366492189
47277,ONEWEB-0131,0,0.02,1213.7243554006773
47278,ONEWEB-0132,1,0.99,1213.714980623843
47279,ONEWEB-0133,0,0.03,1213.7213127406058
47280,ONEWEB-0134,1,0.99,1213.7237345280955
47281,ONEWEB-0135,1,0.98,1213.727606307012
47282,ONEWEB-0136,0,0.0,1213.7245944945007
47283,ONEWEB-0137,0,0.01,1213.7219336126927
47284,ONEWEB-0138,1,0.99,1213.721235613647
47285,ONEWEB-0139,1,1.0,1213.7206494488282
47286,ONEWEB-0140,0,0.0,1213.723595699461
47287,ONEWEB-0141,1,1.0,1213.7241433013332
47288,ONEWEB-0142,0,0.02,1213.72203773411
47289,ONEWEB-0143,1,1.0,1213.7031455396682
47290,ONEWEB-0144,1,1.0,1213.7198511850777
47291,ONEWEB-0145,0,0.04,1213.7317904561123
47292,ONEWEB-0146,1,1.0,1213.7285048380827
47293,ONEWEB-0147,0,0.0,1213.7235147160943
47302,YAOGAN-33 01,0,0.0,697.2286507140288
47303,WEINA 2,0,0.0,676.7010638001493
47306,TURKSAT 5A,0,0.0,35786.5394546944
47321,TIANTONG-1 3,0,0.0,35786.72251468999
47346,GMS-T,0,0.0,1197.5127350640296
47351,STARLINK-2017,1,1.0,470.74188216635775
47352,STARLINK-2034,1,1.0,470.7293383574024
47353,STARLINK-2045,1,1.0,470.7535943440125
47354,STARLINK-2046,1,1.0,470.7270191898906
47355,STARLINK-2047,1,1.0,470.73508858969217
47356,STARLINK-2049,1,1.0,470.7564858794185
47357,STARLINK-2050,1,1.0,470.761738346383
47358,STARLINK-2055,1,1.0,462.5183689999212
47361,STARLINK-2071,1,1.0,470.7326024846707
47362,STARLINK-2076,1,1.0,444.3684673962353
47366,STARLINK-2081,1,1.0,470.768806239219
47367,STARLINK-2082,1,1.0,470.736960622301
47368,STARLINK-2084,1,1.0,470.7606443300156
47371,STARLINK-2088,1,1.0,470.7520412628546
47373,STARLINK-2092,1,1.0,470.71853248437856
47375,STARLINK-2094,1,1.0,470.7351899417436
47376,STARLINK-2096,1,1.0,470.78801275626574
47377,STARLINK-2097,1,1.0,470.76110638047066
47378,STARLINK-2098,1,1.0,470.73846898071406
47379,STARLINK-2099,1,1.0,470.72861100902537
47380,STARLINK-2100,1,1.0,207.23644328885712
47381,STARLINK-2101,1,1.0,470.7659117098356
47382,STARLINK-2102,1,1.0,470.7455606611502
47383,STARLINK-2103,1,1.0,447.9688197021951
47384,STARLINK-2104,1,1.0,470.7790220743764
47385,STARLINK-2105,1,1.0,470.737437573488
47386,STARLINK-2106,1,1.0,470.7367310895716
47388,STARLINK-2109,1,1.0,469.2137875815006
47389,STARLINK-2110,1,1.0,460.1412323316554
47390,STARLINK-2111,1,1.0,470.6696874891613
47391,STARLINK-2112,1,0.98,523.7471143163912
47397,STARLINK-2119,1,1.0,450.0039651398192
47399,STARLINK-2121,1,1.0,470.7492749323774
47400,STARLINK-2122,1,1.0,470.7505299160093
47401,STARLINK-2123,1,1.0,470.7584920702093
47405,STARLINK-2130,1,1.0,470.73664464218473
47407,STARLINK-2134,1,1.0,470.3875565719373
47408,STARLINK-2135,1,1.0,470.3057085133578
47448,CUBEL,1,1.0,437.8244255972832
47486,CELESTIS-17 & SHERPA-FX1,1,1.0,467.8391884148814
47502,HAWK-2C,1,1.0,460.1923930966013
47504,ION SCV-002,1,1.0,430.7969732429174
47505,HAWK-2A,1,1.0,460.0233930933655
47508,HAWK-2B,1,1.0,459.6530097813138
47509,GHGSAT-C2,1,1.0,450.9866000012116
47532,YAOGAN-31 02A,1,1.0,1089.0427657715527
47533,YAOGAN-31 02B,1,0.99,1089.040715992213
47536,YAOGAN-31 02C,1,0.99,1089.0377338247836
47546,COSMOS 2549,0,0.0,903.7687129528058
47555,STARLINK-1954,1,1.0,427.4011324640069
47589,STARLINK-1994,1,1.0,163.47599428861213
47590,STARLINK-1995,1,1.0,244.87859273611048
47596,STARLINK-2001,1,1.0,314.0043705824537
47613,TJS-6,0,0.0,35786.471053000765
47621,STARLINK-1609,1,1.0,406.6465030065056
47625,STARLINK-1704,1,1.0,345.5121321030037
47627,STARLINK-1972,1,1.0,338.5427230027408
47628,STARLINK-1973,1,1.0,470.7467113096436
47630,STARLINK-1983,1,1.0,470.7468037192575
47632,STARLINK-1992,1,1.0,470.7302713906447
47638,STARLINK-2015,1,1.0,443.8781432823316
47641,STARLINK-2019,1,1.0,212.06706684457183
47648,STARLINK-2031,1,1.0,470.7469706527636
47650,STARLINK-2033,1,1.0,401.03341636243385
47652,STARLINK-2036,1,1.0,291.38757404015087
47655,STARLINK-2039,1,1.0,467.8725488280652
47656,STARLINK-2040,1,1.0,470.7404751583108
47657,STARLINK-2041,1,1.0,274.4794952934935
47691,YAOGAN-31 03A,1,1.0,1089.0372787300155
47693,YAOGAN-31 03B,1,1.0,1089.0369050343634
47695,YAOGAN-31 03C,1,1.0,1089.035906046218
47699,AMAZONIA 1,0,0.0,755.7423659351061
47719,ARKTIKA-M 1,1,1.0,20178.35599211556
47722,STARLINK-2068,1,1.0,470.75117380332
47723,STARLINK-2107,1,1.0,461.021845296581
47728,STARLINK-2131,1,1.0,343.20936111072933
47730,STARLINK-2140,1,1.0,470.72643492691896
47733,STARLINK-2143,1,1.0,470.73831099056497
47734,STARLINK-2144,1,1.0,470.75024076296
47736,STARLINK-2147,1,1.0,361.1420514332685
47739,STARLINK-2150,1,1.0,470.7666897447234
47742,STARLINK-2156,1,1.0,470.7384540759831
47745,STARLINK-2159,1,1.0,298.2923453393678
47746,STARLINK-2160,1,1.0,355.7769920310284
47747,STARLINK-2161,1,1.0,470.72842917195976
47749,STARLINK-2163,1,1.0,218.68531980208263
47750,STARLINK-2164,1,1.0,470.7236865078785
47752,STARLINK-2169,1,1.0,299.99148944021545
47753,STARLINK-2170,1,1.0,470.7183953618505
47760,STARLINK-2178,1,1.0,470.73069170284816
47762,STARLINK-2180,1,1.0,306.0073747486067
47767,STARLINK-2185,1,1.0,329.2023136683938
47770,STARLINK-2193,1,1.0,470.7013057752192
47771,STARLINK-2194,1,1.0,470.7475966535021
47772,STARLINK-2195,1,1.0,470.731952639846
47773,STARLINK-2196,1,1.0,470.72842917195976
47776,STARLINK-2209,1,1.0,295.0318752096855
47778,STARLINK-2211,1,1.0,367.9579524284191
47780,STARLINK-2213,1,1.0,470.7368384035717
47787,STARLINK-2257,1,1.0,470.7567839760259
47788,STARLINK-2314,1,1.0,432.1523189879954
47789,STARLINK-2315,1,1.0,470.7413336716109
47790,STARLINK-2319,1,1.0,470.7372825643433
47791,STARLINK-2322,1,1.0,449.14205729003424
47792,STARLINK-2334,1,1.0,470.71849969420873
47793,STARLINK-2338,1,1.0,470.7454384420389
47796,STARLINK-2373,1,1.0,449.6987071077838
47797,STARLINK-2377,1,1.0,470.7676198097097
47798,STARLINK-2379,1,1.0,470.7274096922529
47799,STARLINK-2380,1,1.0,470.76905366051415
47800,STARLINK-2381,1,1.0,470.739446731277
47802,STARLINK-2383,1,1.0,470.7268612004009
47804,STARLINK-2385,1,1.0,470.7420133281621
47805,STARLINK-2386,1,1.0,486.8870016510418
47806,STARLINK-2387,1,1.0,470.73560429281497
47807,STARLINK-2388,1,1.0,470.74638936649353
47808,STARLINK-2389,1,1.0,470.747936482534
47810,STARLINK-2391,1,1.0,470.7457901946191
47814,STARLINK-2395,1,1.0,468.7724744589914
47815,STARLINK-2396,1,1.0,470.7979514290055
47816,STARLINK-2399,1,1.0,470.7253021725337
47817,STARLINK-2400,1,1.0,470.7475519391583
47818,STARLINK-2401,1,1.0,303.6191433568174
47819,STARLINK-2402,1,1.0,470.74849392147553
47821,STARLINK-2406,1,1.0,470.73345503362
47822,STARLINK-2407,1,1.0,470.7241574948939
47823,STARLINK-2408,1,1.0,470.7613836107839
47824,STARLINK-2409,1,1.0,470.79132464950544
47825,STARLINK-2410,1,1.0,470.7385703328919
47826,STARLINK-2411,1,1.0,470.73121038608224
47827,STARLINK-2413,1,1.0,470.7752093902691
47828,STARLINK-2415,1,1.0,470.7300716678483
47830,STARLINK-2419,1,1.0,470.7492242560902
47831,STARLINK-2420,1,1.0,470.752962379981
47832,STARLINK-2422,1,1.0,470.7209291488143
47833,STARLINK-2423,1,1.0,470.7478887872294
47834,STARLINK-2424,1,1.0,470.7334699383255
47836,STARLINK-2426,1,1.0,470.7546227763587
47837,STARLINK-2427,1,1.0,470.4484203748452
47838,STARLINK-2429,1,1.0,470.72737392104045
47839,STARLINK-2431,1,1.0,468.6635833354794
47840,STARLINK-2432,1,1.0,470.7523721495536
47841,STARLINK-2433,1,1.0,470.7454801753929
47843,STARLINK-2435,1,1.0,470.758435431816
47844,STARLINK-2446,1,1.0,457.8044976498859
47845,STARLINK-2453,1,1.0,470.7286885133517
47851,SHIYAN-9 (SY-9),0,0.0,35784.49901690794
47854,YAOGAN-31 04A,1,1.0,1089.043132068009
47856,YAOGAN-31 04B,1,1.0,1089.042984069436
47857,YAOGAN-31 04C,1,1.0,1089.0401165985204
47861,STARLINK-2280,1,1.0,470.75300709441217
47862,STARLINK-2291,1,1.0,309.7034413347119
47870,STARLINK-2326,1,1.0,470.7494746565744
47873,STARLINK-2329,1,1.0,470.74106240522633
47874,STARLINK-2330,1,1.0,438.64810683289306
47879,STARLINK-2336,1,1.0,310.5343514524102
47883,STARLINK-2342,1,1.0,210.0489903823045
47884,STARLINK-2343,1,1.0,470.7280714597382
47887,STARLINK-2346,1,1.0,470.7469587289425
47894,STARLINK-2354,1,1.0,451.2484691532609
47895,STARLINK-2355,1,1.0,470.7742763417218
47896,STARLINK-2356,1,1.0,470.73955106443645
47898,STARLINK-2358,1,1.0,470.7438108416982
47901,STARLINK-2361,1,1.0,435.5347872251923
47904,STARLINK-2364,1,1.0,470.7590018157998
47907,STARLINK-2367,1,1.0,470.7381917527218
47910,STARLINK-2370,1,1.0,470.7344178776839
47911,STARLINK-2371,1,1.0,470.7591419213286
47916,STARLINK-2378,1,1.0,470.7528043889961
47919,STARLINK-2405,1,1.0,470.7475966535021
47932,CAS500-1,0,0.0,505.36188377539474
47933,GRUS-1C,0,0.0,570.7459052402091
47934,GRUS-1B,0,0.0,570.5246043655561
47935,GRUS-1E,0,0.0,570.0280636286752
47936,GRUS-1D,0,0.0,570.6278608723551
47945,UNISAT-7,1,1.0,440.8796241121572
47971,GLOBAL-9,1,1.0,420.9722012889752
47978,STARLINK-1647,1,1.0,470.73605143432906
47981,STARLINK-2303,1,1.0,470.7328886549185
47993,STARLINK-2273,1,1.0,334.6053226650047
47997,STARLINK-2266,1,1.0,470.729231043696
48000,STARLINK-2270,1,1.0,427.4861937882233
48009,STARLINK-2153,1,1.0,470.73851965680296
48010,STARLINK-2226,1,1.0,470.74203419481273
48019,STARLINK-2285,1,1.0,470.7269565902807
48022,STARLINK-2298,1,1.0,347.8560417946028
48023,STARLINK-2292,1,1.0,421.5669806821188
48029,STARLINK-2299,1,1.0,298.58506120001766
48042,ONEWEB-0115,0,0.02,1209.7601428443686
48043,ONEWEB-0152,0,0.01,1209.7673833339704
48044,ONEWEB-0153,1,0.99,1209.761968370436
48045,ONEWEB-0154,1,0.99,1209.7611981061382
48046,ONEWEB-0116,0,0.02,1209.7673101587234
48047,ONEWEB-0150,0,0.0,1209.7594765661388
48048,ONEWEB-0107,0,0.01,1209.7657234116905
48049,ONEWEB-0101,0,0.01,1209.77141952929
48050,ONEWEB-0113,0,0.0,1208.146449191845
48051,ONEWEB-0112,0,0.0,1209.7593340673457
48052,ONEWEB-0156,0,0.04,1209.7651495640605
48053,ONEWEB-0161,1,0.95,1209.7667209054816
48054,ONEWEB-0158,1,0.94,1209.768500219543
48055,ONEWEB-0157,0,0.01,1209.7739074920564
48056,ONEWEB-0162,1,0.98,1209.7655269940333
48057,ONEWEB-0155,1,0.98,1209.7680996812223
48058,ONEWEB-0149,0,0.03,1209.7615177658
48059,ONEWEB-0148,1,0.97,1209.7617719530226
48060,ONEWEB-0160,1,0.99,1209.7642252459557
48061,ONEWEB-0163,1,0.99,1209.7623766105944
48062,ONEWEB-0159,0,0.0,1209.7604085854364
48063,ONEWEB-0164,1,0.96,1209.7596036596633
48064,ONEWEB-0167,1,0.99,1209.758232590416
48065,ONEWEB-0166,0,0.02,1209.7624459343997
48066,ONEWEB-0151,0,0.01,1209.7621070180312
48067,ONEWEB-0170,0,0.0,1209.7637630870104
48068,ONEWEB-0168,1,0.94,1209.7652766578203
48069,ONEWEB-0173,1,0.99,1209.7627270809617
48070,ONEWEB-0171,1,0.98,1209.7618990466417
48071,ONEWEB-0172,0,0.0,1209.7728137125096
48072,ONEWEB-0174,1,1.0,1209.762041545555
48073,ONEWEB-0175,1,0.94,1209.7641482194604
48074,ONEWEB-0177,0,0.01,1209.7581324561688
48075,ONEWEB-0178,0,0.02,1209.76616246297
48076,ONEWEB-0108,0,0.01,1209.7698520367685
48077,ONEWEB-0169,0,0.0,1209.7594611608638
48079,GAOFEN-12 02,0,0.0,628.2767024297818
48093,STARLINK-2404,1,1.0,470.7331718442547
48094,STARLINK-2412,1,1.0,470.6293953459162
48095,STARLINK-2414,1,1.0,470.7119148397369
48096,STARLINK-2417,1,1.0,470.72935922395845
48097,STARLINK-2418,1,1.0,470.7276183576578
48098,STARLINK-2421,1,1.0,470.7394884645392
48099,STARLINK-2428,1,1.0,470.7263514607903
48100,STARLINK-2430,1,1.0,470.76127927679136
48101,STARLINK-2436,1,1.0,470.7539073451208
48104,STARLINK-2439,1,1.0,470.7346146198561
48105,STARLINK-2440,1,1.0,470.7616995937524
48106,STARLINK-2442,1,1.0,470.7630082405885
48107,STARLINK-2443,1,1.0,470.7249146514041
48111,STARLINK-2448,1,1.0,425.5613882836688
48112,STARLINK-2449,1,1.0,470.7373362213548
48113,STARLINK-2450,1,1.0,470.7639859999081
48115,STARLINK-2452,1,1.0,470.7219724735387
48116,STARLINK-2454,1,1.0,470.73060227471433
48117,STARLINK-2455,1,1.0,470.7563487549896
48119,STARLINK-2459,1,1.0,470.75194289114097
48120,STARLINK-2460,1,1.0,430.68819036282
48121,STARLINK-2462,1,1.0,470.7521128059216
48123,STARLINK-2464,1,1.0,470.7474654914313
48124,STARLINK-2465,1,1.0,470.7462939759371
48125,STARLINK-2466,1,1.0,470.7103349539657
48126,STARLINK-2467,1,1.0,470.7156976265424
48127,STARLINK-2468,1,1.0,470.70842120676025
48128,STARLINK-2469,1,1.0,466.0126183203938
48129,STARLINK-2471,1,1.0,470.77718578488657
48130,STARLINK-2472,1,1.0,470.7434262989027
48131,STARLINK-2473,1,1.0,470.7454354610836
48132,STARLINK-2474,1,1.0,470.7527089982159
48133,STARLINK-2475,1,1.0,470.74157810947327
48134,STARLINK-2476,1,1.0,470.7364568426983
48135,STARLINK-2478,1,1.0,470.8331723007004
48136,STARLINK-2479,1,1.0,470.7461896425202
48137,STARLINK-2480,1,1.0,470.7170420224802
48138,STARLINK-2481,1,1.0,470.7420133281621
48139,STARLINK-2482,1,1.0,470.76129120067526
48140,STARLINK-2483,1,1.0,470.7356639116797
48142,STARLINK-2485,1,1.0,470.7244227977417
48143,STARLINK-2486,1,1.0,432.6625128336427
48144,STARLINK-2487,1,1.0,470.73384553689993
48148,STARLINK-2491,1,1.0,470.7329959687695
48149,STARLINK-2492,1,1.0,470.7708094580503
48150,STARLINK-2493,1,1.0,470.7492004084261
48151,STARLINK-2503,1,1.0,470.7563040405039
48157,SHIYAN-6 03 (SY-6 03),0,0.0,972.3991500697604
48210,ONEWEB-0176,0,0.0,1205.787996872512
48211,ONEWEB-0184,0,0.01,1205.7977395188873
48212,ONEWEB-0179,1,1.0,757.3751423565973
48213,ONEWEB-0180,0,0.0,1205.7861275803398
48214,ONEWEB-0218,0,0.01,1205.7941663141164
48215,ONEWEB-0209,0,0.03,1205.7824505398376
48216,ONEWEB-0198,0,0.02,1205.7871199204865
48217,ONEWEB-0189,1,0.92,1205.7881084146757
48218,ONEWEB-0196,0,0.0,1205.785831416871
48219,ONEWEB-0183,0,0.02,1205.7865660561793
48220,ONEWEB-0185,0,0.01,1205.7940240014195
48221,ONEWEB-0187,0,0.06,1205.785196780963
48222,ONEWEB-0192,0,0.07,1205.7929393481108
48223,ONEWEB-0219,0,0.03,1205.7893276861623
48224,ONEWEB-0202,0,0.02,1205.7864275901184
48225,ONEWEB-0204,1,0.98,1205.7915777625894
48226,ONEWEB-0205,0,0.01,1205.785466020424
48227,ONEWEB-0206,0,0.0,1205.7875122410987
48228,ONEWEB-0182,0,0.0,1205.7932701288655
48229,ONEWEB-0186,1,0.96,1205.78726607914
48230,ONEWEB-0181,0,0.0,1205.7927931891827
48231,ONEWEB-0188,0,0.01,1205.7873545435923
48232,ONEWEB-0220,0,0.0,1205.7870506874424
48233,ONEWEB-0165,0,0.01,1205.794716333522
48234,ONEWEB-0199,0,0.0,1205.7881161072382
48235,ONEWEB-0203,0,0.02,1205.7915316071585
48236,ONEWEB-0197,0,0.0,1205.788312267602
48237,ONEWEB-0194,0,0.0,1205.7930124275754
48238,ONEWEB-0193,0,0.0,1205.7872083849334
48239,ONEWEB-0191,0,0.01,1205.796720251219
48240,ONEWEB-0195,1,0.99,1205.7896392351067
48241,ONEWEB-0201,1,0.96,1205.786119887783
48242,ONEWEB-0207,0,0.02,1205.796177924035
48243,ONEWEB-0208,0,0.0,1205.7880468741714
48244,ONEWEB-0200,0,0.09,1205.789700775642
48245,ONEWEB-0217,0,0.02,1205.7868391420398
48268,PLEIADES NEO 3,0,0.0,624.0463880916514
48269,LEMUR-2-AMANDA-SVANTE,1,1.0,453.91075093832296
48270,AII-BRAVO,0,0.0,555.0923777716562
48271,TYVAK-182A,0,0.0,546.6477186053125
48272,NORSAT 3,0,0.0,549.4516624380758
48273,LEMUR-2-SPECIAL-K,1,1.0,297.55437692266696
48274,CSS (TIANHE),1,1.0,390.9280654475178
48276,STARLINK-2567,1,1.0,470.7227355913037
48277,STARLINK-2569,1,1.0,457.9666401696659
48278,STARLINK-2543,1,1.0,470.7423919088597
48280,STARLINK-2565,1,1.0,470.7797524171283
48282,STARLINK-2558,1,1.0,470.73709476481326
48283,STARLINK-2516,1,1.0,470.7369397556886
48284,STARLINK-2564,1,1.0,470.7540325455748
48286,STARLINK-2547,1,1.0,470.7558270860318
48287,STARLINK-2566,1,1.0,470.7507654118135
48289,STARLINK-2545,1,1.0,470.7146960370919
48291,STARLINK-2555,1,1.0,470.7229800275072
48292,STARLINK-2542,1,1.0,470.68046634157326
48293,STARLINK-2550,1,1.0,470.7671458342438
48294,STARLINK-2533,1,1.0,470.7532545142785
48295,STARLINK-2535,1,1.0,470.7494120564516
48298,STARLINK-2559,1,1.0,446.3395943067744
48299,STARLINK-2557,1,1.0,470.7542352510827
48300,STARLINK-2538,1,1.0,470.783857245121
48301,STARLINK-2537,1,1.0,470.7420163091128
48303,STARLINK-2530,1,1.0,470.7597440770924
48304,STARLINK-2524,1,1.0,470.7820388383525
48305,STARLINK-2519,1,1.0,470.70144885870377
48306,STARLINK-2523,1,1.0,470.7864268646108
48309,STARLINK-2517,1,1.0,470.7521157868823
48310,STARLINK-2536,1,1.0,470.7292161390151
48311,STARLINK-2534,1,1.0,470.7628681348606
48312,STARLINK-2061,1,1.0,470.78242636756113
48314,STARLINK-2549,1,1.0,470.7406748818685
48315,STARLINK-2506,1,1.0,470.7620275006457
48316,STARLINK-2507,1,1.0,470.7463118616652
48317,STARLINK-2513,1,1.0,470.7584175460079
48318,STARLINK-2509,1,1.0,470.7619321095444
48319,STARLINK-2512,1,1.0,470.7803188055205
48320,STARLINK-2029,1,1.0,470.73822156218375
48321,STARLINK-2457,1,1.0,470.7343493160206
48323,STARLINK-2515,1,1.0,470.7638309892618
48325,STARLINK-2495,1,1.0,470.762310692995
48326,STARLINK-2498,1,1.0,470.7562652879497
48327,STARLINK-2502,1,1.0,470.7598812016904
48328,STARLINK-2504,1,1.0,470.6910961916519
48329,STARLINK-2510,1,1.0,470.7418851473085
48330,STARLINK-2501,1,1.0,470.76361337817616
48331,STARLINK-2514,1,1.0,453.6850581677072
48333,STARLINK-2518,1,1.0,470.74530728006994
48334,STARLINK-2470,1,1.0,470.7632616233068
48340,YAOGAN-34 01,0,0.12,1089.0958792266729
48353,STARLINK-2613,1,1.0,470.7381410766411
48354,STARLINK-2674,1,1.0,470.7568048427893
48355,STARLINK-2635,1,1.0,470.75256889301454
48356,STARLINK-2637,1,1.0,470.7561877828439
48357,STARLINK-2636,1,1.0,470.74432356551097
48358,STARLINK-2624,1,1.0,470.7141296622685
48359,STARLINK-2628,1,1.0,470.7512870798073
48360,STARLINK-2622,1,1.0,470.73645386175485
48361,STARLINK-2591,1,1.0,470.7279224129934
48362,STARLINK-2578,1,1.0,470.7371394789861
48364,STARLINK-2611,1,1.0,470.74579615652783
48365,STARLINK-2608,1,1.0,470.75013046747335
48367,STARLINK-2643,1,1.0,470.7038932027317
48368,STARLINK-2623,1,1.0,470.7216982281443
48370,STARLINK-2621,1,1.0,470.7665347339225
48371,STARLINK-2589,1,1.0,470.73709476481326
48373,STARLINK-2609,1,1.0,470.73664762313
48374,STARLINK-2604,1,1.0,470.7399862828033
48375,STARLINK-2603,1,1.0,470.7538536877864
48376,STARLINK-2610,1,1.0,337.9939858664957
48377,STARLINK-2499,1,1.0,470.7630768029694
48378,STARLINK-2526,1,1.0,470.7605280721709
48379,STARLINK-2612,1,1.0,470.7600093833871
48380,STARLINK-2614,1,1.0,470.7003340000792
48381,STARLINK-2630,1,1.0,471.1356790601867
48382,STARLINK-2585,1,1.0,470.7088415156113
48385,STARLINK-2598,1,1.0,470.7529743038285
48386,STARLINK-2606,1,1.0,470.6376939825796
48388,STARLINK-2594,1,1.0,470.75771999958215
48390,STARLINK-2586,1,1.0,470.75450651877054
48391,STARLINK-2607,1,1.0,470.73702918402887
48392,STARLINK-2605,1,1.0,470.8837611752952
48395,STARLINK-2574,1,1.0,470.725856625937
48396,STARLINK-2575,1,1.0,470.6860107899174
48397,STARLINK-2590,1,1.0,470.7510724506765
48398,STARLINK-2588,1,1.0,495.5294338055446
48399,STARLINK-2587,1,1.0,470.7300537822248
48400,STARLINK-2576,1,1.0,470.7390592081465
48401,STARLINK-2571,1,1.0,470.7108327669312
48404,STARLINK-2593,1,1.0,470.74088951018166
48405,STARLINK-2570,1,1.0,470.688234534181
48406,STARLINK-2568,1,1.0,470.8116372848172
48408,STARLINK-2592,1,1.0,470.7330227972325
48410,STARLINK-2563,1,1.0,470.7731584724752
48411,STARLINK-2505,1,1.0,470.7381857908304
48412,STARLINK-2581,1,1.0,470.7090471986894
48423,YAOGAN-30 09A,0,0.0,558.1711970436381
48424,YAOGAN-30 09B,0,0.0,558.0590028065826
48425,YAOGAN-30 09C,0,0.0,557.9856111593417
48426,TIANQI-12,0,0.04,528.3353518341046
48428,STARLINK-2461,1,1.0,470.7034401046494
48431,STARLINK-2700,1,1.0,471.0070147281367
48432,STARLINK-2680,1,1.0,470.73013128659113
48433,STARLINK-2699,1,1.0,470.740746424638
48434,STARLINK-2692,1,1.0,470.715149137036
48435,STARLINK-2633,1,1.0,470.74319378467953
48436,STARLINK-2639,1,1.0,470.7095986678887
48437,STARLINK-2642,1,1.0,470.8160015102394
48438,STARLINK-2640,1,1.0,470.7419924615115
48439,STARLINK-2583,1,1.0,470.74213852807225
48440,STARLINK-2682,1,1.0,470.71767397822623
48441,STARLINK-2702,1,1.0,470.7339588126706
48442,STARLINK-2644,1,1.0,360.27759648110623
48443,STARLINK-2663,1,1.0,470.7364955949725
48444,STARLINK-2645,1,1.0,470.726965533082
48445,STARLINK-2634,1,1.0,470.7312014432664
48449,STARLINK-2655,1,1.0,470.742874822894
48452,STARLINK-2703,1,1.0,470.7542054414471
48453,STARLINK-2620,1,1.0,470.7246881006158
48454,STARLINK-2654,1,1.0,470.7476234821079
48455,STARLINK-2497,1,1.0,470.7543932421504
48458,STARLINK-2698,1,1.0,470.7597142673985
48459,STARLINK-2579,1,1.0,470.7309540253909
48460,STARLINK-2582,1,1.0,240.6885017492359
48462,STARLINK-2683,1,1.0,470.7331360729686
48464,STARLINK-2686,1,1.0,470.7450538990133
48465,STARLINK-2681,1,1.0,316.45842651952535
48466,STARLINK-2687,1,1.0,470.7412949192685
48467,STARLINK-2659,1,1.0,470.74880394104457
48468,STARLINK-2685,1,1.0,470.7370589934762
48469,STARLINK-2661,1,1.0,470.71684528156857
48470,STARLINK-2675,1,1.0,470.7477844537507
48471,STARLINK-2684,1,1.0,470.7464609094122
48472,STARLINK-2722,1,1.0,523.00166968959
48473,STARLINK-2658,1,1.0,470.7375717160248
48474,STARLINK-2697,1,1.0,470.6989866314361
48478,STARLINK-2728,1,1.0,470.7312998142361
48479,STARLINK-2755,1,1.0,470.7362481766186
48481,STARLINK-2706,1,1.0,470.7463148426205
48482,STARLINK-2525,1,1.0,470.7300150300416
48483,STARLINK-2531,1,1.0,470.7660756635278
48485,STARLINK-2500,1,1.0,470.74210573761866
48487,STARLINK-2494,1,1.0,470.7560685442231
48553,STARLINK-2063,1,1.0,470.7419477472604
48554,STARLINK-2139,1,1.0,470.7229204089199
48555,STARLINK-2145,1,1.0,470.7451254418975
48556,STARLINK-2151,1,1.0,470.7055356839082
48557,STARLINK-2155,1,1.0,470.7228697331211
48558,STARLINK-2166,1,1.0,470.7479931207108
48562,STARLINK-2187,1,1.0,343.3621653609398
48563,STARLINK-2188,1,1.0,470.7429433847701
48564,STARLINK-2190,1,1.0,470.6969536561119
48566,STARLINK-2214,1,1.0,470.7187411491104
48568,STARLINK-2217,1,1.0,470.63571172692536
48569,STARLINK-2219,1,1.0,470.7528759320812
48571,STARLINK-2221,1,1.0,470.7502765344698
48572,STARLINK-2222,1,1.0,470.7221900813174
48573,STARLINK-2224,1,1.0,470.6503864144379
48574,STARLINK-2225,1,1.0,470.7537940685252
48575,STARLINK-2227,1,1.0,470.7354939979196
48576,STARLINK-2228,1,1.0,470.78242636756113
48577,STARLINK-2231,1,1.0,470.7561669160832
48578,STARLINK-2232,1,1.0,470.7671845869536
48580,STARLINK-2234,1,1.0,470.7045668881765
48581,STARLINK-2235,1,1.0,470.6540618055215
48582,STARLINK-2236,1,1.0,380.7931163558742
48583,STARLINK-2237,1,1.0,470.72159687659314
48586,STARLINK-2241,1,1.0,470.7541547650698
48589,STARLINK-2245,1,1.0,470.74374824170536
48593,STARLINK-2250,1,1.0,470.7274752728072
48594,STARLINK-2251,1,1.0,477.7445653890927
48595,STARLINK-2252,1,1.0,470.6636810397513
48596,STARLINK-2253,1,1.0,470.7629456401564
48597,STARLINK-2255,1,1.0,470.7558867053367
48602,STARLINK-2713,1,1.0,470.7662694269984
48603,STARLINK-2714,1,1.0,470.7485982549806
48604,STARLINK-2757,1,1.0,470.747626463065
48606,TYVAK-0130,1,1.0,481.1260196429139
48618,SBIRS GEO-5 (USA 315),0,0.0,35786.88595278143
48621,HAIYANG-2D,0,0.0,951.94015133457
48639,STARLINK-2739,1,1.0,470.74994862898166
48640,STARLINK-2736,1,1.0,470.76469547183024
48641,STARLINK-2754,1,1.0,470.7281638687255
48642,STARLINK-2646,1,1.0,470.7400608065045
48643,STARLINK-2704,1,1.0,470.7485237310466
48644,STARLINK-2695,1,1.0,470.73567285450827
48646,STARLINK-2732,1,1.0,470.7830344904333
48648,STARLINK-2521,1,1.0,470.7524973499367
48649,STARLINK-2673,1,1.0,470.75609537291166
48650,STARLINK-2672,1,1.0,470.8304446419006
48651,STARLINK-2731,1,1.0,470.7497220761216
48652,STARLINK-2727,1,1.0,291.84876399012774
48653,STARLINK-2720,1,1.0,470.7650591507836
48655,STARLINK-2657,1,1.0,470.7793857552324
48656,STARLINK-2701,1,1.0,470.7194058954292
48657,STARLINK-2734,1,1.0,470.7393781694891
48658,STARLINK-2647,1,1.0,470.7421802613762
48659,STARLINK-2717,1,1.0,470.7376253730408
48662,STARLINK-2726,1,1.0,470.7622302067448
48663,STARLINK-2667,1,1.0,470.7586619853955
48666,STARLINK-2666,1,1.0,470.749075208194
48667,STARLINK-2735,1,1.0,470.7296722222964
48668,STARLINK-2738,1,1.0,470.762197416052
48669,STARLINK-2707,1,1.0,470.7312998142361
48670,STARLINK-2763,1,1.0,470.7995999285995
48671,STARLINK-2745,1,1.0,470.75478971034136
48672,STARLINK-2705,1,1.0,470.7527209220643
48673,STARLINK-2711,1,1.0,470.7377923059876
48674,STARLINK-2712,1,1.0,470.7422219946821
48676,STARLINK-2746,1,1.0,470.7342092117588
48678,STARLINK-2615,1,1.0,470.7538000304503
48679,STARLINK-2648,1,1.0,470.75633086919606
48681,STARLINK-2725,1,1.0,470.7678940597016
48682,STARLINK-2743,1,1.0,470.75325153331687
48683,STARLINK-2756,1,1.0,470.6995142513788
48684,STARLINK-2741,1,1.0,470.74452925125297
48685,STARLINK-2751,1,1.0,470.6047827628199
48686,STARLINK-2629,1,1.0,470.7605519199333
48687,STARLINK-2627,1,1.0,470.7426959658351
48688,STARLINK-2742,1,1.0,470.74319378467953
48690,STARLINK-2740,1,1.0,470.7558926672655
48691,STARLINK-2750,1,1.0,470.7635150060469
48692,STARLINK-2752,1,1.0,470.7605757676965
48693,STARLINK-2618,1,1.0,470.7425528801941
48694,STARLINK-2748,1,1.0,470.71138125557263
48695,STARLINK-2616,1,1.0,470.7686065136131
48696,STARLINK-2753,1,1.0,470.7564978032806
48767,ONEWEB-0211,0,0.0,1199.2774664066085
48768,ONEWEB-0223,0,0.0,1201.768819978859
48769,ONEWEB-0230,0,0.0,1201.7666573910883
48770,ONEWEB-0237,0,0.0,1201.7762718916983
48771,ONEWEB-0235,0,0.0,1201.7763064624703
48772,ONEWEB-0242,0,0.0,1201.7665920909485
48773,ONEWEB-0241,0,0.0,1201.7582797787773
48774,ONEWEB-0243,0,0.0,1201.7724268560332
48775,ONEWEB-0222,0,0.0,1201.7753115926234
48776,ONEWEB-0244,0,0.0,1201.7680018060391
48777,ONEWEB-0247,0,0.0,1201.773487025221
48778,ONEWEB-0245,0,0.0,1201.775906978014
48779,ONEWEB-0229,0,0.0,1201.767732923002
48780,ONEWEB-0228,0,0.0,1201.7783422975365
48781,ONEWEB-0232,0,0.0,1201.7669032269205
48782,ONEWEB-0231,0,0.0,1201.7709672034125
48783,ONEWEB-0234,0,0.0,1201.766480696595
48784,ONEWEB-0238,0,0.0,1201.777001719198
48785,ONEWEB-0240,0,0.0,1201.7737597499636
48786,ONEWEB-0246,0,0.0,1201.7699800176952
48787,ONEWEB-0210,0,0.0,1201.7687623610473
48788,ONEWEB-0214,0,0.0,1201.7696765637847
48789,ONEWEB-0221,0,0.0,1201.7665037437037
48790,ONEWEB-0213,0,0.0,1201.766346255141
48791,ONEWEB-0212,0,0.0,1201.772695739488
48792,ONEWEB-0227,0,0.0,1201.7725420917968
48793,ONEWEB-0226,0,0.0,1201.771585635095
48794,ONEWEB-0224,0,0.0,1201.767241251223
48795,ONEWEB-0233,0,0.0,1201.7710017741238
48796,ONEWEB-0190,0,0.0,1201.7656970950584
48797,ONEWEB-0236,0,0.0,1201.76644996712
48798,ONEWEB-0248,0,0.0,1201.7753884165377
48799,ONEWEB-0225,0,0.0,1201.7679979648528
48800,ONEWEB-0215,0,0.0,1201.7756150470975
48801,ONEWEB-0216,0,0.0,1201.7687815669851
48802,ONEWEB-0239,0,0.0,1201.768604872369
48808,FENGYUN 4B,0,0.0,35787.62634997729
48838,SXM-8,0,0.0,35786.73569060092
48843,2021-050D,1,1.0,494.3785360963193
48859,NAVSTAR 81 (USA 319),0,0.02,20182.029745115586
48860,YAOGAN-30 10A,0,0.0,557.9970322280569
48861,YAOGAN-30 10B,0,0.0,558.0328341371523
48863,YAOGAN-30 10C,0,0.02,558.0078872097884
48864,TIANQI-14,0,0.03,523.5383698946544
48865,COSMOS 2550,1,1.0,464.380592239595
48881,STARLINK-3005,0,0.0,562.9896055848376
48892,TYVAK-0173,0,0.0,622.9164925527339
48907,MANDRAKE 2 ABLE,1,1.0,396.36023019955246
48908,MANDRAKE 2 BAKER,1,1.0,381.4283828886064
48909,PACE-1,1,1.0,298.65470810014176
48915,YAM-3,1,1.0,417.8660508074072
48924,FARADAY_PHOENIX,1,1.0,263.57663085499826
48931,HAWK-3B,1,1.0,347.85320701130604
48948,HAWK-3C,1,1.0,347.8383151887156
48951,DEMO8 (TENZING),1,1.0,396.6667934784564
48957,HAWK-3A,1,1.0,347.84055166341204
48958,SHERPA-FX2 & TAGSAT-2,1,1.0,392.9654734764463
48964,SPARTAN,1,1.0,299.6459893801557
48967,ONEWEB-0249,0,0.0,1197.761320294621
48968,ONEWEB-0250,0,0.0,1162.5084104056805
48970,ONEWEB-0252,0,0.0,1197.7494437139549
48971,ONEWEB-0253,0,0.0,1197.761159177906
48972,ONEWEB-0254,0,0.0,1197.751212155349
48973,ONEWEB-0255,0,0.0,1197.752221049709
48974,ONEWEB-0256,0,0.0,1197.7502416223078
48975,ONEWEB-0257,0,0.0,1197.7513272383394
48976,ONEWEB-0258,0,0.0,1197.756762996537
48977,ONEWEB-0259,0,0.0,1197.7519525226608
48978,ONEWEB-0260,0,0.0,1197.7568013576038
48979,ONEWEB-0261,0,0.0,1197.7543846113686
48980,ONEWEB-0262,0,0.0,1197.7515727487316
48981,ONEWEB-0263,0,0.0,1197.7538360486042
48982,ONEWEB-0264,0,0.0,1197.7527581038785
48984,ONEWEB-0266,0,0.0,1197.7576990066946
48985,ONEWEB-0267,0,0.0,1197.7540355259616
48986,ONEWEB-0268,0,0.0,1197.753713293312
48987,ONEWEB-0269,0,0.0,1197.751806750843
48988,ONEWEB-0270,0,0.0,1197.7613931807582
48989,ONEWEB-0271,0,0.0,1197.750456443825
48990,ONEWEB-0272,0,0.0,1197.7608906500643
48991,ONEWEB-0273,0,0.0,1197.7547797300658
48992,ONEWEB-0274,0,0.0,1197.761017241758
48993,ONEWEB-0275,0,0.0,1197.7588153142697
48994,ONEWEB-0276,0,0.0,1197.7544651695453
48995,ONEWEB-0277,0,0.0,1197.760046705578
48996,ONEWEB-0278,0,0.0,1197.7526545291375
48997,ONEWEB-0279,0,0.0,1197.753682604491
48998,ONEWEB-0280,0,0.0,1197.760161788904
48999,ONEWEB-0281,0,0.0,1197.759789686167
49000,ONEWEB-0282,0,0.0,1197.7589841030804
49001,ONEWEB-0283,0,0.0,1197.7550789462002
49002,ONEWEB-0284,0,0.0,1197.7550866184092
49003,JILIN-1 KUANFU-01B,0,0.0,536.4742670520291
49008,FENGYUN 3E,0,0.0,825.6637187286933
49011,TIANLIAN 1-05,0,0.0,35786.2487494123
49018,NINGXIA-1 6,0,0.0,864.3738950125726
49019,NINGXIA-1 7,0,0.0,864.318548575101
49020,NINGXIA-1 8,0,0.0,864.3567898134015
49021,NINGXIA-1 9,0,0.0,864.2791938084283
49022,NINGXIA-1 10,0,0.0,864.3062769329745
49026,YAOGAN-30 11A,0,0.0,557.8639206223024
49027,TIANQI-15,0,0.01,533.2794462957781
49028,YAOGAN-30 11B,0,0.0,557.9944292540567
49029,YAOGAN-30 11C,0,0.0,557.9492191235768
49044,ISS (NAUKA),1,1.0,418.5676010211937
49049,TIANHUI 1-04,1,1.0,495.3261128930399
49052,MONOLITH,0,0.0,537.358050433978
49055,STAR ONE D2,0,0.0,35786.85735800961
49056,EUTELSAT QUANTUM,0,0.0,35787.24170943727
49059,KL-BETA A,0,0.0,913.25365648141
49060,KL-BETA B,0,0.0,912.1112586736016
49062,ZHONGXING-2E,0,0.0,35787.04210351802
49070,PLEIADES NEO 4,0,0.0,624.0431556046196
49071,TIANHUI 2-02A,0,0.0,515.7148521100535
49072,TIANHUI 2-02B,0,0.0,515.7114007974551
49075,ONEWEB-0285,1,1.0,1213.7244942293455
49076,ONEWEB-0286,0,0.01,1213.7258863727411
49077,ONEWEB-0287,0,0.0,1193.7118462287108
49078,ONEWEB-0288,1,0.98,1213.7219220436457
49079,ONEWEB-0289,0,0.0,1193.7143823439835
49080,ONEWEB-0290,0,0.0,1193.713876653156
49081,ONEWEB-0291,0,0.0,1193.7065671315231
49082,ONEWEB-0293,0,0.0,1193.7143861749755
49083,ONEWEB-0294,1,0.99,1213.7266267927562
49084,ONEWEB-0295,0,0.0,1193.7163476432324
49085,ONEWEB-0296,0,0.02,1213.7155899256131
49086,ONEWEB-0297,0,0.02,1213.722762727788
49087,ONEWEB-0298,0,0.0,1193.7027284904343
49088,ONEWEB-0299,0,0.0,1193.7115244257166
49089,ONEWEB-0300,1,1.0,1213.721698375427
49090,ONEWEB-0301,1,1.0,1213.725334914201
49091,ONEWEB-0302,0,0.01,1213.7102566111062
49092,ONEWEB-0304,0,0.01,1193.7101031295651
49093,ONEWEB-0305,0,0.0,1193.7141103436034
49094,ONEWEB-0308,1,0.99,1213.7174911021748
49095,ONEWEB-0309,0,0.0,1193.7146236964554
49096,ONEWEB-0310,1,0.99,1213.7229285508338
49097,ONEWEB-0311,0,0.0,1193.7143057241565
49098,ONEWEB-0312,0,0.0,1193.7093369324566
49099,ONEWEB-0313,0,0.0,1193.7130146803474
49100,ONEWEB-0314,0,0.0,1193.7053603725735
49101,ONEWEB-0315,1,0.99,1213.721104497822
49102,ONEWEB-0316,0,0.0,1189.734101416586
49103,ONEWEB-0317,1,0.97,1213.7424880211283
49104,ONEWEB-0318,0,0.0,1189.7467079772568
49105,ONEWEB-0319,0,0.0,1193.714723302243
49106,ONEWEB-0323,0,0.03,1213.722932407184
49107,ONEWEB-0329,0,0.0,1193.7144244848896
49108,ONEWEB-0330,0,0.0,1193.7091415522243
49112,RSW-01,0,0.0,1098.6414983076447
49113,PAYLOAD B,0,0.01,861.1600698960774
49114,RSW-02,0,0.0,1098.6582796999928
49115,TJS-7,0,0.0,35786.59888589934
49122,GAOFEN-5 02,0,0.0,700.5577874971495
49125,CHINASAT 9B,0,0.0,35786.86520754999
49132,STARLINK-3090,0,0.0,572.0563486222454
49133,STARLINK-3077,0,0.0,572.0569454589868
49134,STARLINK-3078,0,0.0,572.0529840734762
49135,STARLINK-3073,0,0.0,572.0529005782928
49137,STARLINK-3055,0,0.0,574.5415488749313
49138,STARLINK-3058,0,0.0,572.0581793343144
49139,STARLINK-3057,1,1.0,462.82384626016574
49141,STARLINK-3093,0,0.0,572.054827152997
49143,STARLINK-3109,0,0.0,574.5592812358545
49144,STARLINK-3100,0,0.0,572.0628705394975
49145,STARLINK-3119,0,0.0,572.042983223695
49146,STARLINK-3116,0,0.0,574.6031344163866
49147,STARLINK-3071,0,0.0,572.0678431637843
49148,STARLINK-3048,0,0.0,574.5866832021857
49151,STARLINK-3102,0,0.0,572.0875543876118
49153,STARLINK-3072,0,0.0,572.0663340579613
49154,STARLINK-3068,0,0.0,574.5519889473671
49155,STARLINK-3060,0,0.0,572.0583834340459
49156,STARLINK-3085,0,0.0,572.0620912484374
49157,STARLINK-3051,0,0.0,546.8678066327193
49158,STARLINK-3083,1,1.0,307.4746917221209
49159,STARLINK-3056,0,0.0,572.0720705199083
49160,STARLINK-3095,0,0.0,572.0708335459803
49161,STARLINK-3080,0,0.0,572.0690739515167
49163,STARLINK-3088,0,0.0,574.5574829235484
49164,STARLINK-3106,0,0.0,572.0575824973084
49165,STARLINK-3052,0,0.0,572.0615624439142
49166,STARLINK-3089,0,0.0,574.5542267741012
49167,STARLINK-3054,0,0.0,572.0555167619232
49169,STARLINK-3046,0,0.0,572.0634797473431
49171,STARLINK-3107,0,0.02,516.6841479876375
49173,STARLINK-3045,0,0.0,572.0416813222737
49175,STARLINK-3087,0,0.0,574.5604945556597
49176,STARLINK-3069,1,1.0,397.841372929277
49177,STARLINK-3103,0,0.0,572.0726364356642
49178,STARLINK-3086,0,0.0,572.0638075445122
49179,STARLINK-3043,0,0.0,572.063173597191
49181,STARLINK-3059,0,0.0,572.0552724609834
49186,ONEWEB-0292,1,0.96,1209.7612327680272
49187,ONEWEB-0303,0,0.0,1189.7423578470498
49188,ONEWEB-0306,0,0.0,1189.7427480959432
49189,ONEWEB-0307,0,0.01,1209.7648876739013
49190,ONEWEB-0320,0,0.0,1189.7438461494685
49191,ONEWEB-0321,1,0.97,1181.7617797798855
49192,ONEWEB-0322,0,0.02,1209.7608668925511
49193,ONEWEB-0324,0,0.0,1189.7357274495353
49194,ONEWEB-0325,0,0.0,1189.7538625585605
49195,ONEWEB-0326,0,0.0,1189.7364773379668
49196,ONEWEB-0327,0,0.0,1189.7369555832356
49197,ONEWEB-0328,0,0.01,1209.762650054504
49198,ONEWEB-0331,0,0.0,1189.7380383308057
49199,ONEWEB-0333,0,0.03,1209.7632932254874
49200,ONEWEB-0334,0,0.0,1181.760329741753
49201,ONEWEB-0335,1,0.98,1209.765037875607
49202,ONEWEB-0336,0,0.01,1209.7645217979834
49203,ONEWEB-0337,0,0.0,1209.7564301744824
49204,ONEWEB-0338,0,0.0,1181.7737578846327
49205,ONEWEB-0339,1,0.98,1209.7640711929662
49206,ONEWEB-0340,0,0.0,1189.7444965646373
49207,ONEWEB-0341,0,0.0,1189.7433525992292
49208,ONEWEB-0342,0,0.0,1181.7778599862058
49209,ONEWEB-0343,0,0.0,1189.7434444225228
49210,ONEWEB-0344,1,0.99,1209.7631160646033
49211,ONEWEB-0345,0,0.0,1209.7598655493648
49212,ONEWEB-0346,0,0.0,1189.7435285938782
49213,ONEWEB-0348,0,0.0,1181.7667557055
49214,ONEWEB-0350,1,0.98,1209.7669288772004
49215,ONEWEB-0351,0,0.0,1181.7730175989873
49216,ONEWEB-0352,0,0.02,1209.760316153758
49217,ONEWEB-0354,0,0.0,1181.7728496991758
49218,ONEWEB-0355,1,0.99,1209.7687890693269
49219,ONEWEB-0357,0,0.03,1181.7643631390174
49256,JILIN-1 GAOFEN 2D,0,0.0,533.0983811005099
49258,SHIYAN-10 01 (SY-10 01),1,1.0,20176.03376234137
49260,LANDSAT 9,0,0.0,702.5234828103185
49261,CS1,1,1.0,457.8406702434713
49262,CS2,1,1.0,452.57432721804616
49264,CUPID,1,1.0,485.8005245310351
49279,ONEWEB-0332,0,0.0,1205.7940778494658
49280,ONEWEB-0347,0,0.0,1181.7729412808903
49281,ONEWEB-0349,1,0.91,1181.7289251391176
49282,ONEWEB-0353,0,0.0,1205.7858506482644
49283,ONEWEB-0356,0,0.0,1181.7706326593534
49284,ONEWEB-0358,0,0.0,1181.774830154367
49285,ONEWEB-0359,0,0.0,1181.7743951409766
49286,ONEWEB-0360,0,0.0,1181.7702739645947
49287,ONEWEB-0361,0,0.0,1181.7772227291307
49288,ONEWEB-0362,0,0.0,1185.773830375817
49289,ONEWEB-0363,0,0.01,1181.7672899311292
49290,ONEWEB-0364,0,0.0,1181.77454396134
49291,ONEWEB-0365,0,0.0,1185.7727490456018
49292,ONEWEB-0366,0,0.0,1205.7884161172124
49293,ONEWEB-0367,0,0.0,1181.7760512449186
49294,ONEWEB-0368,0,0.0,1181.7719376980883
49295,ONEWEB-0369,0,0.0,1185.7584969202462
49296,ONEWEB-0370,0,0.0,1181.776638894923
49297,ONEWEB-0371,0,0.0,1185.7609576041175
49298,ONEWEB-0372,0,0.0,1181.771399655735
49299,ONEWEB-0373,0,0.0,1181.7769594313368
49300,ONEWEB-0374,1,0.98,1205.7851390867972
49301,ONEWEB-0375,0,0.0,1181.7773715496332
49302,ONEWEB-0376,0,0.0,1185.7690809318556
49303,ONEWEB-0377,0,0.0,1181.77815762728
49304,ONEWEB-0378,0,0.0,1181.768438516553
49305,ONEWEB-0379,0,0.0,1205.7875314725025
49306,ONEWEB-0380,0,0.0,1185.7728636742286
49307,ONEWEB-0381,0,0.0,1181.7020158897349
49308,ONEWEB-0382,0,0.0,1181.7669655798427
49309,ONEWEB-0383,0,0.0,1205.7860160382506
49310,ONEWEB-0384,0,0.0,1181.603206966306
49311,ONEWEB-0385,0,0.0,1181.776234408545
49312,ONEWEB-0386,0,0.0,1181.7777951157186
49313,ONEWEB-0387,0,0.0,1181.7705563413174
49314,ONEWEB-0388,0,0.0,1185.7699062570618
49316,2021-091B,0,0.0,509.5201442490079
49318,2021-091D,0,0.01,893.2334831747412
49330,SHIJIAN-21 (SJ-21),0,0.0,35788.17304805435
49332,SES-17,0,0.0,35787.33310282354
49333,SYRACUSE 4A,0,0.0,35786.44526227027
49336,QZS-1R (MICHIBIKI-1R),1,0.93,35795.3089426353
49338,JILIN-1 GAOFEN 2F,0,0.0,542.0055217023355
49383,YAOGAN-32 02A,0,0.0,679.4146449815416
49384,YAOGAN-32 02B,0,0.0,679.4078907906105
49387,SDGSAT 1,0,0.03,507.8356909899121
49390,YAOGAN-35 01A,1,1.0,483.9253526288831
49393,YAOGAN-35 01C,1,1.0,494.74603491899234
49396,TEIKYOSAT-4 (OORURI),0,0.02,537.2074024044668
49397,RAISE 2,1,1.0,499.6404004473607
49399,Z-SAT,0,0.0,509.9842727391342
49400,HIBARI,1,1.0,467.6964010291049
49401,DRUMS,0,0.0,503.0030788071108
49402,KOSEN-1,1,1.0,483.2369715950026
49409,STARLINK-3075,1,1.0,465.2303250587729
49410,STARLINK-3147,1,1.0,470.7497071713297
49411,STARLINK-3162,1,1.0,459.72111122717433
49413,STARLINK-3157,1,1.0,465.22559488214665
49414,STARLINK-3146,1,1.0,465.2437510700347
49415,STARLINK-3159,1,1.0,461.07300471139297
49416,STARLINK-3133,1,1.0,459.74521642200034
49417,STARLINK-3154,1,1.0,465.2446971109802
49418,STARLINK-3111,1,1.0,465.2491298229125
49419,STARLINK-3120,1,1.0,459.6991527939072
49420,STARLINK-3110,1,1.0,459.7617062908994
49421,STARLINK-3112,1,1.0,470.73330896752304
49422,STARLINK-3161,1,1.0,459.7374614081964
49424,STARLINK-3135,1,1.0,465.2504239381514
49425,STARLINK-3139,1,1.0,470.7487353790211
49426,STARLINK-3114,1,1.0,460.6611514939632
49427,STARLINK-3131,1,1.0,470.744708108432
49428,STARLINK-3121,0,0.12,521.2479802348143
49430,STARLINK-3138,1,1.0,462.7406160124237
49431,STARLINK-3153,1,1.0,462.73994428370406
49432,STARLINK-3158,1,1.0,470.74739096753
49433,STARLINK-3079,0,0.0,539.8046928116373
49434,STARLINK-3134,0,0.04,533.4259312214408
49435,STARLINK-3117,0,0.0,539.7602461641391
49436,STARLINK-3049,0,0.0,539.7894920451117
49437,STARLINK-3130,1,1.0,465.2338563343246
49438,STARLINK-3044,0,0.0,539.7642136578806
49440,STARLINK-3105,0,0.0,539.7801906721479
49441,STARLINK-3128,1,1.0,462.73951033514913
49442,STARLINK-3098,1,1.0,462.4710431229523
49443,STARLINK-3136,0,0.04,528.9512215025297
49444,STARLINK-3126,0,0.0,539.766655900693
49445,STARLINK-3122,1,1.0,465.2446941360077
49446,STARLINK-3099,1,1.0,478.0209627881623
49447,STARLINK-3115,1,1.0,470.74097297675416
49449,STARLINK-3137,1,1.0,398.5275506502967
49450,STARLINK-3127,1,1.0,459.7477133511084
49451,STARLINK-3125,1,1.0,465.2502127147045
49452,STARLINK-3150,1,1.0,470.7610348371709
49453,STARLINK-3129,1,1.0,470.7313326045596
49454,STARLINK-3160,1,1.0,462.64492308160425
49455,STARLINK-3145,1,1.0,462.7440014087924
49456,STARLINK-3124,1,1.0,465.2509713342088
49457,STARLINK-3132,1,1.0,470.741375404903
49458,STARLINK-3156,1,1.0,465.5968463767658
49459,STARLINK-3141,1,1.0,459.9701302952208
49460,STARLINK-3140,1,1.0,459.7323369356418
49469,GLOBAL-14,1,1.0,408.11843223966935
49492,GAOFEN-11 03,1,1.0,494.3527444354741
49495,GAOFEN-3 02,0,0.0,751.193910827019
49503,COSMOS 2552,1,1.0,20178.345754694536
49505,ZHONGXING-1D,0,0.0,35786.75895872412
49724,STARLINK-3219,1,1.0,470.7698436202172
49725,STARLINK-3218,1,1.0,459.7439694427994
49727,STARLINK-3242,1,1.0,459.73778502816367
49728,STARLINK-3240,1,1.0,462.7581642405921
49729,STARLINK-3251,1,1.0,470.7777581347255
49730,STARLINK-3249,1,1.0,459.7308880714463
49732,STARLINK-3246,1,1.0,470.7393841313824
49733,STARLINK-3252,1,1.0,470.78190171264487
49734,STARLINK-3238,1,1.0,470.7545214235888
49735,STARLINK-3113,1,1.0,462.7429165359263
49736,STARLINK-3148,1,1.0,459.7404660280854
49737,STARLINK-3225,1,1.0,522.283610463026
49738,STARLINK-3143,1,0.52,528.3474579050699
49739,STARLINK-3155,1,1.0,459.6901034530174
49740,STARLINK-3226,1,1.0,470.7656225551618
49741,STARLINK-3244,1,1.0,470.7431997465828
49742,STARLINK-3202,1,1.0,459.68745516075705
49743,STARLINK-3239,1,1.0,470.7338246703112
49744,STARLINK-3231,1,1.0,470.72345995719206
49745,STARLINK-3241,1,1.0,470.7311537482528
49746,STARLINK-3233,1,1.0,523.4045322191187
49747,STARLINK-3247,1,1.0,526.8838967416459
49748,STARLINK-3248,1,0.99,538.5417062032266
49749,STARLINK-3250,1,1.0,470.7390919985628
49750,STARLINK-3236,1,1.0,470.7740408438958
49751,STARLINK-3229,1,1.0,529.2701105865108
49752,STARLINK-3209,1,1.0,462.7429165359263
49753,STARLINK-3200,1,1.0,462.75951067941605
49754,STARLINK-3193,1,1.0,465.2307266779189
49755,STARLINK-3210,1,1.0,459.74136860229646
49756,STARLINK-3207,1,1.0,462.7805811957669
49757,STARLINK-3197,1,1.0,465.22971519277417
49758,STARLINK-3194,1,1.0,462.7469439428405
49759,STARLINK-3204,1,1.0,459.7504240508079
49760,STARLINK-3199,1,1.0,462.7240249557517
49761,STARLINK-3203,1,1.0,459.7280230041397
49762,STARLINK-3195,1,1.0,462.7330248930348
49763,STARLINK-3198,1,1.0,470.7271741984541
49765,STARLINK-3227,1,1.0,470.7593833798119
49766,STARLINK-3190,1,1.0,459.7424107195975
49767,STARLINK-3192,1,1.0,462.74736897579714
49768,STARLINK-3196,1,1.0,462.7387018832314
49769,STARLINK-3208,1,1.0,470.7747205085616
49770,STARLINK-3191,1,1.0,470.7742942276336
49771,STARLINK-3201,1,1.0,459.7163697820279
49772,GLOBAL-12,1,1.0,397.7243622197466
49773,GLOBAL-13,1,1.0,423.0069792284448
49809,GSAT0223 (GALILEO 27),0,0.0,23221.94413767426
49810,GSAT0224 (GALILEO 28),0,0.0,23221.934993064933
49817,STPSAT-6,0,0.0,35786.88342971138
49949,GLOBAL-17,1,1.0,402.482332817076
49950,GLOBAL-16,1,1.0,409.4121471692497
49954,IXPE,0,0.01,534.1088452179692
49961,SHIJIAN-6 05A (SJ-6 05A),0,0.0,568.0731575917353
49962,SHIJIAN-6 05B (SJ-6 05B),0,0.01,529.5500465524783
50001,EXPRESS AMU-7,0,0.0,35786.680463979224
50002,EXPRESS AMU-3,0,0.0,35786.39844658849
50005,TIANLIAN 2-02,0,0.0,35786.61654709967
50159,STARLINK-3297,1,1.0,465.2381670551358
50161,STARLINK-3304,1,1.0,459.746451525768
50163,STARLINK-3306,1,1.0,341.0776317673044
50165,STARLINK-3298,1,1.0,462.7296454547258
50166,STARLINK-3305,1,1.0,470.7162252497028
50167,STARLINK-3271,1,1.0,459.8071771592249
50169,STARLINK-3301,1,1.0,459.7502815385988
50170,STARLINK-3245,1,1.0,470.74326234656473
50171,STARLINK-3286,1,1.0,470.7362809670021
50172,STARLINK-3287,1,1.0,459.69378493979366
50173,STARLINK-3289,0,0.02,518.6555304851636
50174,STARLINK-3292,1,1.0,462.72006594383765
50175,STARLINK-3291,1,1.0,462.4054646717932
50176,STARLINK-3293,1,1.0,470.7696647613966
50177,STARLINK-3282,1,1.0,462.6802145873762
50179,STARLINK-3283,1,1.0,470.7172238587873
50180,STARLINK-3265,1,1.0,470.7486250835964
50181,STARLINK-3285,1,1.0,470.82238986641096
50182,STARLINK-3277,1,1.0,470.7350647421517
50183,STARLINK-3281,0,0.06,535.922982507117
50185,STARLINK-3279,1,1.0,470.74719720539633
50186,STARLINK-3274,1,1.0,470.7592969317111
50187,STARLINK-3272,0,0.03,525.3828971735884
50189,STARLINK-3276,0,0.03,510.54202093229287
50190,STARLINK-3268,1,1.0,462.7543835152583
50191,STARLINK-3273,1,1.0,462.7278680561285
50192,STARLINK-3259,1,1.0,465.1759433955567
50193,STARLINK-3261,1,1.0,470.7510843745176
50195,STARLINK-3266,1,1.0,470.74251710878616
50197,STARLINK-3267,1,1.0,462.6860579107615
50198,STARLINK-3264,0,0.03,516.5478507618827
50199,STARLINK-3270,1,1.0,474.047226724605
50200,STARLINK-3235,1,1.0,481.1884808312016
50202,STARLINK-3256,1,1.0,470.9528670279851
50203,STARLINK-3257,1,1.0,470.7448303275132
50204,STARLINK-3254,1,1.0,470.7329423118426
50205,STARLINK-3260,0,0.0,539.7688750118023
50212,TURKSAT 5B,0,0.0,35786.69027580236
50319,INMARSAT 6-F1,0,0.0,35786.7925994409
50321,SHIYAN-12 01 (SY-12 01),0,0.0,35849.8225775604
50322,SHIYAN-12 02 (SY-12 02),0,0.0,35732.53309725745
50465,ZY-1 02E,0,0.0,773.8966549508496
50466,XW-3 (CAS-9),0,0.0,753.878054406001
50469,ONEWEB-0389,0,0.0,1193.7133556384515
50470,ONEWEB-0390,0,0.0,1193.7116010454738
50471,ONEWEB-0391,0,0.0,1193.7131564269705
50472,ONEWEB-0392,0,0.0,1193.7151025704609
50473,ONEWEB-0393,1,0.93,1193.728127972474
50474,ONEWEB-0394,0,0.0,1189.738573965789
50475,ONEWEB-0395,1,0.98,1217.694487191221
50476,ONEWEB-0396,0,0.0,1189.7462641642132
50477,ONEWEB-0397,0,0.0,1189.7444276971428
50478,ONEWEB-0398,1,1.0,1217.685401341273
50479,ONEWEB-0399,0,0.02,1217.6791459057613
50480,ONEWEB-0400,0,0.0,1189.7383252781065
50481,ONEWEB-0401,0,0.0,1189.7378585105116
50482,ONEWEB-0402,0,0.0,1189.742702184305
50483,ONEWEB-0403,0,0.0,1189.7369096716875
50484,ONEWEB-0404,1,0.99,1217.6788254115727
50485,ONEWEB-0405,0,0.0,1189.742220112158
50486,ONEWEB-0406,0,0.01,1189.745659660346
50487,ONEWEB-0407,0,0.0,1189.743823193642
50488,ONEWEB-0409,1,0.98,1217.6778948202054
50489,ONEWEB-0412,0,0.0,1189.7434865082005
50490,ONEWEB-0413,0,0.0,1189.7432263422031
50491,ONEWEB-0414,0,0.0,1189.7471135306105
50492,ONEWEB-0417,0,0.0,1189.7437849339312
50493,ONEWEB-0418,0,0.0,1189.739541934964
50494,ONEWEB-0419,0,0.0,1189.8154079600608
50495,ONEWEB-0420,0,0.0,1189.74279783355
50496,ONEWEB-0421,0,0.0,1189.7370550582618
50497,ONEWEB-0424,0,0.0,1189.7369441053488
50498,ONEWEB-0426,0,0.0,1189.7391555124505
50499,ONEWEB-0427,0,0.0,1189.7358957918204
50500,ONEWEB-0429,0,0.0,1189.7442402245242
50501,ONEWEB-0430,0,0.0,1189.743635721063
50502,ONEWEB-0432,0,0.0,1189.7362056946868
50503,ONEWEB-0440,0,0.0,1189.7441866609224
50504,ONEWEB-0450,0,0.0,1189.7460652135596
50572,TIANHUI 4A,1,1.0,425.0651637634246
50573,TIANHUI 4B,1,1.0,425.0610362190973
50574,TJS-9,0,0.0,35786.06625521384
50804,STARLINK-3323,1,1.0,459.73350671590106
50805,STARLINK-3333,0,0.06,501.2277500109467
50806,STARLINK-3335,1,1.0,484.6993225590586
50808,STARLINK-3355,1,1.0,470.74257672780095
50809,STARLINK-3232,1,1.0,470.7491079987294
50812,STARLINK-3338,1,1.0,487.3697084885307
50813,STARLINK-3349,1,1.0,414.2735963929517
50814,STARLINK-3324,1,1.0,470.7116912709407
50815,STARLINK-3234,1,1.0,470.70583675588114
50816,STARLINK-3342,0,0.02,507.3092611090879
50817,STARLINK-3341,1,1.0,459.7396525239574
50818,STARLINK-3336,1,1.0,459.7297568890717
50819,STARLINK-3327,1,1.0,465.2309349249072
50820,STARLINK-3339,1,1.0,470.7524794641668
50821,STARLINK-3346,1,1.0,470.7323192953936
50822,STARLINK-3343,1,1.0,470.7530488278817
50823,STARLINK-3334,1,1.0,465.2365813992792
50825,STARLINK-3332,1,1.0,470.78901139152
50827,STARLINK-3329,1,1.0,462.7499667311113
50828,STARLINK-3290,1,1.0,470.7489738556287
50829,STARLINK-3294,1,1.0,465.2110295594202
50830,STARLINK-3278,1,1.0,462.7569069705023
50831,STARLINK-3299,1,1.0,471.1700217747484
50832,STARLINK-3328,0,0.02,535.0250199454413
50834,STARLINK-3331,1,1.0,465.209916933788
50835,STARLINK-3310,0,0.04,529.9234563993559
50836,STARLINK-3330,1,1.0,470.7333477197517
50837,STARLINK-3318,1,1.0,459.7478350801721
50839,STARLINK-3320,1,1.0,470.8294966693147
50840,STARLINK-3295,1,1.0,465.2576858697339
50841,STARLINK-3300,1,1.0,465.2385032261973
50842,STARLINK-3302,1,1.0,470.7457991374813
50844,STARLINK-3326,1,1.0,464.17268846191655
50845,STARLINK-3230,1,1.0,470.7490185699944
50846,STARLINK-3308,1,1.0,470.7353360079405
50848,STARLINK-3315,1,1.0,459.75909355747535
50849,STARLINK-3311,1,1.0,462.7316873839709
50850,STARLINK-3312,1,1.0,495.0217281199202
50851,STARLINK-3314,1,1.0,465.2267997376821
50993,ION SCV-004,1,1.0,473.0876685677049
51053,HYPSO-1,1,1.0,333.39802361642705
51060,ETV-A1,1,1.0,441.1386646876417
51061,BRO-5,1,1.0,418.1406045796748
51102,SHIYAN-13 (SY-13),1,0.98,823.0867822112596
51104,STARLINK-3366,0,0.01,530.6169421295954
51105,STARLINK-3350,1,1.0,498.9547487543505
51106,STARLINK-3176,1,0.98,501.2192287874386
51108,STARLINK-3362,1,1.0,500.6831320067295
51109,STARLINK-3358,1,1.0,489.190637159908
51110,STARLINK-3344,1,1.0,495.3625011664253
51111,STARLINK-3173,1,1.0,474.33828335241833
51112,STARLINK-3374,1,1.0,495.8336942946125
51113,STARLINK-3372,1,1.0,502.70981334161934
51114,STARLINK-3375,1,1.0,470.7338425559583
51115,STARLINK-3397,1,1.0,489.53819747619673
51116,STARLINK-3243,1,1.0,470.7414231000948
51117,STARLINK-3391,1,0.98,508.3841042840695
51118,STARLINK-3394,1,1.0,488.0733548570333
51120,STARLINK-3398,1,1.0,496.48967826600347
51121,STARLINK-3399,0,0.0,539.7769567482883
51123,STARLINK-3392,1,1.0,497.97526013130846
51124,STARLINK-3389,1,0.97,524.8888722751562
51125,STARLINK-3387,1,1.0,459.7032143188435
51126,STARLINK-3386,1,1.0,470.7136556960577
51127,STARLINK-3370,1,1.0,470.77530776281856
51128,STARLINK-3400,0,0.0,539.7662524261377
51129,STARLINK-3396,1,0.99,524.8883615185723
51130,STARLINK-3395,1,0.97,528.132110482913
51131,STARLINK-3388,1,1.0,470.7532306665808
51132,STARLINK-3393,1,0.94,529.961151036412
51133,STARLINK-3356,1,1.0,459.0930437492944
51135,STARLINK-3363,1,1.0,459.7552041521112
51136,STARLINK-3253,1,1.0,459.7416090908682
51137,STARLINK-3180,1,1.0,462.7344485978465
51138,STARLINK-3177,1,0.78,534.5867224102849
51139,STARLINK-3172,1,1.0,465.2255324081716
51140,STARLINK-3175,1,1.0,470.7339290032569
51141,STARLINK-3179,1,1.0,462.8534301374693
51142,STARLINK-3369,1,1.0,482.4294443234403
51143,STARLINK-3184,1,1.0,462.7127899368788
51144,STARLINK-3185,1,1.0,470.7117836793741
51146,STARLINK-3354,1,1.0,462.7428511463431
51147,STARLINK-3352,1,1.0,461.1202054148507
51148,STARLINK-3359,0,0.01,519.3691811684921
51149,STARLINK-3360,1,1.0,462.73024881939455
51150,STARLINK-3357,1,1.0,459.7185697878013
51152,STARLINK-3364,1,1.0,465.239636688214
51284,LUDI TANCE 1-01A (L-SA*),0,0.0,602.8843091965418
51287,ASCENT,0,0.0,35520.21811302664
51444,CSG-2,0,0.0,622.5184394770886
51461,STARLINK-3181,1,0.98,500.3538456268989
51462,STARLINK-3166,1,1.0,470.7609126173684
51463,STARLINK-3419,1,1.0,470.7305515987728
51464,STARLINK-3189,1,0.98,501.8783526528096
51465,STARLINK-3401,1,0.96,515.0469475484215
51467,STARLINK-3178,1,1.0,501.5396533899093
51468,STARLINK-3174,1,1.0,491.8556385940183
51469,STARLINK-3182,1,1.0,497.3439857324775
51472,STARLINK-3415,1,1.0,494.20979122151766
51622,ONEWEB-0410,0,0.04,1193.7147156402589
51623,ONEWEB-0411,1,1.0,1221.729156314249
51624,ONEWEB-0415,0,0.02,1221.730892384533
51625,ONEWEB-0416,1,1.0,1221.7207041020374
51626,ONEWEB-0422,0,0.0,1193.7129533845127
51627,ONEWEB-0423,0,0.0,1193.7110685381997
51628,ONEWEB-0425,1,0.99,1221.7139145103465
51629,ONEWEB-0428,1,0.95,1221.732442862396
51630,ONEWEB-0431,1,1.0,1221.709549228481
51631,ONEWEB-0434,1,0.98,1221.7116448723136
51632,ONEWEB-0435,0,0.02,1221.7022222194246
51633,ONEWEB-0436,0,0.0,1193.7141103436034
51634,ONEWEB-0438,1,1.0,1221.7179163464389
51635,ONEWEB-0439,1,0.89,1221.8286939005584
51636,ONEWEB-0442,0,0.0,1193.7152136692412
51637,ONEWEB-0443,0,0.0,1193.7123749051334
51638,ONEWEB-0444,1,1.0,1221.72367358654
51639,ONEWEB-0445,0,0.01,1221.7042559943093
51640,ONEWEB-0446,1,1.0,1221.724261297359
51641,ONEWEB-0448,1,1.0,1221.718751512895
51642,ONEWEB-0449,1,1.0,1221.7127158937974
51643,ONEWEB-0451,0,0.0,1193.7145125976958
51644,ONEWEB-0452,0,0.0,1193.7178953651755
51646,ONEWEB-0456,1,0.99,1221.705531937424
51647,ONEWEB-0457,1,1.0,1221.7277566324683
51648,ONEWEB-0458,1,1.0,1221.7065952237608
51649,ONEWEB-0461,0,0.0,1193.7141524845065
51650,ONEWEB-0463,0,0.0,1193.7135088780606
51651,ONEWEB-0464,1,0.97,1221.7038036146068
51652,ONEWEB-0468,1,0.99,1221.710929569368
51653,ONEWEB-0473,1,1.0,1221.71851952219
51654,ONEWEB-0474,1,0.98,1221.726155892217
51655,ONEWEB-0475,0,0.0,1193.7090036367745
51656,EOS-4,0,0.01,527.8637951405026
51714,STARLINK-3528,1,1.0,464.6215738730416
51715,STARLINK-3533,1,1.0,470.7401114826207
51716,STARLINK-3543,1,1.0,465.2951650019368
51717,STARLINK-3445,1,1.0,470.73173503129146
51718,STARLINK-3546,1,0.99,499.5661765956838
51719,STARLINK-3540,1,1.0,470.6605988271504
51720,STARLINK-3526,1,1.0,470.7277167284983
51721,STARLINK-3524,1,1.0,470.7454801753929
51722,STARLINK-3535,1,1.0,459.8153450720784
51724,STARLINK-3529,1,1.0,465.2017418266951
51725,STARLINK-3522,1,1.0,465.1331676812024
51726,STARLINK-3527,1,0.94,526.2213077868137
51727,STARLINK-3532,1,1.0,460.0523409594907
51729,STARLINK-3523,1,1.0,459.7445543353533
51731,STARLINK-3514,1,1.0,459.7429154489182
51732,STARLINK-3518,1,1.0,459.74610712177855
51733,STARLINK-3525,1,1.0,462.7457461230415
51734,STARLINK-3450,1,1.0,459.72904433348594
51735,STARLINK-3517,1,1.0,462.7369987849361
51736,STARLINK-3447,1,1.0,470.7546376811788
51737,STARLINK-3509,1,1.0,455.70522150595934
51738,STARLINK-3515,1,1.0,470.7632765281724
51739,STARLINK-3516,1,1.0,459.718605415439
51740,STARLINK-3500,1,1.0,459.7344686675542
51741,STARLINK-3520,1,1.0,470.7608500169836
51742,STARLINK-3521,1,1.0,462.7298505392537
51743,STARLINK-3512,1,1.0,465.2691395904076
51744,STARLINK-3452,1,1.0,464.9643411783063
51745,STARLINK-3449,1,1.0,459.7466712317864
51746,STARLINK-3502,1,1.0,470.7535824201623
51747,STARLINK-3446,1,1.0,470.74831208309297
51748,STARLINK-3501,1,1.0,462.74240828056736
51749,STARLINK-3451,1,1.0,470.739211236446
51750,STARLINK-3505,1,1.0,470.7469110336533
51751,STARLINK-3506,1,1.0,462.7397154204164
51752,STARLINK-3511,1,1.0,470.7291386346733
51753,STARLINK-3507,1,1.0,465.2484426033434
51754,STARLINK-3457,1,1.0,459.709475848269
51755,STARLINK-3460,1,1.0,462.7066523071626
51756,STARLINK-3513,1,1.0,465.229096402044
51757,STARLINK-3459,1,1.0,462.75763517651376
51758,STARLINK-3458,1,1.0,459.7243889748961
51759,STARLINK-3456,1,1.0,462.7362170839797
51768,STARLINK-3622,1,1.0,459.7122399514065
51769,STARLINK-3621,0,0.01,534.7351011546934
51770,STARLINK-3612,1,1.0,465.18420767278985
51771,STARLINK-3614,1,1.0,459.7286049243021
51772,STARLINK-3623,1,1.0,459.7371080983676
51773,STARLINK-3624,1,0.96,536.2990614969422
51774,STARLINK-3629,0,0.0,539.817326047917
51775,STARLINK-3620,1,1.0,333.80042843492265
51776,STARLINK-3608,1,1.0,459.71602835079193
51777,STARLINK-3625,1,1.0,459.7310068307779
51778,STARLINK-3615,1,1.0,465.0036040943714
51779,STARLINK-3611,1,1.0,459.8921917481348
51780,STARLINK-3617,1,1.0,462.6776585088428
51781,STARLINK-3580,1,1.0,459.717955211112
51782,STARLINK-3616,1,1.0,462.75637196212847
51783,STARLINK-3628,1,1.0,470.7536450203797
51784,STARLINK-3632,1,1.0,462.73387792693575
51785,STARLINK-3646,1,1.0,470.7391486365568
51786,STARLINK-3638,1,1.0,462.73253447296975
51787,STARLINK-3619,1,1.0,462.73095621262473
51788,STARLINK-3641,1,1.0,462.83141088036245
51789,STARLINK-3639,1,1.0,462.74250339267473
51790,STARLINK-3631,0,0.09,535.8514783385881
51791,STARLINK-3602,1,1.0,465.2413086199204
51792,STARLINK-3626,1,1.0,465.2629932501868
51795,STARLINK-3586,1,1.0,462.73996508945766
51798,STARLINK-3634,1,1.0,462.7328376417263
51799,STARLINK-3637,1,1.0,462.744554248281
51801,STARLINK-3592,1,1.0,462.66828723203616
51803,STARLINK-3544,1,1.0,462.73579205275473
51804,STARLINK-3601,1,1.0,462.0424132864946
51805,STARLINK-3605,1,1.0,465.21165429593657
51807,STARLINK-3606,1,1.0,459.6757308573251
51808,STARLINK-3609,1,1.0,459.7606374451061
51809,STARLINK-3607,1,1.0,465.2284924862288
51810,STARLINK-3613,1,1.0,465.48393101648526
51811,STARLINK-3569,1,1.0,462.7408537925412
51812,STARLINK-3610,1,1.0,461.6786227272978
51813,STARLINK-3552,1,1.0,459.81791926122696
51814,STARLINK-3599,1,1.0,474.4877455805963
51815,STARLINK-3604,1,1.0,470.7423233469963
51822,LUDI TANCE 1-01B (L-SA*),0,0.0,602.8775834069702
51850,GOES 18,0,0.0,35786.64177741793
51852,STARLINK-3542,1,1.0,462.7139223533568
51854,STARLINK-3541,1,0.99,504.0412198398972
51855,STARLINK-3545,1,1.0,462.7461562945282
51856,STARLINK-3568,1,1.0,470.7459004899283
51857,STARLINK-3571,1,1.0,470.7422219946821
51858,STARLINK-3563,1,1.0,459.732417098232
51859,STARLINK-3560,1,1.0,470.7227981908181
51860,STARLINK-3559,1,1.0,459.7888758974286
51861,STARLINK-3562,1,1.0,465.2570968225373
51862,STARLINK-3508,1,1.0,459.8472004621726
51863,STARLINK-3555,1,1.0,459.787878298097
51864,STARLINK-3548,1,1.0,459.770939948342
51865,STARLINK-3503,1,1.0,469.54541725806575
51866,STARLINK-3553,1,1.0,466.1564755713816
51867,STARLINK-3590,1,1.0,471.389528369602
51868,STARLINK-3578,1,1.0,459.7749570444139
51869,STARLINK-3588,1,1.0,465.35990532768847
51870,STARLINK-3591,1,1.0,459.7912273830025
51871,STARLINK-3567,1,1.0,465.2966227655015
51872,STARLINK-3554,1,1.0,459.8176282916284
51873,STARLINK-3582,1,1.0,490.6423506987248
51874,STARLINK-3574,1,1.0,477.1030978407716
51875,STARLINK-3585,1,1.0,464.6855963189664
51876,STARLINK-3583,1,1.0,478.8984191844629
51877,STARLINK-3556,1,1.0,462.7346209880425
51878,STARLINK-3575,1,1.0,479.15923772506267
51879,STARLINK-3572,1,1.0,462.7225269505698
51880,STARLINK-3566,1,1.0,495.9102091707073
51881,STARLINK-3504,1,1.0,462.7238912052553
51882,STARLINK-3570,1,1.0,470.7560268107072
51883,STARLINK-3576,1,1.0,462.71964685957846
51884,STARLINK-3577,1,1.0,462.7258736854992
51885,STARLINK-3584,1,1.0,465.2492071723118
51886,STARLINK-3565,1,0.96,534.8740351531969
51887,STARLINK-3551,1,1.0,462.73786370906873
51888,STARLINK-3536,1,1.0,465.26462652124064
51889,STARLINK-3547,1,1.0,462.7351946313529
51891,STARLINK-3549,1,1.0,462.74460477662615
51892,STARLINK-3587,1,1.0,462.732879253128
51893,STARLINK-3579,1,0.97,533.5621979886746
51894,STARLINK-3595,1,1.0,462.7245391521637
51895,STARLINK-3594,1,1.0,462.74988945231325
51896,STARLINK-3593,1,1.0,465.2490108238408
51897,STARLINK-3598,1,1.0,462.6743266937801
51898,STARLINK-3597,1,1.0,462.75484718883854
51946,2022-023A,1,0.99,511.3342069862947
51947,2022-023B,1,0.95,511.2028962864015
51948,2022-023C,1,0.99,511.5051819566652
51949,2022-023D,1,0.98,511.1432829004725
51950,2022-023E,1,0.99,1049.1962224027502
51951,2022-023F,1,0.96,511.9303252061718
51956,STARLINK-3700,1,1.0,470.7360275867795
51957,STARLINK-3694,1,1.0,470.7607874166006
51958,STARLINK-3692,1,1.0,470.7481809209866
51959,STARLINK-3704,1,1.0,470.7676973151392
51960,STARLINK-3691,1,1.0,470.7449137942049
51962,STARLINK-3697,1,1.0,470.7439330607385
51963,STARLINK-3675,1,1.0,470.741104138514
51964,STARLINK-3690,1,1.0,470.7539490786057
51965,STARLINK-3696,1,1.0,470.7316366603072
51966,STARLINK-3699,1,1.0,470.7845875891626
51968,STARLINK-3681,1,1.0,470.7450032228053
51969,STARLINK-3680,1,1.0,470.7563606788535
51970,STARLINK-3677,1,1.0,470.7612971626186
51971,STARLINK-3669,1,1.0,470.733106263564
51972,STARLINK-3671,1,1.0,470.754801634198
51973,STARLINK-3679,1,1.0,470.720562494791
51974,STARLINK-3672,1,1.0,470.73822156218375
51975,STARLINK-3674,1,1.0,470.7579554960048
51977,STARLINK-3660,1,1.0,470.7416436903677
51980,STARLINK-3649,1,1.0,497.29655486764113
51981,STARLINK-3635,0,0.14,500.4442182664834
51983,STARLINK-3655,1,1.0,497.3377129401206
51984,STARLINK-3664,1,0.98,499.9317090290624
51985,STARLINK-3651,1,1.0,470.73038764720513
51986,STARLINK-3645,0,0.07,502.23387389512936
51987,STARLINK-3644,1,1.0,462.6541426983604
51988,STARLINK-3640,1,1.0,470.7176024360588
51989,STARLINK-3642,1,1.0,462.7307005999237
51990,STARLINK-3657,1,1.0,467.4006512669821
51991,STARLINK-3652,1,1.0,462.7602478029376
51992,STARLINK-3643,1,1.0,459.73346218111055
51993,STARLINK-3648,1,1.0,496.9180312207691
51994,STARLINK-3647,1,1.0,459.8000900077877
51995,STARLINK-3636,1,1.0,470.7507266593384
51996,STARLINK-3538,1,1.0,465.2421951606357
51997,STARLINK-3589,1,1.0,461.5173830232079
51998,STARLINK-3618,1,1.0,459.728661334937
52000,STARLINK-3653,1,1.0,459.9873875895328
52001,STARLINK-3659,1,1.0,463.8895907191081
52002,STARLINK-3668,1,1.0,459.78034287205446
52084,YAOGAN-34 02,0,0.04,1089.0846422573975
52090,STARLINK-3712,1,1.0,465.23721506651873
52092,STARLINK-3716,0,0.02,512.5188847756335
52093,STARLINK-3673,1,1.0,462.7338600934727
52094,STARLINK-3714,1,1.0,462.73708200786496
52095,STARLINK-3701,1,1.0,459.7129910991434
52096,STARLINK-3717,1,1.0,465.2519739022682
52098,STARLINK-3665,1,1.0,459.6959700826756
52100,STARLINK-3702,1,1.0,462.6960266611459
52101,STARLINK-3703,1,1.0,459.7326100822565
52102,STARLINK-3709,1,1.0,465.2452623557265
52103,STARLINK-3705,1,1.0,462.75043337620536
52105,STARLINK-3706,1,1.0,461.5686497478755
52106,STARLINK-3670,1,1.0,462.7265454107656
52107,STARLINK-3658,1,1.0,459.7425621383836
52108,STARLINK-3698,1,1.0,465.24844557831966
52110,STARLINK-3687,1,1.0,465.2363523271206
52111,STARLINK-3708,1,1.0,462.743980603007
52112,STARLINK-3734,1,1.0,467.9209776865701
52113,STARLINK-3736,1,1.0,465.2155990640904
52114,STARLINK-3737,1,1.0,462.7452200336211
52115,STARLINK-3685,1,1.0,462.74821606964906
52116,STARLINK-3735,1,1.0,465.212603300728
52117,STARLINK-3738,1,1.0,462.7290777570561
52118,STARLINK-3743,1,1.0,462.7176138559971
52119,STARLINK-3558,1,1.0,461.6584282492331
52120,STARLINK-3534,1,1.0,462.75208595437743
52121,STARLINK-3678,1,1.0,537.8716041229336
52122,STARLINK-3726,1,1.0,465.2331572187532
52123,STARLINK-3725,0,0.0,539.7786134460503
52125,STARLINK-3727,0,0.0,539.7647607934423
52126,STARLINK-3732,1,0.98,545.4936750523939
52127,STARLINK-3715,0,0.03,530.0740887823331
52129,STARLINK-3661,0,0.0,532.0113824048967
52131,STARLINK-3711,1,0.98,503.5671256976893
52132,STARLINK-3718,0,0.11,524.6493621251639
52133,STARLINK-3707,0,0.06,528.2384138589305
52134,STARLINK-3721,0,0.05,530.4042020706174
52136,STARLINK-3720,1,1.0,538.4498051256851
52137,STARLINK-3733,0,0.0,539.7782344228581
52138,STARLINK-3723,0,0.0,539.7767550102526
52139,STARLINK-3730,1,1.0,462.7564224906928
52140,STARLINK-3682,0,0.01,531.5941366687994
52145,MERIDIAN 10,1,1.0,20178.643879494863
52150,TK-2,0,0.0,555.1996079236515
52151,PUJIANG 2 (PJ-2),0,0.0,584.3403759856683
52153,TIANPING 2A,0,0.0,575.1120713140408
52155,TIANPING 2B,0,0.0,561.1496685858046
52156,TIANPING 2C,0,0.01,531.1193055535341
52157,OMNI-L1,0,0.0,620.1294303758441
52158,GNOMES-3,0,0.0,612.7999954447714
52159,ENMAP,0,0.0,645.2923599479163
52161,ARCSAT-1,1,1.0,402.7663200934203
52184,NUSAT-26 (M SOMERVILLE),1,1.0,434.1320916039895
52196,GLOBAL-18,1,1.0,422.1298276324797
52200,GAOFEN-3 03,0,0.0,751.1939899202198
52202,COSMOS 2554,0,0.0,905.3162839210244
52255,ZHONGXING-6D,0,0.0,35785.464683099126
52257,DAQI-1,0,0.0,700.5931006735991
52262,STARLINK-3761,1,1.0,525.8909974728704
52263,STARLINK-3786,1,1.0,526.8104325205422
52264,STARLINK-3795,1,1.0,462.7301774856351
52265,STARLINK-3740,1,1.0,459.73097417196
52266,STARLINK-3739,1,0.96,533.9315628265331
52267,STARLINK-3748,1,1.0,459.8396203361781
52268,STARLINK-3746,1,1.0,462.0479640410522
52269,STARLINK-3791,1,0.99,519.8901261628489
52270,STARLINK-3804,1,1.0,529.6691041399818
52271,STARLINK-3788,1,1.0,519.9037581461071
52272,STARLINK-3781,1,1.0,470.7441089369268
52273,STARLINK-3782,1,1.0,470.7464817760984
52274,STARLINK-3790,1,1.0,470.7423591184033
52275,STARLINK-3784,1,1.0,525.6334582082618
52276,STARLINK-3778,1,1.0,525.8981232984452
52278,STARLINK-3780,1,1.0,515.4999517501992
52280,STARLINK-3764,1,1.0,470.7241217237252
52281,STARLINK-3779,1,1.0,527.7954147496357
52282,STARLINK-3783,1,1.0,465.2380629313657
52283,STARLINK-3789,1,0.99,523.5287553655826
52284,STARLINK-3561,1,1.0,459.6382098614095
52286,STARLINK-3802,1,1.0,462.7529954672509
52287,STARLINK-3822,1,1.0,470.71668431174567
52288,STARLINK-3776,1,1.0,462.7560479848871
52289,STARLINK-3751,1,1.0,470.7494060945355
52290,STARLINK-3772,1,1.0,459.7427313711551
52292,STARLINK-3753,1,1.0,462.73260580679016
52293,STARLINK-3771,1,1.0,462.763249799973
52294,STARLINK-3777,1,1.0,465.20120336525815
52295,STARLINK-3765,1,1.0,435.8766164505414
52296,STARLINK-3766,1,1.0,462.6360066539419
52297,STARLINK-3758,1,1.0,465.238625199775
52298,STARLINK-3760,1,1.0,462.725754796088
52300,STARLINK-3769,1,1.0,460.4801096744868
52301,STARLINK-3768,1,1.0,465.24687479138265
52302,STARLINK-3564,1,1.0,470.741795718809
52303,STARLINK-3742,1,1.0,465.2379201330568
52304,STARLINK-3744,1,1.0,462.7860769742774
52305,STARLINK-3724,1,1.0,465.2300959871373
52306,STARLINK-3747,1,1.0,459.7466534177838
52307,STARLINK-3755,1,1.0,459.7504537408513
52309,STARLINK-3756,1,1.0,470.7723267780512
52310,STARLINK-3688,1,1.0,470.7463446521697
52311,STARLINK-3750,1,1.0,465.2356502359489
52312,STARLINK-3752,1,1.0,462.7400810072359
52313,STARLINK-3749,1,1.0,465.2174554275398
52320,SUPERVIEW NEO-1 01,0,0.0,515.1482432301264
52322,SUPERVIEW NEO-1 02,0,0.0,515.2815355618632
52331,STARLINK-3889,0,0.0,539.7848000900049
52332,STARLINK-3831,0,0.0,539.7816272936006
52333,STARLINK-3847,1,1.0,470.7271026560393
52334,STARLINK-3880,0,0.0,539.7788121275826
52335,STARLINK-3814,0,0.0,539.7874288065441
52336,STARLINK-3823,1,1.0,465.29458189672914
52337,STARLINK-3797,0,0.0,539.7831892381973
52339,STARLINK-3792,0,0.0,539.7720416803213
52340,STARLINK-3818,1,1.0,462.7428362850742
52341,STARLINK-3843,0,0.0,539.7501837941218
52342,STARLINK-3850,1,1.0,484.7803459284314
52343,STARLINK-3849,0,0.0,539.8044329948989
52344,STARLINK-3851,1,1.0,492.220033192938
52345,STARLINK-3852,1,1.0,470.737157364656
52346,STARLINK-3812,1,1.0,470.7497339999573
52347,STARLINK-3826,1,1.0,465.2276416493942
52348,STARLINK-3829,1,1.0,459.706061546427
52349,STARLINK-3819,1,1.0,459.7482685544428
52350,STARLINK-3754,1,1.0,462.7691884137121
52352,STARLINK-3838,1,1.0,497.33203613556816
52353,STARLINK-3807,1,1.0,465.230464881728
52355,STARLINK-3877,1,1.0,498.6392806578597
52356,STARLINK-3801,1,1.0,462.816572949584
52357,STARLINK-3821,1,1.0,462.7350103521421
52358,STARLINK-3837,1,1.0,486.4199604150663
52359,STARLINK-3853,1,1.0,470.7363346239936
52361,STARLINK-3728,1,1.0,459.77753713362017
52362,STARLINK-3848,1,1.0,470.73041149470646
52363,STARLINK-3830,1,1.0,462.77623570429387
52364,STARLINK-3820,1,1.0,489.55553087406406
52365,STARLINK-3874,1,1.0,488.32643639697926
52366,STARLINK-3808,1,1.0,484.732936690104
52367,STARLINK-3817,1,1.0,488.8141013392578
52368,STARLINK-3834,1,1.0,484.4321649269132
52369,STARLINK-3841,1,1.0,492.46709711933727
52370,STARLINK-3827,1,1.0,485.5224253300121
52371,STARLINK-3798,1,1.0,470.72932941459385
52372,STARLINK-3796,1,1.0,459.740748082495
52373,STARLINK-3550,1,1.0,462.7465010764017
52374,STARLINK-3762,1,1.0,462.7267564395325
52375,STARLINK-3785,1,1.0,459.7614836146586
52377,STARLINK-3805,1,1.0,480.7317306795985
52378,STARLINK-3806,1,1.0,485.0770745091295
52379,STARLINK-3800,1,1.0,474.4071152003498
52380,STARLINK-3793,1,1.0,459.7437705199791
52382,STARLINK-3799,1,1.0,429.71851357398646
52383,STARLINK-3811,1,1.0,465.227921295038
52422,BRO-6,1,1.0,403.82666959909056
52443,JILIN-1 KUANFU 01C,0,0.01,537.0759272471132
52444,JILIN-1 GAOFEN 3D27,1,1.0,293.0882397198193
52445,JILIN-1 GAOFEN 3D28,1,1.0,262.36514207134223
52446,JILIN-1 GAOFEN 3D29,1,1.0,292.1710946819803
52448,JILIN-1 GAOFEN 3D31,1,1.0,163.16596467986892
52452,STARLINK-3909,0,0.0,539.7749271420489
52453,STARLINK-3872,0,0.0,539.7714792601646
52454,STARLINK-3888,0,0.0,539.78155393419
52455,STARLINK-3890,0,0.0,539.7448316796535
52456,STARLINK-3896,1,1.0,537.119616224406
52457,STARLINK-3899,0,0.0,539.7709046136006
52458,STARLINK-3898,0,0.0,539.7580423430336
52459,STARLINK-3856,1,1.0,465.1801439537976
52461,STARLINK-3900,1,1.0,465.2247202466114
52462,STARLINK-3903,1,1.0,474.7965402008476
52463,STARLINK-3885,1,1.0,465.8822364548914
52464,STARLINK-3904,1,1.0,461.7609471471642
52465,STARLINK-3863,1,1.0,473.9976687544631
52467,STARLINK-3873,1,1.0,459.67318055335727
52468,STARLINK-3864,1,1.0,472.8189098810726
52469,STARLINK-3828,1,1.0,465.2220160180941
52470,STARLINK-3859,1,1.0,459.40678040824696
52471,STARLINK-3862,1,1.0,470.73095700632894
52472,STARLINK-3881,1,1.0,465.2218702456767
52473,STARLINK-3879,1,1.0,475.237782644248
52475,STARLINK-3882,1,1.0,459.7352851391306
52476,STARLINK-3835,1,1.0,468.2250481795418
52477,STARLINK-3860,1,1.0,459.7078844861853
52478,STARLINK-3825,1,1.0,477.34884377366143
52479,STARLINK-3878,0,0.0,539.793349541198
52480,STARLINK-3839,1,1.0,459.6824792284215
52482,STARLINK-3813,1,1.0,465.1989453982869
52483,STARLINK-3875,1,1.0,460.6130766377992
52484,STARLINK-3887,1,1.0,471.2445522232747
52485,STARLINK-3913,1,1.0,465.2378457589402
52486,STARLINK-3918,1,1.0,459.6654287127094
52487,STARLINK-3902,1,1.0,459.67490846568217
52488,STARLINK-3892,1,1.0,465.251316431777
52489,STARLINK-3923,1,1.0,465.2249017185859
52490,STARLINK-3914,0,0.0,539.7808478499537
52491,STARLINK-3908,0,0.0,539.7426676066107
52492,STARLINK-3916,1,1.0,459.7212329550539
52493,STARLINK-3883,1,1.0,468.07853895123935
52494,STARLINK-3857,1,1.0,459.7309355751777
52496,STARLINK-3871,1,1.0,459.7290977751509
52497,STARLINK-3884,1,1.0,472.7002940292023
52498,STARLINK-3925,1,1.0,537.2008123130827
52500,STARLINK-3866,1,0.92,532.7472957601185
52501,STARLINK-3907,1,1.0,465.18872358428143
52502,STARLINK-3912,1,1.0,536.7144287363444
52503,STARLINK-3861,0,0.04,502.8985189484556
52535,STARLINK-3958,1,1.0,465.2168604391191
52536,STARLINK-3964,1,1.0,462.7429908422737
52537,STARLINK-3897,1,1.0,459.7175544003012
52538,STARLINK-3933,1,1.0,462.7516193090014
52539,STARLINK-3757,1,1.0,465.30015115154856
52540,STARLINK-3940,1,1.0,459.717955211112
52541,STARLINK-3845,1,1.0,459.7327733764414
52542,STARLINK-3937,1,1.0,459.72567157290086
52543,STARLINK-3926,1,1.0,459.7242999056125
52544,STARLINK-3944,0,0.0,539.8123956248637
52546,STARLINK-3948,1,1.0,459.691451351634
52548,STARLINK-3931,1,1.0,465.2212960809193
52549,STARLINK-3935,1,1.0,459.72417223964567
52550,STARLINK-3965,1,1.0,459.7224413272261
52551,STARLINK-3969,1,1.0,465.2045799069583
52552,STARLINK-3966,1,1.0,470.7016843502888
52554,STARLINK-3770,0,0.0,539.7690736926343
52557,STARLINK-3943,1,1.0,462.70379601056993
52559,STARLINK-3953,1,1.0,525.8254699362706
52560,STARLINK-3956,1,1.0,539.371820000747
52561,STARLINK-3955,1,1.0,459.7417605096098
52562,STARLINK-3957,1,1.0,462.7406903187084
52563,STARLINK-3942,1,1.0,459.7329515155625
52564,STARLINK-3959,0,0.0,539.773725884841
52565,STARLINK-3911,1,0.98,531.0291986936054
52566,STARLINK-3938,1,1.0,459.76344019718726
52567,STARLINK-3929,1,1.0,459.7301428567598
52568,STARLINK-3930,1,1.0,462.748929412046
52569,STARLINK-3927,1,1.0,470.7240293148752
52574,STARLINK-3901,1,1.0,459.1259088635397
52576,STARLINK-3932,1,1.0,516.350837004441
52577,STARLINK-3836,1,1.0,462.73522138156295
52578,STARLINK-3833,1,1.0,459.7308197848333
52579,STARLINK-3893,1,1.0,333.9021458491188
52580,STARLINK-3919,0,0.0,539.7452810001159
52581,STARLINK-3915,1,1.0,525.7930291196599
52583,STARLINK-3895,1,0.98,504.5441316237848
52584,STARLINK-3922,1,1.0,520.9521568150903
52585,STARLINK-3906,0,0.0,539.7830883689494
52586,STARLINK-3910,1,1.0,538.2231604199769
52587,STARLINK-3867,1,1.0,470.7661919216098
52588,STARLINK-3917,1,1.0,524.6411056215338
52598,STARLINK-4019,1,1.0,459.72838818871605
52599,STARLINK-4024,1,1.0,470.7523661876303
52600,STARLINK-4026,1,1.0,470.7367877275146
52601,STARLINK-4027,1,1.0,500.4785799939528
52602,STARLINK-4012,1,1.0,500.628715311077
52603,STARLINK-4016,1,1.0,470.7430149275997
52604,STARLINK-4013,1,1.0,497.7712826567322
52605,STARLINK-4000,1,1.0,459.7318233013193
52606,STARLINK-3928,0,0.03,513.1171392448441
52607,STARLINK-3947,1,1.0,470.7343075828367
52608,STARLINK-3979,1,0.95,507.6810561641014
52609,STARLINK-3997,1,1.0,489.5669574699277
52610,STARLINK-3998,1,1.0,459.7311374660476
52611,STARLINK-3980,1,1.0,459.72574282836285
52612,STARLINK-4002,1,1.0,494.47441356067793
52614,STARLINK-3982,1,1.0,396.8861179814112
52615,STARLINK-4011,1,1.0,459.7337293898645
52617,STARLINK-3996,0,0.0,539.7676645873398
52618,STARLINK-3983,1,1.0,459.7194901686089
52619,STARLINK-3741,1,1.0,459.7417516026253
52620,STARLINK-3975,1,1.0,465.2503852634354
52621,STARLINK-3984,1,1.0,473.6549956586314
52622,STARLINK-4008,1,1.0,459.7360392621849
52623,STARLINK-3986,1,1.0,459.831968972956
52625,STARLINK-3988,1,1.0,459.7509584716572
52626,STARLINK-3990,1,1.0,459.73878557821627
52627,STARLINK-3992,1,1.0,459.73264867906255
52628,STARLINK-4001,1,1.0,459.7029946163166
52629,STARLINK-4022,0,0.0,539.7692051276545
52630,STARLINK-3989,1,1.0,470.6798522797044
52631,STARLINK-3794,1,1.0,459.7733211087889
52632,STARLINK-3995,0,0.0,539.7687282936558
52633,STARLINK-3994,0,0.0,539.7654852133192
52634,STARLINK-3974,1,1.0,459.6835272611497
52635,STARLINK-3978,1,1.0,470.7863523396509
52636,STARLINK-3967,1,1.0,460.7879671995897
52637,STARLINK-3961,1,1.0,470.7074822191344
52638,STARLINK-3941,1,1.0,459.7149268642215
52639,STARLINK-3968,1,1.0,462.7685047888508
52640,STARLINK-3977,1,1.0,459.7527190921928
52641,STARLINK-3991,1,1.0,470.7444994417229
52642,STARLINK-3971,1,1.0,459.672963822165
52643,STARLINK-3963,1,1.0,470.74726576737976
52644,STARLINK-3985,1,1.0,459.7201789699329
52645,STARLINK-3973,1,1.0,470.7450479371064
52646,STARLINK-3832,1,1.0,465.2670243672146
52648,STARLINK-3854,1,1.0,465.2464077204386
52649,STARLINK-3868,1,1.0,470.7311925004524
52650,STARLINK-3891,1,1.0,462.4567926188911
52656,STARLINK-4004,1,1.0,459.72547562038926
52657,STARLINK-4084,1,1.0,470.75258677878537
52658,STARLINK-4082,0,0.0,539.7688505587766
52659,STARLINK-3960,1,1.0,465.2504745127835
52660,STARLINK-4081,1,1.0,470.7169525947911
52662,STARLINK-4044,0,0.0,539.746904056271
52663,STARLINK-4037,0,0.0,539.7685693490075
52664,STARLINK-4070,0,0.0,539.7891374736337
52665,STARLINK-4064,0,0.0,539.7677073801142
52666,STARLINK-4079,0,0.0,539.7755965451479
52667,STARLINK-4076,0,0.0,539.7848062032972
52668,STARLINK-4067,1,1.0,470.74464252746657
52669,STARLINK-3972,1,1.0,459.71395007461615
52670,STARLINK-4075,0,0.0,539.762642554133
52671,STARLINK-4071,0,0.0,539.7498628503572
52672,STARLINK-4073,0,0.0,539.7585222318066
52673,STARLINK-3976,1,1.0,459.8105173605527
52674,STARLINK-3936,1,1.0,464.3000952716775
52675,STARLINK-3934,1,1.0,477.7322853594733
52676,STARLINK-4006,1,1.0,459.8640650560046
52678,STARLINK-4074,1,0.99,524.598601434268
52679,STARLINK-4031,0,0.0,539.7647180007134
52680,STARLINK-3774,1,0.99,539.6055000064634
52681,STARLINK-4068,1,1.0,527.9737466154511
52682,STARLINK-4017,0,0.0,539.7590785360944
52684,STARLINK-4014,0,0.0,539.7563642612868
52685,STARLINK-4029,0,0.0,539.7719897175839
52686,STARLINK-4005,0,0.0,539.7742944187212
52687,STARLINK-3981,0,0.0,539.7744686468704
52688,STARLINK-4032,0,0.01,539.7574524161819
52690,STARLINK-4035,1,1.0,526.8054096313335
52692,STARLINK-3993,0,0.0,539.7642014313888
52693,STARLINK-3946,0,0.0,539.6810197451296
52694,STARLINK-4072,1,1.0,459.7411162377666
52695,STARLINK-4041,0,0.0,539.7974240654876
52697,STARLINK-4018,1,0.98,539.2466107488872
52698,STARLINK-4030,1,1.0,517.658372462116
52699,STARLINK-3987,1,1.0,459.7771630353791
52700,STARLINK-4034,1,1.0,521.4941034237099
52702,STARLINK-4033,1,1.0,522.4005995279713
52703,STARLINK-4020,1,1.0,459.7380077024764
52704,STARLINK-3999,1,1.0,459.7323695944742
52705,STARLINK-3844,1,1.0,459.7271738759582
52706,STARLINK-3970,1,1.0,459.7772194470135
52707,STARLINK-4007,1,0.95,529.3342399632566
52708,STARLINK-3962,1,1.0,459.74796274724486
52713,COSMOS 2556,1,1.0,486.7779375995096
52717,2022-056B,1,0.93,1148.3039864268967
52737,GHGSAT-C3,1,1.0,461.114816948495
52744,GHGSAT-C5,1,1.0,461.1860352700105
52746,GHGSAT-C4,1,1.0,461.1564515928003
52754,HAWK-5C,1,1.0,407.7789316609824
52756,HAWK-5B,1,1.0,407.78050172028816
52757,HAWK-5A,1,1.0,407.778829709112
52760,VIGORIDE-3,1,1.0,482.5148554491952
52761,ION SCV-006,1,1.0,427.2784494397856
52763,SHERPA-AC1,1,1.0,455.2324418264325
52771,OMNI-L2,0,0.01,624.6312208773315
52785,GEESAT-1 01,0,0.0,624.4481560443182
52786,GEESAT-1 02,0,0.0,624.4306553010138
52787,GEESAT-1 03,0,0.0,624.4695515920475
52788,GEESAT-1 04,0,0.0,624.4064934894104
52789,GEESAT-1 05,0,0.0,563.6608205530974
52790,GEESAT-1 06,0,0.0,624.3742055931325
52791,GEESAT-1 07,0,0.0,624.4405368739972
52792,GEESAT-1 08,0,0.0,624.4303118413545
52793,GEESAT-1 09,0,0.0,564.0694984868687
52817,NILESAT 301,0,0.0,35786.91090316115
52830,STARLINK-4091,1,1.0,470.72464934850905
52831,STARLINK-4089,1,1.0,470.6561662895792
52832,STARLINK-4083,1,1.0,470.72996733504806
52833,STARLINK-4086,1,1.0,494.4662379723823
52834,STARLINK-4108,1,1.0,470.75303690403325
52835,STARLINK-4080,1,1.0,470.6811757918631
52836,STARLINK-4043,1,1.0,486.66908776135824
52837,STARLINK-4036,1,1.0,459.7589658898824
52838,STARLINK-4092,1,1.0,470.74191793775935
52839,STARLINK-4048,1,1.0,470.7854073633189
52840,STARLINK-4049,1,1.0,486.2742955654976
52841,STARLINK-4065,1,1.0,459.7450590650688
52842,STARLINK-4046,1,1.0,464.1330270838144
52843,STARLINK-4188,1,1.0,470.7575143128497
52844,STARLINK-4208,1,1.0,465.24797553213375
52845,STARLINK-4168,1,1.0,470.6995798312655
52846,STARLINK-4212,1,1.0,470.73655819480064
52847,STARLINK-4206,1,1.0,486.5048452020992
52848,STARLINK-4202,1,1.0,494.73695939143
52849,STARLINK-4197,1,1.0,465.3093440168232
52850,STARLINK-4187,1,1.0,470.73560429281497
52851,STARLINK-3809,1,1.0,462.751271554218
52852,STARLINK-4184,1,1.0,462.73024287491535
52853,STARLINK-4189,1,1.0,223.71393569538031
52854,STARLINK-4204,1,1.0,459.6978731772842
52855,STARLINK-4209,1,1.0,470.8203925719336
52856,STARLINK-4201,1,1.0,465.2223611120135
52857,STARLINK-4199,1,1.0,465.2519144026701
52858,STARLINK-4198,1,1.0,465.22929572404337
52859,STARLINK-4196,1,1.0,465.23840505234057
52860,STARLINK-4191,1,1.0,460.3689969928146
52861,STARLINK-4112,1,1.0,470.7452148705052
52862,STARLINK-4010,1,1.0,462.735224353808
52863,STARLINK-4270,1,1.0,465.2257376798125
52864,STARLINK-4267,1,1.0,459.9507501153166
52865,STARLINK-4274,1,1.0,459.6891385480303
52866,STARLINK-4272,1,1.0,465.2379290579511
52867,STARLINK-4126,1,1.0,462.7281979745103
52868,STARLINK-4261,1,1.0,475.91229921338254
52869,STARLINK-4266,1,1.0,462.7309532403842
52871,STARLINK-4207,1,1.0,462.7973182386859
52872,STARLINK-4213,1,1.0,470.7250547551903
52873,STARLINK-4211,1,1.0,462.7308700176427
52875,STARLINK-4193,1,1.0,462.740509011378
52876,STARLINK-4200,1,1.0,470.7698764110028
52877,STARLINK-4214,1,1.0,462.6809219676716
52878,STARLINK-4171,1,1.0,462.7324482779359
52879,STARLINK-4139,1,1.0,462.7539168694893
52880,STARLINK-4186,1,1.0,462.7725084551376
52882,STARLINK-4181,1,0.99,513.491432520018
52888,GLOBALSTAR M087,0,0.0,1413.6198188714106
52894,PVSAT,0,0.0,694.5624599720641
52895,KSLV-II DUMMY,0,0.0,697.3811744257418
52897,STEP CUBE LAB-II,0,0.0,682.2992774138711
52898,RANDEV,0,0.0,681.0428570829727
52899,SNUGLITE-II,0,0.0,678.901308268697
52900,MIMAN,0,0.01,687.0665365482064
52903,CMS-02 (GSAT-24),0,0.0,35786.434048921474
52904,MEASAT 3D,0,0.0,35787.083314097166
52907,YAOGAN-35 02A,1,0.99,491.5970984235255
52908,YAOGAN-35 02B,1,1.0,361.3676661548061
52912,GAOFEN-12 03,0,0.0,628.9889771972175
52933,SES-22,0,0.0,35787.15031654623
52935,DS-EO,0,0.01,523.3565564335695
52939,POEM,1,1.0,491.9258394381004
52940,WFOV (USA 332),0,0.0,35788.5717282866
52984,COSMOS 2557 [GLONASS-K],0,0.0,19129.85582713317
52986,STARLINK-4260,1,1.0,465.24481015992114
52987,STARLINK-4259,1,1.0,470.7511976510023
52988,STARLINK-4291,1,1.0,465.2443549892168
52989,STARLINK-4293,1,1.0,358.0304112247032
52990,STARLINK-4286,1,1.0,465.24450968774727
52991,STARLINK-4285,1,1.0,465.274015617465
52992,STARLINK-4269,1,1.0,470.745375842007
52994,STARLINK-4256,1,1.0,462.7442035221402
52995,STARLINK-4296,1,1.0,459.7262000509572
52996,STARLINK-4295,1,1.0,459.7353712397835
52998,STARLINK-4254,1,1.0,465.252696822492
52999,STARLINK-4217,1,1.0,462.7363240848572
53000,STARLINK-4194,1,1.0,459.7447295062439
53001,STARLINK-4190,1,1.0,465.22594890137225
53002,STARLINK-4121,1,1.0,465.2276832987436
53003,STARLINK-4255,1,1.0,462.7511110520263
53004,STARLINK-4253,1,1.0,499.6845097460109
53005,STARLINK-4288,1,1.0,465.2315864405864
53006,STARLINK-4290,1,1.0,459.721307179373
53007,STARLINK-4215,1,1.0,459.7527161231856
53008,STARLINK-4275,1,1.0,459.7432776664873
53009,STARLINK-4277,1,0.97,509.5903890686632
53010,STARLINK-4263,1,1.0,465.2306195794736
53011,STARLINK-4265,0,0.04,505.8087060867774
53012,STARLINK-4271,1,1.0,499.2733856077093
53013,STARLINK-4177,1,1.0,459.73716747816616
53014,STARLINK-4183,1,1.0,473.9955139506756
53015,STARLINK-4262,0,0.03,510.5726436194136
53016,STARLINK-4283,1,1.0,470.75295045613257
53017,STARLINK-4281,1,1.0,400.8459427424023
53018,STARLINK-4279,1,1.0,457.7818544194752
53019,STARLINK-4282,1,0.94,535.8763608225245
53020,STARLINK-4287,1,1.0,518.0268109798053
53022,STARLINK-4216,1,1.0,462.7016173805223
53023,STARLINK-4284,0,0.03,507.26357341089897
53024,STARLINK-4289,0,0.03,506.5666067590519
53025,STARLINK-4218,1,0.94,512.0243739638227
53026,STARLINK-4119,1,1.0,470.7463386902591
53027,STARLINK-4158,1,1.0,459.7371199743257
53029,STARLINK-4143,1,1.0,478.01054358337205
53030,STARLINK-4160,1,1.0,462.7653185047966
53031,STARLINK-4137,1,0.99,493.4472010429208
53032,STARLINK-4115,1,1.0,459.7457567798301
53033,STARLINK-4167,0,0.0,539.7727630454701
53034,STARLINK-4151,1,1.0,470.7306976647251
53035,STARLINK-4157,0,0.0,539.8115183589416
53036,STARLINK-4155,0,0.0,539.771650431504
53037,STARLINK-4153,1,1.0,538.3482439319796
53038,STARLINK-4156,0,0.0,539.7806889046096
53043,STARLINK-4362,0,0.0,549.4975562844675
53045,STARLINK-4350,0,0.0,549.5007770414368
53046,STARLINK-4331,0,0.0,549.5087522652802
53047,STARLINK-4352,0,0.0,549.5342670009704
53048,STARLINK-4355,0,0.0,549.4912466790474
53049,STARLINK-4345,0,0.0,549.5018966387843
53050,STARLINK-4343,0,0.0,549.4768515076239
53051,STARLINK-4336,0,0.0,549.5034303345137
53052,STARLINK-4341,0,0.0,549.5125128980253
53053,STARLINK-4337,0,0.0,549.5026174756704
53054,STARLINK-4339,0,0.0,549.505706340542
53055,STARLINK-4338,0,0.0,549.4998138813407
53056,STARLINK-4314,0,0.0,549.4672138701899
53057,STARLINK-4252,0,0.0,549.5018720996577
53058,STARLINK-4317,0,0.0,549.4984458264944
53059,STARLINK-4320,0,0.0,549.5042523957736
53060,STARLINK-4305,0,0.0,549.5038904433986
53061,STARLINK-4308,0,0.0,549.4998414878364
53062,STARLINK-4311,0,0.0,549.501369047649
53063,STARLINK-4307,0,0.0,549.4806703770519
53064,STARLINK-4313,0,0.0,549.4965501821061
53065,STARLINK-4312,0,0.0,549.5028168561194
53066,STARLINK-4309,0,0.0,549.4771950522891
53068,STARLINK-4325,0,0.0,549.5280339974479
53069,STARLINK-4323,0,0.0,549.5286045375415
53070,STARLINK-4342,0,0.0,549.4969826833812
53071,STARLINK-4328,0,0.0,549.512988345431
53072,STARLINK-4344,0,0.0,549.5242764110544
53073,STARLINK-4346,1,1.0,493.7712064280904
53074,STARLINK-4310,1,1.0,289.7245711868136
53075,STARLINK-4348,0,0.0,549.5060253496213
53076,STARLINK-4347,0,0.0,549.492314127082
53078,STARLINK-4322,0,0.0,549.4960962092082
53079,STARLINK-4327,0,0.0,549.466750700044
53080,STARLINK-4330,0,0.0,549.4923938789652
53081,STARLINK-4326,0,0.0,549.4928785250613
53082,STARLINK-4321,0,0.0,549.53047566448
53083,STARLINK-4251,0,0.0,549.4990623713084
53084,STARLINK-4319,0,0.0,549.5082982903832
53085,STARLINK-4324,0,0.0,549.5313621496507
53086,STARLINK-4318,0,0.0,549.4953723066346
53088,STARLINK-4333,0,0.0,549.4921178147697
53100,TIANLIAN 2-03,0,0.0,35786.12596507986
53105,LARES-2,0,0.0,5889.20315982181
53109,GREENCUBE (IO-117),0,0.0,5843.107941754925
53128,SUPERVIEW NEO-2 01,1,1.0,492.2715076444792
53130,SUPERVIEW NEO-2 02,1,1.0,492.2738030314931
53134,STARLINK-4150,1,1.0,459.7128307751036
53135,STARLINK-4023,1,1.0,462.7458769023506
53136,STARLINK-4152,1,1.0,459.72859601735945
53137,STARLINK-4145,1,1.0,459.71856088089226
53138,STARLINK-4141,1,1.0,470.7208039498746
53139,STARLINK-4185,1,1.0,465.3729898366773
53140,STARLINK-4170,1,1.0,459.7303299026571
53141,STARLINK-4103,1,1.0,459.7478944602062
53142,STARLINK-4101,1,1.0,465.2686873906569
53143,STARLINK-4102,1,0.98,501.4436077024229
53144,STARLINK-4100,1,1.0,465.2421118614957
53145,STARLINK-4106,1,1.0,470.7308258450539
53147,STARLINK-4094,1,1.0,462.7373792326307
53149,STARLINK-4021,1,1.0,462.7271636359337
53151,STARLINK-4040,1,1.0,459.7429599838624
53152,STARLINK-4045,1,1.0,339.7152809839117
53153,STARLINK-4098,1,1.0,537.9537172919609
53154,STARLINK-4077,1,0.98,513.029685730904
53155,STARLINK-4088,0,0.0,539.8244053315939
53156,STARLINK-4087,0,0.0,539.782244735391
53158,STARLINK-4054,1,1.0,459.7405996328025
53159,STARLINK-4111,0,0.0,539.7617805870841
53160,STARLINK-4096,1,0.98,538.5789410626221
53161,STARLINK-4055,1,1.0,459.7352138834194
53162,STARLINK-4114,1,1.0,470.7389697797398
53163,STARLINK-4104,1,0.97,539.0987415491954
53164,STARLINK-4116,0,0.0,539.7755690354279
53165,STARLINK-4090,0,0.01,539.7128873213705
53166,STARLINK-4110,1,1.0,486.29036125058064
53167,STARLINK-3683,1,1.0,537.3138629560781
53168,STARLINK-4105,1,0.99,535.9628011125906
53169,STARLINK-4117,1,1.0,470.7435902512516
53170,STARLINK-4095,0,0.0,539.7757585468335
53171,STARLINK-4052,1,1.0,459.6650338474183
53172,STARLINK-4299,1,1.0,477.7757573299532
53173,STARLINK-4300,1,1.0,459.73470915551934
53174,STARLINK-4205,1,1.0,470.7401174445167
53175,STARLINK-4292,1,1.0,471.2855123353911
53176,STARLINK-4294,1,1.0,470.75437535636775
53177,STARLINK-4298,1,1.0,459.7360600451075
53178,STARLINK-4280,0,0.0,539.745889263987
53179,STARLINK-4276,1,1.0,459.7233379575355
53180,STARLINK-4258,1,1.0,465.2357870842143
53182,STARLINK-4278,1,1.0,459.7331237167255
53183,STARLINK-4268,1,1.0,459.7291334029251
53184,STARLINK-4257,1,1.0,470.7309450825769
53189,STARLINK-4391,0,0.0,549.5055345664359
53190,STARLINK-4332,0,0.01,549.4310377542552
53191,STARLINK-4369,1,1.0,454.8354617184104
53192,STARLINK-4375,0,0.0,549.4950993095263
53193,STARLINK-4351,0,0.0,549.5025162517559
53194,STARLINK-4382,0,0.0,549.4899461107316
53197,STARLINK-4403,0,0.0,549.49765137343
53198,STARLINK-4385,1,0.98,549.9038490483645
53199,STARLINK-4395,0,0.0,549.5155496280286
53200,STARLINK-4417,0,0.0,549.4801550594239
53201,STARLINK-4405,1,1.0,455.06889050241534
53202,STARLINK-4411,0,0.0,549.493807941547
53203,STARLINK-4409,0,0.0,549.4970900418657
53204,STARLINK-4410,1,1.0,455.4152204318207
53205,STARLINK-4397,0,0.0,549.500421224293
53206,STARLINK-4408,1,1.0,444.22937755803287
53207,STARLINK-4413,0,0.0,549.4958416163327
53208,STARLINK-4425,0,0.0,549.4966698101107
53209,STARLINK-4423,0,0.0,549.49904703437
53210,STARLINK-4427,0,0.0,549.4993507057452
53212,STARLINK-4416,0,0.0,549.5569323076534
53213,STARLINK-4414,0,0.0,549.5447422820744
53214,STARLINK-4353,0,0.0,549.5006758175896
53215,STARLINK-4335,0,0.0,549.5019917278942
53216,STARLINK-4376,0,0.0,549.4897099226828
53218,STARLINK-4384,0,0.0,552.0292104616392
53219,STARLINK-4373,0,0.0,549.499866026943
53220,STARLINK-4363,0,0.0,549.4994059187275
53221,STARLINK-4377,0,0.0,549.4981850986296
53224,STARLINK-4356,0,0.0,549.4975501496965
53225,STARLINK-4358,0,0.0,549.5028812713435
53226,STARLINK-4359,0,0.0,549.4851855451234
53227,STARLINK-4366,0,0.0,549.5050529855189
53228,STARLINK-4365,0,0.0,549.5324510851115
53229,STARLINK-4367,0,0.0,549.4487822120027
53230,STARLINK-4364,0,0.0,549.4975869583268
53231,STARLINK-4370,0,0.0,549.5027463061142
53232,STARLINK-4371,0,0.0,549.4076680013368
53233,STARLINK-4372,0,0.0,549.5029671583143
53234,STARLINK-4368,1,1.0,454.8675555122518
53239,CSS (WENTIAN),1,1.0,390.9280654475178
53242,STARLINK-4056,1,1.0,497.8666282159902
53243,STARLINK-4047,1,1.0,459.73802551642166
53244,STARLINK-4125,1,1.0,470.7547420149167
53246,STARLINK-4131,1,1.0,470.76640655192114
53247,STARLINK-4061,1,1.0,495.3737173216714
53248,STARLINK-4135,1,1.0,470.7511857271611
53249,STARLINK-4128,1,1.0,470.7430656037705
53250,STARLINK-4059,1,1.0,462.7662785508137
53251,STARLINK-4129,1,1.0,477.7534564158968
53252,STARLINK-4132,1,1.0,470.73288567397776
53253,STARLINK-4133,1,1.0,470.73227160036
53254,STARLINK-4134,0,0.0,539.77352414704
53255,STARLINK-4142,0,0.0,539.7771737695257
53256,STARLINK-4147,0,0.0,539.8043321248779
53257,STARLINK-4144,0,0.0,539.7752266922744
53258,STARLINK-4127,0,0.01,539.7624408171396
53259,STARLINK-4140,0,0.0,539.771729903915
53261,STARLINK-4062,1,1.0,459.73453101628365
53262,STARLINK-4085,1,1.0,465.2623714769434
53263,STARLINK-4130,1,1.0,477.7544874780124
53264,STARLINK-3950,1,1.0,459.7453737789401
53265,STARLINK-4097,1,1.0,459.75495475531534
53266,STARLINK-4058,1,1.0,465.2288732804227
53267,STARLINK-4060,1,1.0,459.72902948858064
53268,STARLINK-4109,1,1.0,467.4653997170426
53272,STARLINK-4122,1,1.0,462.7285249206943
53273,STARLINK-4051,1,1.0,465.2411539215709
53274,STARLINK-4050,1,1.0,465.24866572656265
53275,STARLINK-4179,1,1.0,459.7145379297172
53276,STARLINK-4174,1,1.0,459.7399939581419
53277,STARLINK-4178,1,1.0,470.6325818524965
53278,STARLINK-4180,1,1.0,470.73508858969217
53280,STARLINK-4169,1,1.0,476.8177137090797
53282,STARLINK-4164,1,1.0,465.2271567320158
53283,STARLINK-4175,1,1.0,465.2319672352114
53285,STARLINK-4173,1,1.0,459.7480518172988
53286,STARLINK-4165,1,1.0,470.75739805513695
53287,STARLINK-4107,1,1.0,465.2467438925105
53288,STARLINK-4162,1,1.0,459.7371229433156
53289,STARLINK-4176,1,1.0,462.73088487884615
53290,STARLINK-4149,0,0.02,534.3730542877584
53291,STARLINK-4166,1,1.0,459.7262208338043
53292,STARLINK-4159,1,1.0,459.7621635195055
53293,STARLINK-4148,1,1.0,462.7293957866259
53294,STARLINK-4146,1,1.0,459.6967390396194
53318,YAOGAN-35 03B,1,1.0,489.426464966391
53320,YAOGAN-35 03C,1,1.0,420.09670044164704
53323,COSMOS 2558,1,1.0,304.97093881661203
53346,TECMS,0,0.03,501.70255075350906
53355,SBIRS GEO-6 (USA 336),0,0.0,35786.92604161177
53370,KHAYYAM,1,1.0,488.4104770697513
53388,STARLINK-4522,1,0.99,510.6012432481757
53389,STARLINK-4523,1,1.0,503.45185934565416
53390,STARLINK-4517,1,0.97,510.5024856562432
53391,STARLINK-4521,1,1.0,470.7166336360606
53392,STARLINK-4535,1,1.0,470.8156825399765
53393,STARLINK-4530,1,1.0,505.21526331583664
53394,STARLINK-4544,1,1.0,470.74830612117785
53395,STARLINK-4534,1,1.0,470.869875226188
53396,STARLINK-4524,1,1.0,517.2409948213763
53397,STARLINK-4515,1,1.0,504.4768973848441
53398,STARLINK-4512,1,0.99,504.493217659634
53399,STARLINK-4528,1,1.0,499.164464468904
53400,STARLINK-4520,1,0.99,501.1747150923202
53401,STARLINK-4525,1,0.99,501.1018905759684
53402,STARLINK-4499,1,1.0,459.73618474264
53403,STARLINK-4507,1,1.0,470.7046056400004
53404,STARLINK-4509,1,1.0,470.7827155240084
53405,STARLINK-4510,1,1.0,496.0230720482823
53406,STARLINK-4533,1,1.0,470.7083764930567
53408,STARLINK-4491,0,0.0,539.8467284245817
53409,STARLINK-4490,1,1.0,459.7314224884776
53410,STARLINK-4492,0,0.0,539.7880615328759
53411,STARLINK-4497,0,0.0,539.7638376932846
53412,STARLINK-4496,0,0.0,539.7611539800027
53413,STARLINK-4500,0,0.0,539.6690442823856
53414,STARLINK-4304,1,1.0,459.7175276795824
53415,STARLINK-4479,1,1.0,470.682132655782
53416,STARLINK-4480,0,0.0,539.7293897717727
53417,STARLINK-4484,0,0.0,539.7493157177423
53418,STARLINK-4481,1,1.0,459.71587693347374
53419,STARLINK-4476,1,1.0,459.7064148522458
53420,STARLINK-4552,1,1.0,462.7173820223516
53421,STARLINK-4545,1,1.0,470.6760576188817
53422,STARLINK-4546,1,1.0,462.73901694167125
53423,STARLINK-4539,1,1.0,470.7300090681674
53424,STARLINK-4532,1,1.0,470.7393632647518
53425,STARLINK-4531,1,1.0,470.7382424288053
53426,STARLINK-4558,1,1.0,459.7335660956214
53429,STARLINK-4543,1,1.0,459.7332602900688
53430,STARLINK-4538,1,1.0,459.74952741161815
53431,STARLINK-4548,1,1.0,459.7332009103529
53432,STARLINK-4557,1,1.0,462.7054693660684
53433,STARLINK-4549,1,1.0,504.1582851298035
53435,STARLINK-4542,1,1.0,462.73166657827824
53436,STARLINK-4527,1,1.0,459.5752435547111
53438,STARLINK-4526,1,1.0,459.7311879387689
53439,STARLINK-4519,1,1.0,459.7257398593865
53444,DONGPO 07,1,1.0,321.53262785366314
53445,JILIN-1 GAOFEN 03D09,1,1.0,347.31936942512766
53446,2022-098C,1,1.0,344.23109193159235
53448,JILIN-1 GAOFEN 03D43,1,1.0,333.99374271781744
53449,DONGPO 05,1,1.0,256.5055778062524
53452,DONGPO 02,1,1.0,305.42240529023275
53453,DONGPO 01,1,1.0,318.27201936913025
53465,STARLINK-4415,1,1.0,465.58775073232846
53466,STARLINK-4398,1,1.0,455.0851180412892
53467,STARLINK-4394,1,1.0,419.5972002840117
53468,STARLINK-4400,0,0.0,549.4857254026674
53469,STARLINK-4399,1,1.0,465.57002963552713
53470,STARLINK-4393,0,0.0,549.4991574603218
53471,STARLINK-4316,1,1.0,465.5730942226383
53472,STARLINK-4447,0,0.0,549.4968323815128
53473,STARLINK-4383,1,1.0,455.0976585122098
53474,STARLINK-4445,0,0.0,549.4653366512675
53475,STARLINK-4389,1,1.0,455.1174014973458
53476,STARLINK-4378,0,0.0,552.0092604455658
53477,STARLINK-4412,1,1.0,297.5487121095639
53478,STARLINK-4433,0,0.0,549.4938876934712
53479,STARLINK-4436,1,1.0,465.5698064861135
53480,STARLINK-4442,1,1.0,335.1356567669427
53481,STARLINK-4302,1,1.0,455.0949020341122
53482,STARLINK-4360,0,0.0,549.4971667264972
53484,STARLINK-4426,1,1.0,465.5791519991035
53485,STARLINK-4430,0,0.0,549.4941085449664
53486,STARLINK-4431,1,1.0,455.0946915934255
53487,STARLINK-4432,1,1.0,465.63161361809216
53488,STARLINK-4421,1,1.0,465.5834573130214
53489,STARLINK-4392,0,0.03,547.0408292678649
53490,STARLINK-4387,1,1.0,418.0269523283269
53491,STARLINK-4450,1,1.0,455.26422311925126
53492,STARLINK-4451,1,1.0,338.0938297248622
53494,STARLINK-4340,1,1.0,465.5675482150764
53495,STARLINK-4429,0,0.0,549.5026358800187
53497,STARLINK-4453,0,0.0,549.5003782808462
53498,STARLINK-4439,1,1.0,465.56659908722577
53499,STARLINK-4454,1,1.0,393.6464097439976
53500,STARLINK-4455,1,1.0,299.41695672448986
53501,STARLINK-4434,1,1.0,455.0878478340073
53502,STARLINK-4435,1,1.0,455.1334722324791
53504,STARLINK-4448,1,1.0,455.0865674097204
53505,STARLINK-4446,1,1.0,304.53244686461767
53506,STARLINK-4437,1,1.0,258.3631336374883
53508,STARLINK-4443,1,1.0,465.56808377325615
53509,STARLINK-4402,1,1.0,388.6417436192105
53522,YAOGAN-35 04A,1,1.0,496.6562520421057
53524,YAOGAN-35 04B,1,1.0,455.0284272945146
53526,YAOGAN-35 04C,1,1.0,498.7183069104394
53528,STARLINK-4503,0,0.0,539.7783230653758
53529,STARLINK-4478,1,0.99,517.0562458822424
53530,STARLINK-4482,0,0.0,539.7704736287569
53531,STARLINK-4487,1,1.0,470.74111606231145
53532,STARLINK-4483,0,0.0,539.7675270391401
53533,STARLINK-4493,1,1.0,470.7258983589945
53535,STARLINK-4138,1,1.0,481.0897506747369
53536,STARLINK-4053,1,1.0,470.73716332654567
53537,STARLINK-4120,1,1.0,475.5541929288093
53539,STARLINK-4123,1,1.0,473.2589449022608
53540,STARLINK-4486,0,0.0,539.7548940302104
53541,STARLINK-4485,0,0.0,539.7825473430503
53542,STARLINK-4489,1,1.0,459.7481587013672
53543,STARLINK-4297,1,1.0,462.7512210257482
53544,STARLINK-4303,1,1.0,459.7412587494973
53545,STARLINK-4475,1,1.0,460.01593718936056
53546,STARLINK-4477,1,1.0,459.7157403609981
53547,STARLINK-4474,1,1.0,459.7391567022141
53548,STARLINK-4513,0,0.0,539.7648096994199
53551,STARLINK-4514,1,1.0,462.6846490920798
53552,STARLINK-4495,0,0.0,539.7520177591987
53553,STARLINK-4501,0,0.0,539.7596745765277
53554,STARLINK-4506,0,0.0,539.7624805532141
53555,STARLINK-4504,0,0.0,539.7583663443611
53556,STARLINK-4505,0,0.0,539.766279935764
53557,STARLINK-4502,0,0.02,539.7932608982001
53558,STARLINK-4494,1,1.0,468.5957594244656
53560,STARLINK-4564,1,1.0,476.5750654030599
53561,STARLINK-4563,1,1.0,459.7503943607635
53562,STARLINK-4565,1,1.0,462.7380598774662
53563,STARLINK-4561,1,1.0,459.7487792228494
53564,STARLINK-4577,1,1.0,459.742075223101
53565,STARLINK-4575,1,1.0,459.7340797302713
53566,STARLINK-4576,1,1.0,462.7427857567618
53567,STARLINK-4585,1,1.0,477.73388424072255
53568,STARLINK-4583,1,1.0,462.760155662485
53569,STARLINK-4582,1,1.0,459.726781970734
53570,STARLINK-4550,1,1.0,465.22798971897646
53571,STARLINK-4584,1,1.0,462.7311464360455
53572,STARLINK-4555,1,1.0,459.736362881984
53574,STARLINK-4559,1,1.0,462.73365500864384
53575,STARLINK-4551,1,1.0,462.682523976664
53576,STARLINK-4581,1,1.0,474.97447067941175
53577,STARLINK-4553,1,1.0,459.742636363284
53578,STARLINK-4556,1,1.0,462.7585892752932
53579,STARLINK-4580,1,1.0,462.73668967122376
53586,CHUANGXIN 16A (CX-16A),0,0.02,548.2306505992483
53587,BEIJING-3B,0,0.0,607.390559116925
53588,STARLINK-4691,0,0.0,539.7687527466796
53589,STARLINK-4673,1,1.0,459.7357601772501
53590,STARLINK-4689,1,1.0,486.2105074191359
53591,STARLINK-4674,1,1.0,459.7266899323931
53592,STARLINK-4672,1,1.0,459.7257576732518
53595,STARLINK-4684,1,1.0,470.7347398194279
53598,STARLINK-4676,0,0.05,529.7128772286196
53600,STARLINK-4677,1,1.0,459.7574695073881
53601,STARLINK-4675,1,1.0,459.7478796151963
53602,STARLINK-4648,1,1.0,459.69371071622027
53603,STARLINK-4692,0,0.0,539.7626700637229
53604,STARLINK-4690,1,1.0,475.130801923744
53606,STARLINK-4590,1,1.0,459.7904613685396
53607,STARLINK-4591,1,1.0,462.7222653941935
53608,STARLINK-4647,1,1.0,459.7246324309526
53609,STARLINK-4660,1,1.0,459.7355226581794
53610,STARLINK-4610,1,0.98,528.5541124871406
53612,STARLINK-4658,1,1.0,459.715479091934
53613,STARLINK-4655,1,1.0,459.6945360824621
53616,STARLINK-4605,1,0.97,512.9799012216808
53619,STARLINK-4609,1,1.0,459.0727852389764
53620,STARLINK-4615,1,1.0,459.7532416374597
53621,STARLINK-4608,1,1.0,459.7552486872564
53622,STARLINK-4568,1,1.0,459.7627870131819
53623,STARLINK-4573,1,1.0,470.7269059144055
53624,STARLINK-4596,1,1.0,470.7338753463128
53626,STARLINK-4554,1,1.0,466.6654512518799
53627,STARLINK-4595,1,1.0,459.78947861386496
53628,STARLINK-4600,1,1.0,459.739046849505
53629,STARLINK-4602,1,1.0,459.7481141663393
53630,STARLINK-4598,1,1.0,470.6160084817821
53631,STARLINK-4599,1,1.0,459.7261198885499
53632,STARLINK-4606,1,0.98,521.4911216003657
53633,STARLINK-4593,1,1.0,513.4040670411978
53634,STARLINK-4592,1,0.98,517.0393326304456
53636,STARLINK-4586,1,0.99,511.8331267062795
53637,STARLINK-4396,1,1.0,523.9543245358673
53638,STARLINK-4594,1,0.99,528.4307894155372
53639,STARLINK-4422,1,1.0,419.5848337588058
53640,STARLINK-4597,1,1.0,523.3112796518762
53641,STARLINK-4588,1,1.0,470.7436081369624
53648,STARLINK-4622,0,0.0,549.5005347176866
53649,STARLINK-4386,1,1.0,348.75953255025524
53650,STARLINK-4380,0,0.0,549.5047891896393
53651,STARLINK-4388,1,1.0,435.91178740700616
53652,STARLINK-4374,0,0.0,549.4887866423242
53653,STARLINK-4390,1,1.0,364.059749012873
53654,STARLINK-4420,0,0.09,500.677119808538
53655,STARLINK-4470,1,1.0,455.1359086376788
53656,STARLINK-4466,0,0.0,549.4975961604841
53658,STARLINK-4452,1,1.0,515.7818187319435
53660,STARLINK-4473,0,0.0,549.545334297678
53661,STARLINK-4472,0,0.0,549.493694448427
53662,STARLINK-4357,1,1.0,455.08448672153736
53663,STARLINK-4457,1,0.99,508.7309609596823
53664,STARLINK-4471,1,1.0,499.8347794867004
53665,STARLINK-4334,1,1.0,455.1131422644994
53667,STARLINK-4406,1,1.0,428.9086059604915
53668,STARLINK-4458,1,1.0,455.0876018265162
53669,STARLINK-4464,1,1.0,351.4589970185234
53670,STARLINK-4459,1,1.0,516.2586559724523
53671,STARLINK-4440,0,0.0,549.4934827991101
53672,STARLINK-4428,0,0.0,549.5023751517601
53673,STARLINK-4456,1,1.0,321.4836996009344
53674,STARLINK-4620,0,0.0,549.5069210291595
53675,STARLINK-4617,1,0.98,504.88512343034745
53676,STARLINK-4621,0,0.0,549.5051664791044
53677,STARLINK-4579,1,1.0,508.6725858115296
53679,STARLINK-4632,1,0.98,521.0666818960672
53680,STARLINK-4630,1,1.0,497.7630611348404
53681,STARLINK-4424,1,1.0,250.0972701127921
53682,STARLINK-4438,1,0.94,502.38524788613086
53683,STARLINK-4625,0,0.0,549.4988445868057
53684,STARLINK-4624,0,0.0,549.4889032026185
53685,STARLINK-4626,0,0.0,549.4977771362555
53686,STARLINK-4467,0,0.0,549.5340277417181
53687,STARLINK-4569,1,1.0,499.7091645070841
53688,STARLINK-4571,0,0.0,549.47348661258
53690,STARLINK-4570,0,0.0,549.4877191956466
53691,STARLINK-4560,1,0.93,501.3722470922203
53692,STARLINK-4572,1,1.0,476.83300411259097
53693,STARLINK-4566,1,1.0,515.5568567193886
53698,YAOGAN-33 02,0,0.01,697.240443457983
53700,STARLINK-4725,0,0.0,539.7735149771406
53701,STARLINK-4711,0,0.0,539.7742302294064
53702,STARLINK-4724,1,1.0,459.7311137141796
53703,STARLINK-4731,0,0.0,539.7914146791782
53704,STARLINK-4714,1,1.0,470.7206966365011
53705,STARLINK-4717,0,0.0,539.784292686867
53706,STARLINK-4716,0,0.0,539.7539281407808
53707,STARLINK-4667,1,1.0,459.72983111362464
53708,STARLINK-4694,1,1.0,459.804733618972
53709,STARLINK-4685,1,1.0,478.0844801449348
53711,STARLINK-4627,1,1.0,462.7894564822818
53712,STARLINK-4683,1,1.0,465.4344087269601
53715,STARLINK-4686,1,1.0,459.7157225471974
53716,STARLINK-4699,1,1.0,459.7462347887695
53718,STARLINK-4695,1,1.0,470.7451433276192
53719,STARLINK-4644,1,1.0,526.545321030133
53720,STARLINK-4642,1,1.0,462.7751924306931
53721,STARLINK-4707,1,1.0,459.7291838756082
53722,STARLINK-4700,1,1.0,459.7934185418353
53723,STARLINK-4705,1,1.0,459.7582206675461
53724,STARLINK-4663,1,1.0,459.7493106743732
53726,STARLINK-4697,1,1.0,459.7383046015866
53727,STARLINK-4701,1,1.0,459.7256151623278
53728,STARLINK-4640,1,1.0,462.7149388535863
53729,STARLINK-4651,1,1.0,501.498326896055
53730,STARLINK-4641,1,1.0,460.1502326847512
53731,STARLINK-4636,1,0.96,509.2760185792322
53732,STARLINK-4661,1,1.0,459.7458814778065
53733,STARLINK-4574,1,1.0,465.2477167092693
53734,STARLINK-4616,1,1.0,459.6883042766067
53735,STARLINK-4618,1,1.0,459.7321053548376
53736,STARLINK-4652,1,1.0,459.72687104009856
53738,STARLINK-4662,1,1.0,462.7528557708083
53740,STARLINK-4607,1,1.0,440.2046637122912
53742,STARLINK-4637,1,1.0,459.73165703820905
53743,STARLINK-4645,1,1.0,462.7433296792415
53744,STARLINK-4670,1,1.0,470.9083375102082
53745,STARLINK-4656,1,1.0,462.74827848710265
53746,STARLINK-4589,1,1.0,465.2315656158826
53750,STARLINK-4612,1,1.0,460.4669861749562
53754,SHERPA-LTC2,1,0.88,660.8810005464666
53757,CENTISPACE-1 S3,0,0.01,688.9885497248633
53758,CENTISPACE-1 S4,0,0.01,686.7745180654183
53760,YAOGAN-35 05A,1,1.0,495.9024685385466
53761,YAOGAN-35 05B,1,1.0,443.38501205717694
53763,YAOGAN-35 05C,1,1.0,493.3025306497448
53765,EUTELSAT KONNECT VHTS,0,0.0,35787.59158618598
53773,STARLINK-4718,1,1.0,470.74949254232433
53774,STARLINK-4719,1,1.0,470.7401889872717
53775,STARLINK-4722,1,1.0,477.7512717609252
53777,STARLINK-4664,0,0.0,539.7677165499945
53778,STARLINK-4709,1,1.0,470.7271831412572
53779,STARLINK-4706,1,1.0,470.7245807870904
53780,STARLINK-4678,0,0.0,539.7629879523502
53781,STARLINK-4462,0,0.0,539.770611177104
53783,STARLINK-4536,0,0.0,539.7644123383789
53784,STARLINK-4687,1,1.0,470.7334162813895
53787,STARLINK-4743,1,1.0,470.7690000028806
53789,STARLINK-4666,0,0.0,539.7549948984288
53790,STARLINK-4734,1,1.0,479.2660288610532
53792,STARLINK-4739,1,1.0,470.74193582346015
53793,STARLINK-4728,1,1.0,470.7372915071783
53794,STARLINK-4730,1,1.0,470.76701169026
53795,STARLINK-4742,1,1.0,470.75239897820666
53797,STARLINK-4723,1,1.0,470.7342867162433
53798,STARLINK-4712,1,1.0,470.7061616751771
53799,STARLINK-4710,1,1.0,465.2505102125242
53800,STARLINK-4720,1,1.0,372.27804923752046
53801,STARLINK-4715,1,1.0,459.7556287205207
53802,STARLINK-4726,1,1.0,462.7293214806468
53803,STARLINK-4727,1,1.0,504.0856622429656
53804,STARLINK-4729,1,1.0,459.7373307726239
53805,STARLINK-4763,1,1.0,470.9837522227199
53806,STARLINK-4768,1,0.95,513.4064134233022
53807,BLUEWALKER-3,1,1.0,449.47402754272207
53813,ZHONGXING-1E,0,0.0,35787.04154283057
53815,STRIX-1,1,1.0,440.17757031364
53819,STARLINK-4738,1,1.0,470.7259699013776
53820,STARLINK-4758,1,1.0,481.621319616288
53823,STARLINK-4748,1,1.0,459.7218534704261
53824,STARLINK-4757,1,1.0,494.6395812870787
53825,STARLINK-4751,1,1.0,475.1698017798663
53826,STARLINK-4756,1,1.0,480.28048284116176
53827,STARLINK-4764,1,1.0,491.1675225524159
53828,STARLINK-4760,1,1.0,495.1509127152449
53829,STARLINK-4759,1,1.0,491.7973980977349
53830,STARLINK-4761,1,1.0,487.0966501982548
53831,STARLINK-4649,1,1.0,467.05660534794606
53832,STARLINK-4747,1,1.0,483.6904041164789
53833,STARLINK-4771,0,0.0,539.7701098898269
53834,STARLINK-4737,1,1.0,481.966019304602
53835,STARLINK-4783,0,0.0,539.7672122066169
53836,STARLINK-4778,1,1.0,470.3366370815184
53837,STARLINK-4776,0,0.0,539.7524548543879
53838,STARLINK-4773,0,0.0,539.7351728356516
53839,STARLINK-4784,0,0.0,539.7712622393738
53840,STARLINK-4766,1,1.0,470.735496978863
53841,STARLINK-4750,0,0.0,539.7685724056364
53842,STARLINK-4754,0,0.0,539.7700487572392
53843,STARLINK-4769,0,0.0,539.7706172903645
53844,STARLINK-4745,0,0.0,542.1914661219089
53845,STARLINK-4753,0,0.0,539.7860441450794
53846,STARLINK-4746,0,0.0,539.7688230491249
53847,STARLINK-4777,0,0.0,539.7654882699426
53848,STARLINK-4780,0,0.0,539.776644971329
53849,STARLINK-4770,1,1.0,470.82582998598446
53850,STARLINK-4767,0,0.01,539.7792308871685
53851,STARLINK-4755,0,0.0,539.799948867495
53852,STARLINK-4797,1,1.0,470.6820640954284
53853,STARLINK-4794,0,0.0,539.7981057006691
53854,STARLINK-4800,1,1.0,470.7708690776808
53855,STARLINK-4703,1,1.0,470.7361825958542
53856,STARLINK-4795,1,1.0,376.3738061004879
53857,STARLINK-4809,1,1.0,470.751984624595
53859,STARLINK-4790,1,1.0,470.7146960370919
53860,STARLINK-4799,1,1.0,470.74714652914736
53861,STARLINK-4781,1,1.0,470.7461747377474
53863,STARLINK-4788,1,1.0,470.7515106518358
53864,STARLINK-4779,1,1.0,470.7641052388744
53866,STARLINK-4762,1,1.0,462.7327722523851
53867,STARLINK-4793,1,1.0,465.60844135888055
53868,STARLINK-4789,1,1.0,459.7442455595729
53869,STARLINK-4810,1,1.0,470.72661676385087
53870,STARLINK-4732,1,1.0,462.7436209601765
53871,STARLINK-4740,1,1.0,459.7968181074548
53876,CHUANGXIN 16B (CX-16B),1,1.0,418.87861915803205
53877,YUNHAI-1 03,0,0.0,782.5495486683276
53886,STARLINK-5028,1,0.99,527.5559749846489
53887,STARLINK-5029,1,0.97,529.0708561639467
53889,STARLINK-5031,1,0.97,528.0318772445789
53890,STARLINK-5050,1,1.0,470.6910067648114
53891,STARLINK-5041,1,1.0,370.5938811530905
53892,STARLINK-5046,0,0.0,539.7723656832877
53893,STARLINK-5052,0,0.0,539.7436885109137
53894,STARLINK-5043,1,1.0,486.2368073339676
53896,STARLINK-5037,0,0.0,539.803204214887
53897,STARLINK-5035,1,1.0,357.76395242398485
53898,STARLINK-5044,0,0.02,539.7570795091206
53900,STARLINK-5045,0,0.0,539.7669768464048
53902,STARLINK-5021,1,1.0,477.7080512155826
53903,STARLINK-5022,1,1.0,471.0242940410926
53904,STARLINK-4787,1,1.0,459.7452936159689
53905,STARLINK-5003,0,0.0,539.7650236630807
53906,STARLINK-5054,0,0.0,539.7732918429247
53908,STARLINK-5057,1,1.0,470.7344924012323
53909,STARLINK-4796,0,0.0,542.2632995309013
53911,STARLINK-5048,0,0.0,539.7648586053983
53912,STARLINK-5059,0,0.0,539.7693610157103
53913,STARLINK-5053,0,0.0,539.7623216089241
53914,STARLINK-5040,0,0.0,539.7706692530746
53916,STARLINK-5051,1,1.0,470.7354999598056
53917,STARLINK-5036,1,1.0,486.223991602521
53918,STARLINK-5012,0,0.0,539.7710115956652
53919,STARLINK-5023,1,1.0,486.2726077596644
53920,STARLINK-5025,1,1.0,470.7303906281432
53922,STARLINK-5002,0,0.0,539.7617102848199
53923,STARLINK-5004,0,0.0,539.762651723996
53924,STARLINK-5001,1,1.0,486.217983967952
53925,STARLINK-5011,0,0.0,539.7725429679467
53926,STARLINK-5014,1,1.0,486.2226875489887
53928,STARLINK-5009,0,0.0,539.7557835046337
53929,STARLINK-5018,1,1.0,470.67494277059
53930,STARLINK-5010,1,1.0,407.8535556323304
53932,STARLINK-4772,0,0.0,539.7710238221871
53933,STARLINK-4782,0,0.0,539.7465066978039
53934,STARLINK-4775,0,0.0,539.7738756598847
53936,STARLINK-4791,1,1.0,470.7585129369864
53943,YAOGAN-36 01A,1,1.0,492.4674005885845
53947,YAOGAN-36 01C,1,1.0,447.2971754484042
53960,SES-20,0,0.0,35787.1500362007
53961,SES-21,0,0.0,35787.15396103854
53964,STARLINK-4633,1,0.96,510.2288301163935
53966,STARLINK-4635,1,1.0,518.6818177037903
53967,STARLINK-4634,0,0.06,516.8508564786998
53968,STARLINK-4629,1,0.92,514.3561688477002
53969,STARLINK-4468,1,0.97,514.3097190743829
53970,STARLINK-4567,1,1.0,459.70995385086826
53973,STARLINK-5156,1,1.0,497.968892568404
53974,STARLINK-5159,1,1.0,462.7302280137146
53975,STARLINK-5137,0,0.0,539.7757432636572
53976,STARLINK-5134,1,1.0,477.7499149446239
53977,STARLINK-5094,1,1.0,459.7351277827711
53978,STARLINK-5148,0,0.0,539.7654882699426
53979,STARLINK-5123,1,1.0,527.2388963818412
53980,STARLINK-5133,0,0.0,539.7756332247736
53981,STARLINK-5149,1,1.0,470.7421713185258
53982,STARLINK-5120,0,0.0,539.7730992750539
53984,STARLINK-5142,0,0.0,539.7730106327044
53985,STARLINK-5147,0,0.0,539.7790688852774
53986,STARLINK-5119,1,1.0,477.7438003138468
53988,STARLINK-5113,1,0.99,517.0629154131684
53991,STARLINK-5118,1,1.0,461.1045836444173
53992,STARLINK-5108,1,1.0,518.3790081261659
53993,STARLINK-5121,0,0.0,539.7577183417416
53994,STARLINK-5125,0,0.0,539.7680191560667
53995,STARLINK-5097,1,0.98,521.9304408491362
53996,STARLINK-5131,0,0.0,539.750694247613
53997,STARLINK-5130,1,1.0,462.74128476905753
53998,STARLINK-5128,0,0.0,539.7673039054062
53999,STARLINK-5079,1,0.99,522.714306930945
54000,STARLINK-5088,1,1.0,486.2357041294699
54002,STARLINK-5109,1,1.0,470.7437452607537
54003,STARLINK-5114,0,0.0,539.7640241472645
54004,STARLINK-5129,0,0.0,539.7690217299532
54005,STARLINK-5135,0,0.0,539.7799186311486
54006,STARLINK-5096,1,1.0,491.95650198958447
54007,STARLINK-5132,0,0.0,539.797598295092
54008,STARLINK-5145,1,1.0,470.723913058584
54009,STARLINK-5099,1,0.98,527.6646786377069
54010,STARLINK-5127,1,1.0,462.73169630069606
54011,STARLINK-5124,1,1.0,477.7539226352401
54012,STARLINK-5126,1,1.0,477.74498080113153
54013,STARLINK-5098,1,1.0,477.75042001493057
54015,STARLINK-5055,1,1.0,393.0993316059776
54020,CENTISPACE-1 S5,0,0.0,683.1976916527728
54021,CENTISPACE-1 S6,0,0.0,685.6064431017749
54023,OTB-3-GAZELLE,0,0.0,749.6199720469604
54026,GALAXY 33 (G-33),0,0.0,35786.46236264151
54027,GALAXY 34 (G-34),0,0.0,35787.75222914365
54029,ASO-S,0,0.0,718.849317254615
54031,COSMOS 2559 [GLONASS-K],0,0.0,19129.9153572574
54033,ANGOSAT 2,0,0.0,35786.24734775963
54035,HJ-2E,1,1.0,496.8717633355718
54042,YAOGAN-36 02A,1,1.0,496.625001387627
54043,YAOGAN-36 02B,1,1.0,465.4389429023322
54045,YAOGAN-36 02C,1,1.0,408.4663986294136
54048,EUTELSAT HOTBIRD 13F,0,0.0,35786.93333050026
54051,STARLINK-5195,0,0.0,542.2842502731901
54052,STARLINK-5189,0,0.0,539.7635595406482
54053,STARLINK-5176,1,1.0,470.7426959658351
54054,STARLINK-5163,1,1.0,470.75004401966544
54055,STARLINK-5158,1,1.0,465.2176339240914
54056,STARLINK-5226,1,1.0,481.62784094006383
54058,STARLINK-5167,1,1.0,459.734165830886
54059,STARLINK-5173,1,1.0,459.6912939977965
54060,STARLINK-5169,0,0.0,539.762590591572
54061,STARLINK-5209,1,1.0,459.7386490045965
54062,STARLINK-5170,1,1.0,459.6995625088685
54064,STARLINK-5172,1,1.0,477.743922845415
54065,STARLINK-5187,1,1.0,459.94993061019886
54066,STARLINK-5151,0,0.0,542.2546231309043
54067,STARLINK-5174,1,1.0,459.7941222070349
54068,STARLINK-5222,1,1.0,479.5144089371079
54070,STARLINK-5181,1,1.0,459.7297271992529
54071,STARLINK-5168,1,1.0,459.7030124300354
54073,STARLINK-5146,0,0.0,539.7740896242458
54074,STARLINK-5192,1,1.0,494.567173161081
54075,STARLINK-5212,1,1.0,470.7624388748036
54076,STARLINK-5201,1,1.0,471.8037085409451
54077,STARLINK-5171,0,0.0,539.7628259514104
54079,STARLINK-5175,0,0.0,539.7860472017255
54082,STARLINK-5210,0,0.0,539.7762231554998
54083,STARLINK-5178,0,0.0,539.7867899670618
54084,STARLINK-5183,0,0.0,539.7316088529951
54085,STARLINK-5166,0,0.0,539.7653354387303
54086,STARLINK-5211,1,1.0,489.47817824205686
54087,STARLINK-5184,0,0.0,539.7814958579902
54088,STARLINK-5153,0,0.0,539.7626792335868
54089,STARLINK-5143,0,0.0,539.766160727384
54090,STARLINK-5177,0,0.0,539.7512750031956
54091,STARLINK-5221,0,0.0,539.7720814165314
54092,STARLINK-5190,1,1.0,256.66262658394226
54093,STARLINK-5213,0,0.0,539.7939455890128
54095,STARLINK-5193,0,0.0,539.7990838321657
54096,STARLINK-5188,0,0.0,539.7543285569272
54097,STARLINK-5197,0,0.0,539.7558843728866
54098,STARLINK-5217,0,0.0,539.7863987161609
54099,STARLINK-5198,0,0.0,539.77268357303
54100,STARLINK-5185,0,0.0,539.7656686107866
54101,STARLINK-5204,1,1.0,470.7370411078073
54102,STARLINK-5179,0,0.0,539.7190646486606
54103,STARLINK-5200,1,1.0,470.7007334413511
54104,STARLINK-5203,1,1.0,470.7374137259267
54109,COSMOS 2561,1,1.0,408.5651818510905
54113,ONEWEB-0490,0,0.0,1185.7675869409695
54114,ONEWEB-0492,0,0.0,1185.7710449005372
54115,ONEWEB-0495,0,0.0,1185.7757943475808
54116,ONEWEB-0497,0,0.0,1185.7713352929022
54117,ONEWEB-0499,0,0.0,1185.7674035354894
54118,ONEWEB-0500,0,0.0,1185.761469610019
54119,ONEWEB-0501,0,0.0,1185.7646295289596
54120,ONEWEB-0502,0,0.0,1185.770433548283
54121,ONEWEB-0503,0,0.0,1185.768679732184
54122,ONEWEB-0504,0,0.0,1185.771812911984
54123,ONEWEB-0505,0,0.0,1185.7692566955384
54124,ONEWEB-0506,0,0.0,1185.76625725149
54125,ONEWEB-0507,0,0.0,1185.768244144031
54126,ONEWEB-0508,0,0.0,1185.7595247522397
54127,ONEWEB-0509,0,0.0,1185.7691764555957
54128,ONEWEB-0510,0,0.0,1181.7660535805298
54129,ONEWEB-0511,0,0.0,1185.7691611717964
54130,ONEWEB-0512,0,0.0,1185.769761060944
54131,ONEWEB-0513,0,0.02,1183.6855508519193
54132,ONEWEB-0514,0,0.0,1185.771476668143
54133,ONEWEB-0515,0,0.0,1181.7676791527192
54134,ONEWEB-0516,0,0.0,1185.7744111611082
54135,ONEWEB-0517,0,0.0,1185.7722064701647
54136,ONEWEB-0518,0,0.0,1185.767350042227
54137,ONEWEB-0519,0,0.0,1185.770739224395
54138,ONEWEB-0520,0,0.0,1185.7737042842873
54139,ONEWEB-0521,0,0.0,1185.758875192946
54140,ONEWEB-0522,0,0.0,1185.7702310378754
54141,ONEWEB-0523,0,0.0,1181.7782950000935
54142,ONEWEB-0524,0,0.0,1181.7759443994764
54143,ONEWEB-0525,0,0.0,1185.770972302451
54144,ONEWEB-0526,0,0.0,1185.7650230862057
54145,ONEWEB-0529,0,0.0,1185.767896437742
54146,ONEWEB-0531,0,0.0,1181.7557087038167
54147,ONEWEB-0535,0,0.0,1185.7718243748432
54148,ONEWEB-0536,0,0.0,1181.7748110748307
54150,GONETS-M 23,0,0.0,1494.3650760954397
54151,GONETS-M 24,0,0.01,1494.3637924016705
54152,GONETS-M 25,0,0.0,1494.3704895729516
54153,SKIF-D,0,0.0,8059.685556119953
54157,STARLINK-5290,0,0.0,539.7535460643585
54158,STARLINK-5297,1,0.94,539.6345975409249
54159,STARLINK-5294,0,0.0,539.7689514275053
54160,STARLINK-5233,1,1.0,470.7357116067715
54161,STARLINK-5269,1,1.0,470.74353063221497
54162,STARLINK-5273,0,0.0,539.7624469303819
54163,STARLINK-5161,1,1.0,462.7415255214846
54164,STARLINK-5278,1,1.0,462.7298119001389
54165,STARLINK-5279,0,0.0,539.7671846969806
54166,STARLINK-5280,1,1.0,462.77881565325606
54167,STARLINK-5243,0,0.0,539.7601666920582
54168,STARLINK-5245,1,1.0,459.75365729854
54169,STARLINK-5282,1,1.0,462.74812690186445
54170,STARLINK-5155,1,1.0,462.66364172993417
54172,STARLINK-5117,1,1.0,465.2193861658634
54173,STARLINK-5242,1,1.0,462.7455915656883
54174,STARLINK-5248,1,1.0,459.74157940091936
54175,STARLINK-5256,1,1.0,462.7720745014185
54176,STARLINK-5154,1,1.0,462.7231005913454
54177,STARLINK-5186,1,1.0,462.7635291939241
54178,STARLINK-5164,1,1.0,462.7316041612066
54179,STARLINK-5122,1,1.0,459.7289433881279
54181,STARLINK-5227,1,1.0,462.7447950009964
54182,STARLINK-5231,0,0.0,539.7592130272587
54183,STARLINK-5239,1,1.0,462.74821012513166
54184,STARLINK-5162,1,1.0,470.76363126401793
54185,STARLINK-5235,1,1.0,462.7503709587045
54187,STARLINK-5240,1,1.0,462.7598346570685
54188,STARLINK-5238,1,1.0,459.7274173322621
54190,STARLINK-5281,1,1.0,468.19964116942174
54191,STARLINK-4619,1,1.0,459.7368587032188
54192,STARLINK-5268,1,1.0,480.6867458620518
54193,STARLINK-5263,1,1.0,465.8020880921131
54194,STARLINK-5271,1,1.0,472.6396188241579
54195,STARLINK-5258,1,1.0,459.763265025098
54196,STARLINK-5237,1,1.0,459.75146023354864
54198,STARLINK-5246,1,1.0,459.69610071627176
54199,STARLINK-5244,1,1.0,459.7277498579815
54200,STARLINK-5250,1,1.0,459.7939410948766
54201,STARLINK-5199,1,1.0,461.6909112159128
54202,STARLINK-5205,1,1.0,459.7337976765493
54203,STARLINK-5247,1,1.0,459.8150273810816
54204,STARLINK-5241,1,1.0,460.5667311022962
54205,STARLINK-5249,1,1.0,470.7679268504626
54206,STARLINK-5264,1,1.0,472.3067404903568
54207,STARLINK-5262,1,1.0,476.4290261087126
54208,STARLINK-5255,1,1.0,470.7435813083957
54209,STARLINK-5259,1,1.0,493.8244745369593
54214,SHIYAN-20C (SY-20C),0,0.0,793.1822775857954
54216,CSS (MENGTIAN),1,1.0,390.9280654475178
54219,LDPE-2,0,0.0,35979.204322749945
54223,COSMOS 2563,1,0.92,20181.05583849333
54225,EUTELSAT HOTBIRD 13G,0,0.0,35786.79231910131
54227,MATS,0,0.0,549.613711417217
54230,ZHONGXING-19,0,0.0,35786.848387110804
54234,NOAA 21 (JPSS-2),0,0.0,826.8938849562219
54235,YUNHAI-3 01,0,0.0,847.8598477506657
54243,GALAXY 31 (G-31),0,0.0,35787.07350204538
54244,GALAXY 32 (G-32),0,0.0,35786.69700391295
54249,YAOGAN-34 03,0,0.0,1096.6635388139575
54251,JILIN-1 GAOFEN 03D08,1,1.0,357.5578222480772
54252,JILIN-1 GAOFEN 03D51,1,1.0,366.3955227970191
54253,JILIN-1 GAOFEN 03D53,1,1.0,399.56626625325407
54255,JILIN-1 GAOFEN 03D52,1,1.0,375.5709103867112
54259,EUTELSAT 10B,0,0.0,35786.799047252614
54361,EOS-6 (OCEANSAT-3),0,0.0,735.4790659302116
54372,YAOGAN-36 03A,1,1.0,457.04093502529486
54374,YAOGAN-36 03B,0,0.05,501.15757051883793
54376,YAOGAN-36 03C,1,1.0,496.21022434250153
54377,COSMOS 2564 [GLONASS-M],0,0.0,19129.89301347032
54381,COSMOS 2565,0,0.0,905.3397021015973
54383,COSMOS 2566,0,0.0,901.708917415016
54588,JIAOTONG VDES,0,0.01,738.4136690106034
54640,GAOFEN-5 01A,0,0.0,700.4942779806206
54642,ONEWEB-0527,0,0.0,1177.7582500509216
54643,ONEWEB-0528,0,0.0,1177.7482275563743
54644,ONEWEB-0539,0,0.0,1177.7494851299116
54645,ONEWEB-0540,0,0.0,1177.7514400861774
54646,ONEWEB-0542,0,0.0,1177.7502930259152
54647,ONEWEB-0545,0,0.0,1177.7554300300835
54648,ONEWEB-0580,0,0.0,1177.750449269979
54649,ONEWEB-0582,0,0.0,1177.754892702089
54650,ONEWEB-0583,0,0.0,1177.7465126842108
54651,ONEWEB-0584,0,0.0,1177.7536389371344
54652,ONEWEB-0585,0,0.0,1177.753299772845
54653,ONEWEB-0586,0,0.0,1177.749370805023
54654,ONEWEB-0587,0,0.0,1177.7488639647354
54655,ONEWEB-0589,0,0.0,1177.7495079948903
54656,ONEWEB-0590,0,0.0,1177.759980173117
54657,ONEWEB-0591,0,0.0,1177.7543286983357
54658,ONEWEB-0592,0,0.0,1177.7535589096017
54659,ONEWEB-0593,0,0.0,1177.746196385674
54660,ONEWEB-0594,0,0.0,1177.7545078076246
54661,ONEWEB-0595,0,0.0,1177.7494012916595
54662,ONEWEB-0596,0,0.0,1177.754542105149
54663,ONEWEB-0597,0,0.0,1177.749759509663
54664,ONEWEB-0600,0,0.0,1177.7475530398733
54665,ONEWEB-0601,0,0.0,1177.7511847604335
54666,ONEWEB-0602,0,0.0,1177.7530711227828
54667,ONEWEB-0603,0,0.0,1177.7571029880746
54668,ONEWEB-0604,0,0.0,1177.755670112837
54669,ONEWEB-0605,0,0.0,1177.7556129502746
54670,ONEWEB-0606,0,0.0,1177.7502053768103
54671,ONEWEB-0607,0,0.0,1177.7457810057176
54672,ONEWEB-0608,0,0.0,1177.7558644655555
54673,ONEWEB-0610,0,0.0,1177.749683293062
54674,ONEWEB-0611,0,0.0,1177.754987973001
54675,ONEWEB-0612,0,0.0,1177.7603079056262
54676,ONEWEB-0615,0,0.0,1177.750102484386
54677,ONEWEB-0655,1,0.96,1177.74264850917
54678,ONEWEB-0659,0,0.0,1177.7549498646367
54679,ONEWEB-0685,0,0.01,1172.5758756475716
54680,ONEWEB-0712,0,0.0,1197.759463616797
54681,ONEWEB-0714,0,0.0,1177.7485248009807
54685,DONGPO 09,1,1.0,453.7970667849113
54686,DONGPO 08,1,1.0,462.1236610544565
54689,DONGPO 10,1,1.0,459.6565487108364
54690,JILIN-1 GAOFEN 03D50,1,1.0,459.4502830789989
54692,JILIN-1 GAOFEN 03D47,1,1.0,461.65277726852673
54694,JILIN-1 GAOFEN 03D49,1,1.0,450.4485270317564
54695,JILIN-1 GAOFEN 03D48,1,1.0,457.259462602794
54699,SHIYAN-20A (SY-20A),0,0.0,793.2180984744546
54700,SHIYAN-20B (SY-20B),0,0.0,793.2169446810403
54741,GALAXY 35 (G-35),0,0.0,35786.831006007924
54742,GALAXY 36 (G-36),0,0.0,35786.68102465468
54743,METEOSAT-12 (MTG-I1),0,0.0,35786.62047181337
54746,YAOGAN-36 04A,0,0.05,501.1124700702503
54748,YAOGAN-36 04B,1,1.0,496.7699911730679
54750,YAOGAN-36 04C,1,1.0,464.6534614741368
54752,SHIYAN-21 (SY-21),1,1.0,482.7063381122862
54754,SWOT,0,0.01,893.2031963897507
54755,O3B MPOWER F1,0,0.0,8065.90864463973
54756,O3B MPOWER F2,0,0.0,8065.905005575031
54758,STARLINK-5464,1,1.0,477.74781397268725
54759,STARLINK-5215,1,1.0,470.7558539147185
54760,STARLINK-5220,0,0.0,539.7615971898749
54761,STARLINK-5202,1,1.0,470.7230903218997
54762,STARLINK-5214,1,1.0,470.7402486062365
54763,STARLINK-5191,0,0.0,539.7657633661483
54764,STARLINK-5458,1,1.0,470.75040173475554
54766,STARLINK-5471,0,0.0,539.7847756368401
54767,STARLINK-5472,0,0.0,539.8080429214215
54768,STARLINK-5444,1,1.0,470.7447110893854
54770,STARLINK-5448,1,1.0,462.7022356000589
54771,STARLINK-5451,1,1.0,486.24926638075976
54772,STARLINK-5452,1,1.0,462.7285932821724
54773,STARLINK-5453,1,1.0,465.2285281856839
54774,STARLINK-5454,1,1.0,462.7402652867877
54775,STARLINK-5465,1,1.0,462.72617685351815
54776,STARLINK-5470,1,1.0,462.7120379650405
54777,STARLINK-5468,1,1.0,470.7510843745176
54778,STARLINK-5450,1,1.0,462.71857685750456
54779,STARLINK-5447,1,1.0,462.744132188016
54780,STARLINK-5449,1,1.0,462.7417187178926
54781,STARLINK-5443,1,1.0,462.7431127046866
54783,STARLINK-5439,1,1.0,470.7407732531765
54784,STARLINK-5442,1,1.0,470.7381500194788
54785,STARLINK-5440,1,1.0,459.7321706724979
54787,STARLINK-5441,1,1.0,470.7289746831893
54788,STARLINK-5399,1,1.0,459.7570152485778
54789,STARLINK-5446,0,0.0,539.8135051985346
54790,STARLINK-5445,1,1.0,462.7439508804582
54791,STARLINK-5425,1,1.0,462.69637738111214
54792,STARLINK-5431,1,1.0,470.6982265011902
54793,STARLINK-5433,0,0.04,532.0733960097732
54795,STARLINK-5436,1,1.0,462.7508286870807
54796,STARLINK-5415,1,1.0,459.7455370738872
54797,STARLINK-5435,1,1.0,462.7344604868258
54798,STARLINK-5420,0,0.0,539.7695658098364
54799,STARLINK-5421,1,0.99,538.3605405721746
54800,STARLINK-5428,0,0.04,508.6501899584509
54801,STARLINK-5429,1,1.0,470.7346563530455
54802,STARLINK-5426,0,0.0,542.2630731364789
54803,STARLINK-5430,0,0.1,521.8155397942019
54804,STARLINK-5422,1,1.0,462.731336659479
54805,STARLINK-5417,0,0.0,542.2611426658787
54806,STARLINK-5412,1,1.0,465.248397978703
54807,STARLINK-5410,1,1.0,459.7468048368064
54808,STARLINK-5413,0,0.0,539.8005265767542
54809,STARLINK-5414,1,1.0,462.735625606977
54810,STARLINK-5408,1,1.0,465.2181128898983
54811,STARLINK-5424,1,1.0,459.74853279564286
54818,GAOFEN-11 04,1,1.0,495.7715519676758
54820,STARLINK-5382,1,1.0,483.0349267659021
54821,STARLINK-5385,1,1.0,483.053848092688
54822,STARLINK-5101,1,1.0,483.0591331518826
54823,STARLINK-5106,1,1.0,483.0560998560404
54824,STARLINK-4643,1,0.99,483.0971110182254
54826,STARLINK-5107,1,1.0,483.07065850890376
54827,STARLINK-5383,1,1.0,483.0177602437825
54828,STARLINK-5381,1,1.0,483.08020461938304
54830,STARLINK-5394,1,1.0,483.06200774925946
54831,STARLINK-5395,1,1.0,483.06224430480233
54834,STARLINK-5386,1,1.0,483.1529543782626
54835,STARLINK-5389,1,1.0,483.0531653775679
54838,STARLINK-5372,1,1.0,483.0526593300665
54840,STARLINK-5368,1,1.0,483.0589774446107
54841,STARLINK-4659,1,1.0,483.0608878536732
54842,STARLINK-5387,1,1.0,483.09453582499646
54843,STARLINK-5304,1,1.0,483.1120382033123
54844,STARLINK-5388,1,1.0,483.0629120503072
54845,STARLINK-5082,1,1.0,483.05908524195183
54846,STARLINK-5360,1,1.0,483.0652476636615
54847,STARLINK-5061,1,1.0,483.0640349410942
54848,STARLINK-5432,1,1.0,483.0684067336051
54850,STARLINK-5087,1,1.0,483.0595553581834
54851,STARLINK-5084,1,1.0,483.0594445664528
54852,STARLINK-5418,1,1.0,483.0768538948896
54853,STARLINK-5427,1,1.0,483.0714669925064
54855,STARLINK-5416,1,1.0,483.09240081197913
54856,STARLINK-5086,1,1.0,483.096925364679
54857,STARLINK-5078,1,1.0,483.0575521246092
54858,STARLINK-5407,1,1.0,483.0614298351711
54859,STARLINK-5409,1,1.0,483.06528659056767
54860,STARLINK-5406,1,1.0,483.0218774445148
54861,STARLINK-5400,1,1.0,483.06187899118777
54862,STARLINK-5403,1,1.0,483.0691523345295
54863,STARLINK-5405,1,1.0,483.0554500783946
54864,STARLINK-5359,1,1.0,482.9939434816261
54865,STARLINK-5411,1,1.0,483.0855256621271
54866,STARLINK-5398,1,1.0,483.0694397951811
54867,STARLINK-5396,1,1.0,483.0613579702149
54868,STARLINK-5379,1,1.0,483.0417179471506
54869,STARLINK-5402,1,1.0,483.07522794158376
54870,STARLINK-5401,1,1.0,483.0623191641562
54871,STARLINK-5397,1,1.0,483.0896788973678
54873,STARLINK-5091,1,1.0,483.0584564241881
54878,SHIYAN-10 02 (SY-10 02),1,1.0,20180.27409407625
54880,EROS C3,0,0.03,532.4853119984473
55009,STAR VIBE,1,1.0,434.5145428709393
55010,MENUT,1,1.0,363.8128354569726
55011,BRO-8,1,1.0,410.2535864629881
55012,CONNECTA T1.2,1,1.0,402.8182258939678
55015,BIRKELAND,1,1.0,443.4741743828008
55034,LYNK TOWER 4,1,1.0,463.68598196640505
55041,SKYKRAFT-1,1,1.0,352.5560602718988
55045,CONTINUUM-1,1,1.0,469.5240443242282
55046,LYNK TOWER 3,1,1.0,453.9238044914719
55047,NUSAT-33 (ALBANIA-2),1,1.0,479.9080354464959
55048,NUSAT-35 (WILLIAMINA),1,1.0,456.8829581142418
55051,ION SCV-008,1,1.0,478.3977306122188
55053,EOSSAT-1,1,1.0,463.7618075603023
55054,SKYKRAFT-1A,1,1.0,476.6187311331669
55056,VIGORIDE-5,1,1.0,368.5853148829092
55060,ION SCV-007,0,0.0,636.9289666719505
55061,SKYKRAFT-1C,1,1.0,489.9551207777085
55076,YAM-5,1,1.0,447.4867451592045
55093,HUYGENS,1,1.0,443.4798911888465
55103,KUWAITSAT-1,1,1.0,411.4414616623026
55104,SHARJAHSAT-1,1,1.0,413.9836789214196
55107,AAC-AIS-SAT1,0,0.0,590.0680634140472
55109,ASTROCAST-0402,1,1.0,476.81169675850833
55110,ASTROCAST-0401,1,1.0,477.7307432618063
55111,ASTROCAST-0403,1,1.0,465.6581780517881
55112,ASTROCAST-0404,1,1.0,478.29161594976
55131,SHIJIAN-23 (SJ-23),0,0.0,35844.779161775885
55135,2023-003C,1,1.0,393.9288003732063
55137,2023-003E,1,1.0,395.4547945310878
55140,ONEWEB-0532,0,0.0,1193.7161714175172
55141,ONEWEB-0533,0,0.02,1213.717271290623
55142,ONEWEB-0541,1,0.97,1217.676655319282
55143,ONEWEB-0543,0,0.0,1189.745942782396
55144,ONEWEB-0544,0,0.0,1189.7421015071186
55145,ONEWEB-0560,0,0.0,1189.7385012724644
55146,ONEWEB-0565,0,0.0,1189.742338717204
55147,ONEWEB-0567,0,0.0,1189.7349622574511
55148,ONEWEB-0569,0,0.03,1209.7598655493648
55149,ONEWEB-0570,0,0.0,1189.7481388921633
55150,ONEWEB-0571,0,0.0,1189.7393582886143
55151,ONEWEB-0572,0,0.0,1193.711076200173
55152,ONEWEB-0573,0,0.0,1189.7460766914828
55153,ONEWEB-0588,0,0.0,1189.7448944657508
55154,ONEWEB-0598,0,0.03,1217.6966572962492
55155,ONEWEB-0599,0,0.0,1193.716228882423
55156,ONEWEB-0614,0,0.04,1217.687536687331
55157,ONEWEB-0616,0,0.0,1193.713853667211
55158,ONEWEB-0617,1,0.99,1217.6915641162595
55159,ONEWEB-0618,0,0.0,525.2199931539617
55160,ONEWEB-0619,0,0.0,1193.7132905116196
55161,ONEWEB-0620,1,1.0,1217.687664113093
55162,ONEWEB-0621,1,1.0,1217.6880811428946
55163,ONEWEB-0622,1,1.0,1217.6865906477533
55164,ONEWEB-0623,0,0.02,1193.711662341282
55165,ONEWEB-0624,1,0.99,1211.8483147096522
55166,ONEWEB-0625,0,0.01,1193.714064371712
55167,ONEWEB-0626,0,0.0,1193.7123289332667
55168,ONEWEB-0627,0,0.0,1193.7084328201172
55169,ONEWEB-0628,1,0.98,1213.7323920485296
55170,ONEWEB-0629,0,0.0,1193.7160181777715
55171,ONEWEB-0631,0,0.0,1189.747056140981
55172,ONEWEB-0709,1,0.97,1217.6473630863877
55173,ONEWEB-0710,0,0.0,1193.7100954675934
55174,ONEWEB-0711,1,1.0,1217.6790725396197
55175,ONEWEB-0713,0,0.05,1217.6731646402714
55176,ONEWEB-0715,0,0.02,1217.6740025573226
55177,ONEWEB-0716,0,0.0,1193.7092334958606
55178,ONEWEB-0717,0,0.0,1193.7148918658895
55179,ONEWEB-0719,0,0.0,1193.7131985678598
55239,APSTAR-6E,0,0.0,35786.51029984024
55244,YAOGAN-37,0,0.0,513.0983702136637
55246,LINUSS1,0,0.0,36131.105191449016
55247,LINUSS2,0,0.0,36132.04075670799
55263,USA 342,0,0.0,35786.69560222302
55268,NAVSTAR 82 (USA 343),0,0.01,20181.81760030791
55269,STARLINK-5277,0,0.0,572.0737342507082
55271,STARLINK-5306,0,0.0,572.0541375442408
55272,STARLINK-5310,0,0.0,572.0455715663393
55273,STARLINK-5291,0,0.0,572.0198985300112
55274,STARLINK-5236,0,0.0,572.0668041072277
55275,STARLINK-5260,0,0.0,572.0541189897476
55276,STARLINK-5261,0,0.0,572.041013363586
55277,STARLINK-5299,0,0.0,572.0579226634627
55278,STARLINK-5289,0,0.0,572.124014644387
55280,STARLINK-5331,0,0.01,572.0510977014083
55281,STARLINK-5298,0,0.0,572.0581174859144
55282,STARLINK-5330,0,0.0,572.0578360757099
55283,STARLINK-5317,0,0.0,572.0638137293654
55284,STARLINK-5337,0,0.0,572.0861906162909
55285,STARLINK-5332,0,0.0,572.0569207196386
55286,STARLINK-5338,0,0.0,572.060653271461
55287,STARLINK-5341,0,0.0,572.0618314847989
55288,STARLINK-5311,0,0.0,572.0581731494749
55289,STARLINK-5320,0,0.0,572.0639405188476
55290,STARLINK-5266,0,0.0,572.0882378197484
55291,STARLINK-5327,0,0.0,572.0602296095685
55292,STARLINK-5325,0,0.0,572.0574402460206
55293,STARLINK-5287,0,0.0,572.0571928524932
55294,STARLINK-5286,0,0.0,572.0550219752322
55295,STARLINK-5293,0,0.0,572.0574959095666
55296,STARLINK-5285,0,0.0,572.0499813408369
55297,STARLINK-5284,0,0.0,572.0545333734608
55299,STARLINK-5270,0,0.0,572.0724075953995
55300,STARLINK-5308,0,0.0,572.0607120274935
55302,STARLINK-5321,0,0.0,572.0616706787496
55303,STARLINK-5322,0,0.0,572.0560579349685
55304,STARLINK-5318,0,0.0,572.0315166164573
55305,STARLINK-5316,0,0.0,572.050865770505
55306,STARLINK-5295,0,0.0,572.0965225149957
55307,STARLINK-5288,0,0.0,572.1043773813653
55309,STARLINK-5315,0,0.0,572.0630560850195
55310,STARLINK-5309,0,0.0,572.0519852238449
55311,STARLINK-5312,0,0.0,572.0540787883465
55312,STARLINK-5296,0,0.0,572.0622551469341
55313,STARLINK-5313,0,0.0,572.0497865189536
55314,STARLINK-5305,0,0.0,572.051975946607
55315,STARLINK-4623,0,0.0,572.0489824922834
55316,STARLINK-5257,0,0.0,572.0933898520389
55317,STARLINK-5265,0,0.01,572.0565527218423
55318,STARLINK-5180,0,0.0,572.0561321529931
55319,STARLINK-5196,0,0.01,572.0633251260497
55324,HAWK-6B,1,1.0,495.8107408486385
55326,HAWK-6C,1,1.0,495.80306367067806
55327,HAWK-6A,1,1.0,495.80553348146896
55331,STARLINK-5492,1,1.0,483.06210955797087
55332,STARLINK-5491,1,1.0,483.0614657676488
55333,STARLINK-5493,1,1.0,483.0618759968138
55334,STARLINK-5652,1,1.0,483.0683049246591
55335,STARLINK-5660,1,1.0,483.0685834020797
55336,STARLINK-5655,1,1.0,483.0681043011591
55337,STARLINK-5667,1,1.0,483.0627353821974
55338,STARLINK-5658,1,1.0,483.0642325699218
55339,STARLINK-5671,1,1.0,483.06251379848345
55340,STARLINK-5675,1,1.0,483.0621454904585
55341,STARLINK-5670,1,1.0,483.0664603867645
55342,STARLINK-5657,1,1.0,483.0665921394311
55343,STARLINK-5661,1,1.0,483.0696224524863
55345,STARLINK-5653,1,1.0,483.05960925686486
55346,STARLINK-5631,1,1.0,483.0685684301743
55347,STARLINK-5663,1,1.0,483.0653854050242
55348,STARLINK-5609,1,1.0,483.0750991828909
55349,STARLINK-5666,1,1.0,483.0728174600936
55350,STARLINK-5668,1,1.0,483.06317555530313
55351,STARLINK-5659,1,1.0,483.0722215774185
55352,STARLINK-5547,1,1.0,483.0578575502605
55353,STARLINK-5608,1,1.0,483.0393464216304
55354,STARLINK-5649,1,1.0,483.0647416139327
55355,STARLINK-5647,1,1.0,483.0731049211281
55357,STARLINK-5651,1,1.0,483.0525365611602
55358,STARLINK-5622,1,1.0,483.06008536192985
55359,STARLINK-5641,1,1.0,483.08298042373553
55360,STARLINK-5664,1,1.0,483.0702842110195
55361,STARLINK-5665,1,1.0,483.0686941941794
55362,STARLINK-5574,1,1.0,483.0655381182824
55364,STARLINK-5627,1,1.0,483.0693799075443
55365,STARLINK-5639,1,1.0,483.0632354428062
55366,STARLINK-5654,1,1.0,483.05728862015167
55367,STARLINK-5635,1,1.0,483.08074959908754
55368,STARLINK-5625,1,1.0,483.06565190463607
55369,STARLINK-5644,1,1.0,483.06177718248273
55370,STARLINK-5027,1,1.0,483.0783720510572
55371,STARLINK-5590,1,1.0,483.071553829649
55372,STARLINK-5568,1,1.0,483.11940151267936
55373,STARLINK-5581,1,1.0,483.0605375120995
55374,STARLINK-5578,1,1.0,483.0196526581885
55375,STARLINK-5588,1,1.0,483.0668346841276
55376,STARLINK-5586,1,1.0,483.066080100697
55377,STARLINK-5567,1,1.0,483.0692900760887
55378,STARLINK-5572,1,1.0,483.0764496522652
55379,STARLINK-5569,1,1.0,483.080192641808
55380,STARLINK-5571,1,1.0,483.46832045466726
55381,STARLINK-5575,1,1.0,483.071074728211
55382,STARLINK-5576,1,1.0,483.0639750535747
55383,STARLINK-5531,1,1.0,483.069933868248
55384,STARLINK-5537,1,1.0,483.0648015014704
55385,STARLINK-5556,1,1.0,483.0609447467532
55386,STARLINK-5555,1,1.0,483.0603668328886
55392,STARLINK-5085,0,0.02,572.0817807843587
55393,STARLINK-4786,0,0.0,572.0696615136912
55395,STARLINK-5274,0,0.0,572.0563146056475
55396,STARLINK-5283,0,0.0,572.0557332311291
55397,STARLINK-5224,0,0.0,572.0403237582577
55398,STARLINK-5275,0,0.0,572.0323453772053
55399,STARLINK-5276,0,0.0,572.0723704861684
55400,STARLINK-5632,0,0.0,572.0464250705345
55401,STARLINK-5076,0,0.0,572.0571062647632
55402,STARLINK-5071,0,0.0,572.0605728684686
55403,STARLINK-5597,0,0.0,572.0468270834708
55404,STARLINK-5607,0,0.0,572.0923600633078
55405,STARLINK-5623,0,0.0,572.0275336204786
55406,STARLINK-5630,0,0.0,572.058040175416
55407,STARLINK-5019,0,0.0,572.0535128763686
55410,STARLINK-5633,0,0.0,572.0530706610789
55411,STARLINK-5605,0,0.01,571.9995043753761
55413,STARLINK-5060,0,0.0,572.0334060676305
55414,STARLINK-5620,0,0.0,572.045067504202
55416,STARLINK-5624,0,0.0,572.0569825680113
55418,STARLINK-5030,0,0.0,572.0783883728282
55419,STARLINK-5629,0,0.02,571.9620871342395
55420,STARLINK-5604,0,0.0,572.099076890363
55421,STARLINK-5598,0,0.0,572.0696676985581
55422,STARLINK-5006,0,0.0,572.0553559562386
55423,STARLINK-5068,0,0.0,572.1058865078403
55425,STARLINK-5615,0,0.0,572.0723890407844
55426,STARLINK-5638,0,0.0,572.0633344033276
55428,STARLINK-5064,0,0.0,572.0717365368937
55429,STARLINK-5645,0,0.0,572.020257245822
55430,STARLINK-5642,0,0.0,572.0599976779022
55431,STARLINK-5643,0,0.0,572.055006513151
55432,STARLINK-5637,0,0.0,572.0515739329257
55433,STARLINK-5570,0,0.0,572.158777578773
55434,STARLINK-5621,0,0.0,572.0558414657362
55435,STARLINK-5626,0,0.0,572.0630468077434
55436,STARLINK-5640,0,0.0,572.0592122028065
55438,STARLINK-5074,0,0.0,572.0663959065441
55439,STARLINK-5634,0,0.0,572.0531881728266
55447,APSTAR-6E SPS,1,0.98,4544.07999829824
55449,STARLINK-5699,1,1.0,483.09203848875495
55450,STARLINK-5686,1,1.0,483.0683288797045
55451,STARLINK-5656,1,1.0,483.019832317852
55452,STARLINK-5683,1,1.0,483.0473173905384
55453,STARLINK-5684,1,1.0,483.0347950147561
55454,STARLINK-5636,1,1.0,483.0590043939456
55455,STARLINK-5680,1,1.0,483.054315213657
55456,STARLINK-5058,1,1.0,483.06375047538495
55457,STARLINK-5682,1,1.0,483.0524856569818
55458,STARLINK-5020,1,1.0,483.0618580305718
55459,STARLINK-5669,1,1.0,483.0689666828748
55460,STARLINK-5678,1,1.0,483.0525994427944
55461,STARLINK-5646,1,1.0,483.0588067654953
55462,STARLINK-5673,1,1.0,483.0790996883343
55463,STARLINK-5677,0,0.07,506.4353086938572
55464,STARLINK-5676,1,1.0,483.0547164586551
55465,STARLINK-5674,1,1.0,482.8695930375106
55466,STARLINK-5628,1,1.0,483.0650440460077
55467,STARLINK-5679,1,1.0,483.065032068499
55468,STARLINK-5672,1,1.0,483.0646517826299
55469,STARLINK-5681,1,1.0,483.0599775645487
55470,STARLINK-5708,1,1.0,483.0638013797734
55471,STARLINK-5711,1,1.0,483.0362263116304
55472,STARLINK-5705,1,1.0,483.0668167178519
55474,STARLINK-5689,1,1.0,483.0638253347797
55475,STARLINK-5650,1,1.0,483.063807368525
55477,STARLINK-5685,1,1.0,483.0676371778436
55478,STARLINK-5691,1,1.0,483.06155859322007
55479,STARLINK-5688,1,1.0,483.0649602034491
55480,STARLINK-5690,1,1.0,483.05843546359847
55481,STARLINK-5694,1,1.0,483.0675203970268
55483,STARLINK-5692,1,1.0,483.07190117824393
55484,STARLINK-5696,1,1.0,483.06115435284846
55485,STARLINK-5695,1,1.0,483.0645559625764
55486,STARLINK-5704,1,1.0,483.1122088857383
55487,STARLINK-5701,1,1.0,483.0701644357077
55488,STARLINK-5706,1,1.0,483.0677030542038
55489,STARLINK-5371,1,1.0,483.07223654934296
55490,STARLINK-5373,1,1.0,483.059106202546
55491,STARLINK-5364,1,1.0,483.0647595801938
55492,STARLINK-5013,1,1.0,483.0679216439557
55493,STARLINK-5362,1,1.0,483.0722455324976
55494,STARLINK-5344,1,1.0,482.98682005218416
55495,STARLINK-5100,1,1.0,483.0619418730357
55497,STARLINK-5363,1,1.0,483.0723533303608
55498,STARLINK-5365,1,1.0,483.0352082342788
55499,STARLINK-5366,1,1.0,483.08322895867695
55500,STARLINK-5141,1,1.0,483.0861514916933
55501,STARLINK-5367,1,1.0,483.0673916386968
55506,ELEKTRO-L 4,0,0.0,35786.61738810966
55508,AMAZONAS NEXUS,0,0.0,35787.37851935307
55569,STARLINK-5749,1,1.0,483.0688049862829
55570,STARLINK-5737,1,1.0,483.06400799171024
55571,STARLINK-5739,1,1.0,483.0825911521906
55572,STARLINK-5732,1,1.0,483.0695625648432
55573,STARLINK-5738,1,1.0,483.065316534342
55574,STARLINK-5747,1,1.0,483.0625167928574
55575,STARLINK-5745,1,1.0,483.0840284627884
55576,STARLINK-5751,1,1.0,483.0563364110749
55577,STARLINK-5752,1,1.0,483.0632084934287
55579,STARLINK-5754,1,1.0,483.0631486059274
55580,STARLINK-5757,1,1.0,483.0664124767063
55581,STARLINK-5753,1,1.0,483.0671580770895
55582,STARLINK-5741,1,1.0,483.06510692792926
55583,STARLINK-5742,1,1.0,483.067125138914
55584,STARLINK-5736,1,1.0,483.0601482437378
55585,STARLINK-5769,1,1.0,483.06298391530345
55586,STARLINK-5767,1,1.0,483.0622023835658
55587,STARLINK-5727,1,1.0,483.0656309439919
55588,STARLINK-5728,1,1.0,483.0681372393447
55589,STARLINK-5697,1,1.0,483.0722904482736
55590,STARLINK-5762,1,1.0,483.0643283899626
55591,STARLINK-5760,1,1.0,483.0693589468701
55592,STARLINK-5759,1,1.0,483.06670293145
55593,STARLINK-5703,1,1.0,483.0696583850731
55594,STARLINK-5750,1,1.0,483.0631456115525
55596,STARLINK-5729,1,1.0,483.0379211118234
55597,STARLINK-5743,1,1.0,483.0862173684982
55598,STARLINK-5756,1,1.0,483.0650889616654
55599,STARLINK-5761,1,1.0,483.1184762319699
55600,STARLINK-5755,1,1.0,483.039244613763
55601,STARLINK-5744,1,1.0,483.0623700685173
55602,STARLINK-5764,1,1.0,483.0598607840584
55603,STARLINK-5735,1,1.0,483.0764436634872
55604,STARLINK-5748,1,1.0,483.0496739511455
55605,STARLINK-5725,1,1.0,483.0584594185584
55607,STARLINK-5700,1,1.0,483.0670622569478
55608,STARLINK-5726,1,1.0,483.0566568084314
55609,STARLINK-5719,1,1.0,483.0660351850229
55610,STARLINK-5722,1,1.0,483.0586510582425
55611,STARLINK-5730,1,1.0,483.0536085435033
55612,STARLINK-5734,1,1.0,483.13147211257456
55614,STARLINK-5714,1,1.0,483.0456345619669
55615,STARLINK-5712,1,1.0,483.03285168609455
55616,STARLINK-5710,1,1.0,483.0705626886411
55617,STARLINK-5721,1,1.0,482.9802775323942
55618,STARLINK-5717,1,1.0,483.06246588849353
55619,STARLINK-5720,1,1.0,483.0570131382465
55620,STARLINK-5718,1,1.0,483.0624688828684
55621,STARLINK-5709,1,1.0,483.073338483242
55622,STARLINK-5702,1,1.0,483.06885289638376
55623,STARLINK-5698,1,1.0,483.065526140771
55628,STARLINK-5484,0,0.0,572.0564877810584
55629,STARLINK-5497,0,0.0,572.0552353519815
55630,STARLINK-5303,0,0.01,571.9978592431162
55631,STARLINK-5558,0,0.0,572.0566702337383
55632,STARLINK-5546,0,0.0,572.0570011225236
55633,STARLINK-5498,0,0.0,572.0518862666258
55634,STARLINK-5500,0,0.0,572.0554827453352
55635,STARLINK-5495,0,0.01,572.0583277704827
55636,STARLINK-5218,0,0.0,572.0588132804996
55637,STARLINK-5062,0,0.0,572.0590359348025
55638,STARLINK-5507,0,0.0,572.0577278410237
55639,STARLINK-5508,0,0.0,572.0524490858579
55640,STARLINK-5069,0,0.0,572.0297106610506
55641,STARLINK-5065,0,0.0,572.0310898666148
55643,STARLINK-5483,0,0.0,572.0323453772053
55644,STARLINK-5502,0,0.0,572.0579102937836
55647,STARLINK-5510,0,0.0,572.0493412118458
55648,STARLINK-5501,0,0.0,572.0633096639203
55649,STARLINK-5469,0,0.0,572.0151517346412
55650,STARLINK-5494,0,0.0,572.0608140774511
55651,STARLINK-5506,0,0.0,572.0357099009971
55652,STARLINK-5487,0,0.0,572.0572392387776
55653,STARLINK-5067,0,0.01,571.959437023118
55654,STARLINK-5070,0,0.0,572.0300415466281
55655,STARLINK-5267,0,0.0,572.0534726749747
55657,STARLINK-5328,0,0.0,572.0535901867415
55658,STARLINK-5307,0,0.01,572.0129128580747
55659,STARLINK-5477,0,0.0,572.052337758968
55660,STARLINK-5467,0,0.0,572.0844928610941
55661,STARLINK-5475,0,0.0,572.0486577892707
55662,STARLINK-5479,0,0.0,574.5447740576683
55663,STARLINK-5473,0,0.0,572.0828816954618
55664,STARLINK-5480,0,0.0,572.0535221536129
55665,STARLINK-5474,0,0.0,572.0543323664278
55667,STARLINK-5456,0,0.0,572.0280407718237
55668,STARLINK-5455,0,0.0,572.0491958685698
55669,STARLINK-5459,0,0.0,572.057925755882
55670,STARLINK-5423,0,0.0,572.0760164704143
55671,STARLINK-5460,0,0.0,572.0502318261333
55673,STARLINK-5463,0,0.0,572.0284582440363
55674,STARLINK-5462,0,0.0,572.1019003128431
55675,STARLINK-5232,0,0.0,572.1122415473701
55676,STARLINK-5300,0,0.0,572.0501607006763
55677,STARLINK-5324,0,0.0,572.0194501353144
55686,ZHONGXING-26,0,0.0,35787.40459186046
55690,HORUS 1,1,1.0,495.46570716186216
55741,STARLINK-5592,0,0.0,572.0736909565858
55742,STARLINK-5594,0,0.0,572.056478503805
55743,STARLINK-5602,0,0.0,572.0615469817949
55744,STARLINK-5601,0,0.0,572.0609377743731
55746,STARLINK-5579,0,0.0,572.0482279443886
55747,STARLINK-5539,0,0.0,572.0570969875062
55748,STARLINK-5580,0,0.0,572.0502967667699
55750,STARLINK-5573,0,0.0,572.056645494391
55751,STARLINK-5577,0,0.0,572.0686317337513
55752,STARLINK-5613,0,0.0,572.1513555119845
55753,STARLINK-5617,0,0.0,572.0552910154847
55754,STARLINK-5612,1,0.96,572.1837869971987
55756,STARLINK-5614,0,0.0,572.0605264821279
55757,STARLINK-5544,0,0.0,572.0357129933927
55758,STARLINK-5072,0,0.0,571.9980509690058
55760,STARLINK-5532,0,0.0,572.0693089763718
55761,STARLINK-5611,1,0.98,572.159785744374
55762,STARLINK-5603,0,0.0,572.0586741215684
55763,STARLINK-5593,0,0.0,572.0595678312666
55764,STARLINK-5499,0,0.0,572.0511162558823
55765,STARLINK-5595,0,0.0,572.0350388513498
55766,STARLINK-5599,0,0.0,572.0591101529071
55767,STARLINK-5606,0,0.01,572.0094524985307
55769,STARLINK-5584,0,0.0,572.0665072339962
55770,STARLINK-5557,0,0.0,572.0811715725031
55771,STARLINK-5591,0,0.0,572.0006114386106
55772,STARLINK-5835,0,0.0,572.0674875342647
55773,STARLINK-5833,0,0.0,572.0583154008009
55774,STARLINK-5812,0,0.0,572.0599574764155
55775,STARLINK-5809,0,0.0,572.0427234618437
55777,STARLINK-5814,0,0.0,572.0869668216546
55778,STARLINK-5816,0,0.0,572.0308733993288
55779,STARLINK-5817,0,0.0,572.0631395805085
55780,STARLINK-5819,0,0.0,572.0302178127931
55781,STARLINK-5820,0,0.0,572.018182261043
55782,STARLINK-5826,0,0.0,572.0661083106434
55783,STARLINK-5825,0,0.0,572.0608697410653
55784,STARLINK-5797,0,0.0,572.0581329480146
55785,STARLINK-5818,0,0.0,572.0499194926178
55786,STARLINK-5823,1,0.97,591.8432502670867
55787,STARLINK-5811,0,0.0,572.0759824535771
55788,STARLINK-5804,0,0.0,572.0612037227747
55789,STARLINK-5815,0,0.0,572.070153210555
55790,STARLINK-5813,0,0.0,572.0692347579943
55791,STARLINK-5807,0,0.0,572.0604089700691
55796,ONEWEB-0530,0,0.0,1181.775593335904
55797,ONEWEB-0534,0,0.0,1181.775868081304
55798,ONEWEB-0556,0,0.0,1181.769846583662
55799,ONEWEB-0562,0,0.0,1181.7811454873863
55800,ONEWEB-0563,0,0.0,1181.7754483313977
55801,ONEWEB-0564,1,0.96,1181.800385392903
55802,ONEWEB-0638,1,0.97,1205.7946586391745
55803,ONEWEB-0639,0,0.0,1185.7639532219691
55804,ONEWEB-0640,0,0.0,1205.78640835872
55805,ONEWEB-0641,0,0.0,1185.7749117064168
55806,ONEWEB-0642,0,0.0,1185.7744875802327
55807,ONEWEB-0643,1,0.92,1205.6723298578254
55808,ONEWEB-0644,0,0.0,1185.7640869549768
55809,ONEWEB-0645,0,0.0,1185.7600940719713
55810,ONEWEB-0646,0,0.0,1185.7685956713076
55811,ONEWEB-0648,0,0.01,1205.7951548106012
55812,ONEWEB-0649,0,0.0,1185.770490862551
55813,ONEWEB-0650,0,0.0,1185.7699635713195
55814,ONEWEB-0652,0,0.01,1205.786877604838
55815,ONEWEB-0653,0,0.02,1205.79008540402
55816,ONEWEB-0654,0,0.0,1205.7872391551773
55817,ONEWEB-0656,0,0.0,1181.7737884118787
55818,ONEWEB-0657,0,0.0,1185.7598266063133
55819,ONEWEB-0658,0,0.0,1185.7688440329955
55820,ONEWEB-0660,0,0.0,1205.7878353287006
55821,ONEWEB-0661,0,0.02,1205.7855275608745
55822,ONEWEB-0662,0,0.0,1205.787985333669
55823,ONEWEB-0663,0,0.0,1181.385915007445
55824,ONEWEB-0664,0,0.0,1181.7696519727224
55825,ONEWEB-0665,1,0.96,1205.7899277063798
55826,ONEWEB-0666,0,0.0,1181.7777607725202
55827,ONEWEB-0667,0,0.0,1181.777997359006
55828,ONEWEB-0669,0,0.0,1181.7772952314265
55829,ONEWEB-0670,0,0.02,1205.78139666085
55830,ONEWEB-0671,0,0.0,1185.7692566955384
55831,ONEWEB-0672,0,0.0,1181.773250369196
55832,ONEWEB-0673,0,0.0,1185.763895907824
55833,ONEWEB-0674,0,0.0,1205.787350697311
55834,ONEWEB-0675,0,0.0,1185.7620427510574
55835,ONEWEB-0720,0,0.0,1185.771618043389
55836,TIANHUI 6A,0,0.0,889.1483748108121
55839,TIANHUI 6B,0,0.01,889.1489625511258
55841,LUCH-5X (OLYMP-K 2),0,0.0,35786.58907412938
55844,HORUS 2,1,1.0,495.1119648183266
55861,SHIYAN-19 (SY-19),1,1.0,392.0059266556873
55912,GAOFEN-13 02,0,0.0,35787.77942365266
55914,STARLINK-5856,0,0.0,572.0544282313194
55915,STARLINK-5859,0,0.0,572.0528789313948
55916,STARLINK-5796,0,0.0,572.0526470003415
55918,STARLINK-5867,0,0.0,572.046282819817
55919,STARLINK-5871,0,0.0,572.0515182694962
55920,STARLINK-5862,0,0.0,572.0610893031107
55921,STARLINK-5861,0,0.0,572.0650723471636
55922,STARLINK-5863,0,0.0,572.0664175535494
55923,STARLINK-5854,0,0.0,572.0517254611514
55924,STARLINK-5849,0,0.0,572.0842454651583
55925,STARLINK-5922,0,0.0,572.034568807454
55926,STARLINK-5921,0,0.0,572.0679050124008
55927,STARLINK-5919,0,0.0,572.0591627240665
55928,STARLINK-5930,0,0.0,572.065687740348
55930,STARLINK-5896,0,0.0,572.0495576805706
55931,STARLINK-5897,0,0.0,572.0561074136504
55932,STARLINK-5848,0,0.0,572.0636343686447
55933,STARLINK-5852,0,0.0,572.0624623393905
55934,STARLINK-5927,0,0.0,572.0588565743901
55935,STARLINK-5920,0,0.0,572.0314733229925
55936,STARLINK-5882,0,0.0,572.051929560409
55937,STARLINK-5913,0,0.0,572.0668133845174
55938,STARLINK-5909,0,0.0,572.071009814732
55939,STARLINK-5918,0,0.0,572.0601986853444
55940,STARLINK-5864,0,0.0,572.0618995181321
55941,STARLINK-5914,0,0.0,572.0645992057616
55942,STARLINK-5917,0,0.0,572.0565032431514
55943,STARLINK-5932,0,0.0,572.0566547716471
55944,STARLINK-5926,0,0.0,572.065542396218
55945,STARLINK-5925,0,0.0,572.0466724631042
55946,STARLINK-5857,0,0.0,572.0535561701781
55948,STARLINK-5900,0,0.0,572.0610583788775
55949,STARLINK-5899,0,0.0,572.061160428847
55950,STARLINK-5911,0,0.0,572.0509028794477
55951,STARLINK-5908,0,0.0,572.0422534166482
55952,STARLINK-5893,0,0.0,572.0830888894552
55954,STARLINK-5892,0,0.0,572.034568807454
55955,STARLINK-5878,0,0.0,572.0523841451723
55956,STARLINK-5883,0,0.0,572.0619551817663
55957,STARLINK-5884,0,0.0,572.0544498782292
55958,STARLINK-5928,0,0.0,572.0287953142388
55959,STARLINK-5929,0,0.0,572.0468889316207
55960,STARLINK-5938,0,0.0,572.0720797972153
55961,STARLINK-5933,0,0.0,572.0625334651631
55962,STARLINK-5906,0,0.0,572.0614603939302
55963,STARLINK-5924,0,0.0,572.1150835381186
55964,STARLINK-5895,0,0.05,530.1534211787957
55965,STARLINK-5894,0,0.0,572.0995995170906
55970,SES-18,0,0.0,35786.84362132275
55971,SES-19,0,0.0,35786.76792957536
55973,TIANMU-1 03,1,1.0,420.66234259855537
55974,TIANMU-1 04,1,1.0,418.7682322058527
55975,TIANMU-1 05,1,1.0,420.8849080960881
55976,TIANMU-1 06,1,1.0,419.0869457204108
55978,COSMOS 2567,1,1.0,490.1403652821764
55982,GLOBAL-19,1,1.0,452.7186816675012
55983,GLOBAL-5,1,1.0,452.82804159961233
55986,STARLINK-5905,1,1.0,483.0622323273065
55987,STARLINK-5915,1,1.0,483.0644391818896
55988,STARLINK-5916,1,1.0,483.0703291267628
55989,STARLINK-5947,1,1.0,483.0835283983906
55990,STARLINK-5946,1,1.0,483.0938860382503
55991,STARLINK-5948,1,1.0,483.06545727008506
55993,STARLINK-5969,1,1.0,482.99854871823663
55994,STARLINK-5956,1,1.0,483.0644631369023
55996,STARLINK-5903,1,1.0,483.1203956657628
55998,STARLINK-5902,1,1.0,483.0454309457682
55999,STARLINK-5901,1,1.0,483.0638313235313
56000,STARLINK-5910,1,1.0,483.0631156678028
56001,STARLINK-5944,1,1.0,483.07034110429504
56002,STARLINK-5799,1,1.0,483.0650590178939
56003,STARLINK-5789,1,1.0,483.06785876197137
56004,STARLINK-5787,1,1.0,483.0690445367936
56005,STARLINK-5801,1,1.0,483.0677329980044
56006,STARLINK-5794,1,1.0,483.0661339995058
56007,STARLINK-5806,1,1.0,483.0632593978071
56008,STARLINK-5803,1,1.0,483.0665352462329
56009,STARLINK-5964,1,1.0,483.064136749882
56010,STARLINK-5968,1,1.0,483.0619957717645
56011,STARLINK-5936,1,1.0,483.0611723190869
56012,STARLINK-5940,1,1.0,483.0561926814317
56013,STARLINK-5941,1,1.0,483.0577108261687
56014,STARLINK-5942,1,1.0,483.03829540529387
56015,STARLINK-5939,1,1.0,483.0644601425256
56016,STARLINK-5943,1,1.0,483.0603518610278
56017,STARLINK-5934,1,1.0,483.1547091400389
56018,STARLINK-5945,1,1.0,483.0815401192931
56019,STARLINK-5949,1,1.0,483.0755722962549
56020,STARLINK-5912,1,1.0,483.06409782299306
56021,STARLINK-5907,1,1.0,483.0437600957685
56022,STARLINK-5783,1,1.0,483.0713052957672
56023,STARLINK-5771,1,1.0,483.0656429215032
56024,STARLINK-5772,1,1.0,483.071104672048
56025,STARLINK-5766,1,1.0,483.06240300663376
56026,STARLINK-5770,1,1.0,483.0712454080876
56027,STARLINK-5777,1,1.0,483.07370679276937
56028,STARLINK-5779,1,1.0,483.079953090325
56029,STARLINK-5774,1,1.0,483.04867383496185
56030,STARLINK-5781,1,1.0,483.11158903908654
56031,STARLINK-5785,1,1.0,483.0814383098596
56032,STARLINK-5786,1,1.0,483.0692122221635
56034,STARLINK-5782,1,1.0,483.0639780479505
56035,STARLINK-5792,1,1.0,483.0686163402716
56036,STARLINK-5790,1,1.0,483.0613849195725
56037,STARLINK-5758,1,1.0,483.065109922306
56038,STARLINK-5793,1,1.0,483.0764825905508
56039,STARLINK-5795,1,1.0,483.0654303206866
56040,STARLINK-5798,1,1.0,483.0266923314612
56041,STARLINK-5800,1,1.0,483.0653734275147
56046,ONEWEB-0537,0,0.0,1197.7531762389744
56047,ONEWEB-0538,0,0.01,1197.752362985444
56048,ONEWEB-0546,0,0.0,1197.7516494707334
56049,ONEWEB-0547,0,0.0,1177.7547974311765
56050,ONEWEB-0548,0,0.0,1197.760794747271
56051,ONEWEB-0549,0,0.0,1177.7577241549443
56052,ONEWEB-0550,0,0.0,1177.7586768651154
56053,ONEWEB-0551,0,0.0,1201.769887829162
56054,ONEWEB-0552,0,0.0,1177.761607403485
56055,ONEWEB-0553,0,0.0,1197.7529384006548
56056,ONEWEB-0554,0,0.0,1197.7512581885449
56057,ONEWEB-0555,0,0.01,1197.7538091958822
56058,ONEWEB-0557,0,0.0,1197.759490469566
56059,ONEWEB-0558,0,0.0,1177.749496562402
56060,ONEWEB-0559,0,0.0,1177.7522251177052
56061,ONEWEB-0566,0,0.0,1177.7493060209208
56062,ONEWEB-0568,0,0.0,1197.7614929196834
56063,ONEWEB-0574,0,0.0,1177.7487267748977
56064,ONEWEB-0575,0,0.0,1197.760683500033
56065,ONEWEB-0576,0,0.0,1197.7599968361385
56066,ONEWEB-0577,0,0.0,1197.7613816724197
56067,ONEWEB-0578,0,0.0,1177.7474653908484
56068,ONEWEB-0579,0,0.0,1177.7572096915774
56069,ONEWEB-0581,0,0.0,1197.759221941874
56070,ONEWEB-0609,0,0.0,1201.7711323745943
56071,ONEWEB-0613,0,0.0,1201.7696189459575
56072,ONEWEB-0630,0,0.0,1201.7764793163378
56073,ONEWEB-0632,0,0.0,1201.7730913823289
56074,ONEWEB-0633,0,0.0,1201.7668379267752
56075,ONEWEB-0634,0,0.0,1201.7741861224958
56076,ONEWEB-0635,0,0.0,1201.768197706554
56077,ONEWEB-0636,0,0.0,1201.769469139611
56078,ONEWEB-0637,0,0.04,1201.7663808258003
56079,ONEWEB-0647,0,0.0,1201.7696727225955
56080,ONEWEB-0651,1,0.96,1201.767721399443
56081,ONEWEB-0718,0,0.0,1201.7769709896138
56094,STARLINK-6109,1,1.0,483.0606722588527
56095,STARLINK-6090,1,1.0,483.0595314032144
56096,STARLINK-6089,1,1.0,483.0741769115066
56097,STARLINK-6077,1,1.0,483.0585761989887
56098,STARLINK-6088,1,1.0,483.0722066054923
56100,STARLINK-6076,1,1.0,483.0639211548069
56101,STARLINK-6095,1,1.0,483.0763897644747
56102,STARLINK-6075,1,1.0,483.04923677456463
56103,STARLINK-6096,1,1.0,483.1040550687512
56104,STARLINK-6062,1,1.0,483.077267120746
56105,STARLINK-6066,1,1.0,483.0467155246861
56107,STARLINK-6030,1,1.0,483.04157721262527
56108,STARLINK-6081,1,1.0,483.05806416175074
56109,STARLINK-6083,1,1.0,483.0943831101249
56110,STARLINK-6082,1,1.0,483.0580821279691
56111,STARLINK-6084,1,1.0,483.0833307681751
56112,STARLINK-6080,1,1.0,483.0649631978258
56113,STARLINK-6113,1,1.0,483.0707902617705
56115,STARLINK-6101,1,1.0,483.0674425431516
56116,STARLINK-6114,1,1.0,483.0663016846984
56117,STARLINK-6107,1,1.0,483.0452213408735
56119,STARLINK-6091,1,1.0,483.0583456325012
56120,STARLINK-6079,1,1.0,483.05901936579903
56121,STARLINK-6092,1,1.0,483.0601063225313
56122,STARLINK-6094,1,1.0,483.09823392300586
56123,STARLINK-6115,1,1.0,483.069340980579
56124,STARLINK-6126,1,1.0,483.0595314032144
56125,STARLINK-6119,1,1.0,483.0522161642848
56126,STARLINK-6124,1,1.0,483.0583546156113
56127,STARLINK-6104,1,1.0,483.0654422981979
56128,STARLINK-6122,1,1.0,483.059208011151
56129,STARLINK-6121,1,1.0,482.9168114084951
56130,STARLINK-6117,1,1.0,483.065526140771
56131,STARLINK-6120,1,1.0,483.0495751372546
56132,STARLINK-6071,1,1.0,483.07397329318974
56133,STARLINK-5566,1,1.0,483.0657567078615
56134,STARLINK-5564,1,1.0,483.06254973097657
56136,STARLINK-5489,1,1.0,483.0623970178858
56137,STARLINK-5090,1,1.0,483.09502690816953
56138,STARLINK-4774,1,1.0,483.0784229557157
56140,STARLINK-5375,1,1.0,482.9622579864408
56141,STARLINK-5377,1,1.0,483.05789348269263
56142,STARLINK-5376,1,1.0,483.05496798540025
56143,STARLINK-5016,1,0.94,508.1327090777722
56144,STARLINK-5374,1,1.0,483.0724132180621
56146,STARLINK-5111,1,1.0,483.1247376036308
56148,STARLINK-5089,1,1.0,483.0571269242482
56153,PIESAT A,0,0.0,523.1957650852719
56154,PIESAT B,0,0.0,523.192401629226
56155,PIESAT C,0,0.0,523.191216672787
56156,PIESAT D,0,0.0,523.1942945222327
56157,2023-048A,0,0.02,1089.2552585611238
56162,CHECKMATE 8,0,0.0,946.326279178551
56163,CHECKMATE 5,0,0.0,946.234890905078
56164,CHECKMATE 4,0,0.0,946.83994481815
56165,CHECKMATE 6,0,0.0,937.6106896426564
56166,CHECKMATE 7,0,0.0,934.3187053256752
56167,CHECKMATE 2,0,0.0,945.609574184382
56168,CHECKMATE 1,0,0.0,946.3540935667444
56169,CHECKMATE 3,0,0.0,945.6644352876738
56170,BB 2,0,0.0,793.8784822248217
56171,BB 1,0,0.0,856.9386262206563
56174,INTELSAT 40E (IS-40E),0,0.0,35786.60617464644
56178,IMECE,0,0.0,674.2567558351966
56186,GHGSAT-C8,1,1.0,403.84286221982165
56191,HAWK-7A,1,1.0,482.2463088389686
56192,ION SCV-010,1,1.0,485.9534542297997
56193,HAWK-7B,1,1.0,482.245626324715
56200,HAWK-7C,1,1.0,482.2457670184276
56201,NUSAT-39 (TIKVAH ALPER),1,1.0,419.13320302837656
56202,NUSAT-38 (MARIA AGNESI),1,1.0,409.2445941547194
56203,NUSAT-37 (JOAN CLARKE),1,1.0,382.5127944760761
56204,GHGSAT-C6,1,1.0,403.9439061238254
56209,GHGSAT-C7,1,1.0,414.1251972705195
56225,AAC-HSI-SAT1,0,0.0,527.9796055820143
56232,FENGYUN 3G,1,1.0,410.2618841795265
56287,STARLINK-30107,1,1.0,483.0686971885607
56288,STARLINK-30106,1,1.0,483.0441194182631
56289,STARLINK-30095,1,1.0,483.0598757559165
56290,STARLINK-30103,1,1.0,482.9680009927288
56291,STARLINK-30113,1,1.0,483.0405381728351
56292,STARLINK-30098,1,1.0,482.9532452635776
56294,STARLINK-30049,1,1.0,483.0652536524158
56295,STARLINK-30083,1,1.0,483.0685265088414
56296,STARLINK-30089,1,1.0,483.0694847109117
56297,STARLINK-30086,1,1.0,483.029141698833
56298,STARLINK-30109,1,1.0,483.0054535933268
56299,STARLINK-30108,1,1.0,483.06541534880034
56300,STARLINK-30104,1,1.0,483.0724251956044
56301,STARLINK-30101,1,1.0,475.77601603130006
56302,STARLINK-30111,1,1.0,483.0243477679187
56304,STARLINK-30099,1,1.0,483.0877804458733
56305,STARLINK-30094,1,1.0,483.0598547953168
56306,STARLINK-30112,1,1.0,483.0410921277171
56308,POEM-2,0,0.0,582.0272363631257
56309,LUMELITE-4,1,1.0,496.9784689531125
56310,TELEOS-2,0,0.02,577.9516238286778
56317,STARLINK-6038,1,0.98,507.1816975384745
56318,STARLINK-5954,1,0.96,512.5122050412856
56319,STARLINK-6039,0,0.0,549.5002739896245
56320,STARLINK-5988,0,0.0,549.5041481044072
56321,STARLINK-5876,1,1.0,510.8625855000992
56322,STARLINK-6033,0,0.0,549.4926454041424
56323,STARLINK-6035,0,0.0,549.4966698101107
56324,STARLINK-6034,1,1.0,520.5478368607
56325,STARLINK-5981,0,0.0,549.4909828844802
56326,STARLINK-5980,0,0.0,549.5227365689598
56327,STARLINK-5997,0,0.0,549.4902712527537
56328,STARLINK-5992,1,1.0,507.158362273065
56329,STARLINK-5984,1,1.0,503.3557288058273
56331,STARLINK-5991,0,0.0,549.5164483780518
56332,STARLINK-5093,0,0.0,549.4935840226963
56333,STARLINK-5553,1,1.0,499.1610127495396
56334,STARLINK-5548,1,0.99,517.8101201827203
56335,STARLINK-5559,1,1.0,510.6597227912898
56336,STARLINK-5562,0,0.0,549.5183256315986
56337,STARLINK-5561,0,0.0,549.5050713898854
56338,STARLINK-5554,0,0.0,549.5033444475312
56339,STARLINK-5552,0,0.0,549.4994948729764
56340,STARLINK-5540,1,1.0,498.9267637733119
56341,STARLINK-5543,0,0.0,549.4878357558964
56342,STARLINK-5955,1,1.0,505.2375588062587
56343,STARLINK-5976,1,1.0,499.9469960874112
56344,STARLINK-5974,1,1.0,511.04314765714935
56345,STARLINK-5979,0,0.0,549.5034119301599
56346,STARLINK-5837,0,0.0,549.5008690631194
56347,STARLINK-5829,1,0.99,504.21661294229307
56348,STARLINK-5888,0,0.0,549.5078289785752
56349,STARLINK-5887,0,0.0,549.5027401713296
56350,STARLINK-5886,1,1.0,507.78500618817816
56351,STARLINK-5891,1,0.99,504.379886091403
56352,STARLINK-5885,0,0.0,549.5039395216827
56353,STARLINK-5874,0,0.0,549.5040315434708
56354,STARLINK-5877,1,1.0,493.0591151696317
56355,STARLINK-5533,1,1.0,268.56540537208184
56356,STARLINK-5535,1,0.99,507.1440440333308
56357,STARLINK-5538,1,1.0,515.804602904981
56358,STARLINK-5482,0,0.0,549.5069731748954
56359,STARLINK-5551,0,0.0,549.4837622848281
56360,STARLINK-5549,1,0.98,501.1940058793653
56361,STARLINK-5550,0,0.0,549.5022003104705
56362,STARLINK-5972,1,0.96,502.9071449035264
56367,O3B MPOWER F4,0,0.0,8065.8953014137105
56368,O3B MPOWER F3,0,0.0,8065.873524872933
56370,VIASAT-3 F1,0,0.0,35786.28883672809
56371,ARCTURUS,0,0.0,35698.879867359654
56372,GS-1,0,0.0,35789.68286786242
56374,STARLINK-6156,1,1.0,483.0623640797685
56375,STARLINK-6158,1,1.0,483.0604446865618
56376,STARLINK-6188,1,1.0,483.06478353520833
56377,STARLINK-6189,1,1.0,483.0591960336688
56378,STARLINK-6191,1,1.0,483.06378341351774
56379,STARLINK-6157,1,1.0,483.0678018687468
56381,STARLINK-6159,1,1.0,483.0585851820988
56382,STARLINK-6160,1,1.0,483.0711974979458
56383,STARLINK-6166,1,1.0,483.0703740425079
56384,STARLINK-6153,1,1.0,483.0470778419249
56385,STARLINK-6173,1,1.0,483.06067824759793
56386,STARLINK-5836,1,1.0,483.0984884481522
56387,STARLINK-6178,1,1.0,483.0500063251675
56388,STARLINK-6176,1,1.0,482.9862870682946
56389,STARLINK-6145,1,1.0,483.06437929436106
56391,STARLINK-6298,1,1.0,482.9854875926558
56392,STARLINK-6301,1,1.0,483.05138373145473
56393,STARLINK-6303,1,1.0,483.0629569659295
56394,STARLINK-6305,1,1.0,483.0644421762672
56395,STARLINK-6273,1,1.0,483.0702063570661
56396,STARLINK-6302,1,1.0,483.0813035620868
56397,STARLINK-6271,1,1.0,483.05093757151553
56398,STARLINK-6288,1,1.0,483.065379416269
56399,STARLINK-6277,1,1.0,483.06341809969854
56400,STARLINK-6267,1,1.0,483.0557195714091
56404,STARLINK-6287,1,1.0,483.0702392952762
56405,STARLINK-6285,1,1.0,483.0613909083186
56406,STARLINK-6283,1,1.0,483.03887032016337
56407,STARLINK-6282,1,1.0,483.0615466157269
56408,STARLINK-6289,1,1.0,483.0589654671285
56409,STARLINK-6241,1,1.0,483.0169218327537
56410,STARLINK-6281,1,1.0,483.06178616560464
56411,STARLINK-6279,1,1.0,483.0598278459738
56412,STARLINK-6278,1,1.0,483.0901310524141
56413,STARLINK-6258,1,1.0,483.0749943793098
56414,STARLINK-5136,1,1.0,483.063498947834
56416,STARLINK-6260,1,1.0,483.0676521497435
56417,STARLINK-6261,1,1.0,483.0560249968567
56418,STARLINK-5356,1,1.0,483.062861145936
56419,STARLINK-5350,1,1.0,483.068179160673
56420,STARLINK-6272,1,1.0,483.0575042147048
56421,STARLINK-6270,1,1.0,483.06284018531096
56422,STARLINK-6236,1,1.0,483.0608638986933
56423,STARLINK-6239,1,1.0,483.0608099999854
56424,STARLINK-6242,1,1.0,483.0578365896772
56425,STARLINK-6224,1,1.0,483.0694098513623
56426,STARLINK-5352,1,1.0,483.0640708736064
56427,STARLINK-5724,1,1.0,483.0739912595109
56428,STARLINK-6238,1,1.0,483.02057790558047
56429,STARLINK-6264,1,1.0,483.0955629075879
56448,STARLINK-5990,0,0.0,572.0669123422676
56449,STARLINK-5993,0,0.0,572.068959531528
56450,STARLINK-5970,0,0.0,572.0579628649202
56451,STARLINK-5985,0,0.0,572.0578175211931
56452,STARLINK-5986,0,0.0,572.0570382315491
56453,STARLINK-5935,0,0.0,572.0929630926985
56454,STARLINK-5959,0,0.0,572.0543911223294
56455,STARLINK-5987,0,0.0,572.0645342647922
56456,STARLINK-5995,0,0.0,572.0518151411261
56457,STARLINK-5994,0,0.0,572.0523068348339
56458,STARLINK-6050,0,0.0,572.0559682548546
56459,STARLINK-6048,0,0.0,572.0557703401355
56460,STARLINK-6047,0,0.0,572.0599049052407
56461,STARLINK-6037,0,0.0,572.0569361817315
56462,STARLINK-6045,0,0.0,572.1048226972898
56463,STARLINK-6051,0,0.0,572.06715973666
56464,STARLINK-6043,0,0.0,572.0522480789768
56465,STARLINK-6054,0,0.0,572.065613522067
56466,STARLINK-6053,0,0.0,572.0560053638665
56467,STARLINK-6055,0,0.0,572.0613459742563
56468,STARLINK-5998,0,0.0,572.0535592625911
56469,STARLINK-5518,0,0.0,572.0578639074884
56470,STARLINK-5523,0,0.0,572.0613026803258
56471,STARLINK-5521,0,0.0,572.03481001418
56472,STARLINK-5038,0,0.0,572.0559589776021
56474,STARLINK-5524,0,0.0,572.0561816316767
56475,STARLINK-5541,0,0.0,572.0372839305292
56476,STARLINK-5545,0,0.0,572.064766196836
56477,STARLINK-5534,0,0.0,572.0829868386809
56478,STARLINK-6041,0,0.0,572.0545890369494
56479,STARLINK-6044,0,0.0,572.0640518462023
56480,STARLINK-6214,1,1.0,436.19693613594336
56481,STARLINK-6222,0,0.0,572.0559064065037
56482,STARLINK-6220,0,0.0,572.0552013353972
56483,STARLINK-5868,0,0.0,572.0200315022457
56484,STARLINK-6221,0,0.0,572.0570227694552
56485,STARLINK-6210,0,0.0,572.0296673676148
56487,STARLINK-6196,0,0.0,572.0339750679095
56488,STARLINK-6204,0,0.0,572.0659073027746
56489,STARLINK-5923,0,0.0,572.0643672737324
56490,STARLINK-5873,0,0.0,572.0746372425638
56491,STARLINK-5842,0,0.0,572.060331659507
56492,STARLINK-5846,0,0.0,572.0575979594059
56493,STARLINK-5841,0,0.0,572.021141666034
56494,STARLINK-5530,0,0.0,572.0590452120668
56495,STARLINK-5529,0,0.0,572.0570846178316
56496,STARLINK-5526,0,0.0,572.0663433352474
56497,STARLINK-5527,0,0.0,572.0572052221687
56498,STARLINK-5522,0,0.0,572.0604368018721
56503,STARLINK-5775,1,1.0,483.06169334002607
56504,STARLINK-5716,1,1.0,483.06535546124906
56505,STARLINK-5763,1,1.0,483.0676701160237
56506,STARLINK-5340,1,1.0,483.0602320861499
56507,STARLINK-5333,1,1.0,483.0586720188349
56508,STARLINK-5335,1,1.0,483.071092694513
56509,STARLINK-5334,1,1.0,483.0716855825594
56510,STARLINK-5339,1,1.0,483.0642415530492
56511,STARLINK-5351,1,1.0,483.0637684416388
56512,STARLINK-5349,1,1.0,483.0535336843868
56513,STARLINK-5329,1,1.0,483.01536777870206
56515,STARLINK-5348,1,1.0,483.0587828105327
56516,STARLINK-5342,1,1.0,483.0597709529157
56517,STARLINK-5345,1,1.0,483.0730270670956
56518,STARLINK-5346,1,1.0,483.07230242581227
56519,STARLINK-6313,1,1.0,483.0907748494619
56520,STARLINK-6344,1,1.0,483.0381935974647
56521,STARLINK-6333,1,1.0,483.0682779752333
56522,STARLINK-6327,1,1.0,483.09115813335575
56523,STARLINK-6328,1,1.0,483.0887626098893
56524,STARLINK-6323,1,1.0,483.0618400643298
56525,STARLINK-6329,1,1.0,483.0667508415136
56526,STARLINK-6317,1,1.0,483.0428408292673
56527,STARLINK-6335,1,1.0,483.063262392182
56528,STARLINK-6337,1,1.0,483.061654413169
56529,STARLINK-6307,1,1.0,483.0580461955333
56530,STARLINK-6318,1,1.0,483.0483504441772
56531,STARLINK-6280,1,1.0,483.0728593814929
56532,STARLINK-6319,1,1.0,483.0607920337516
56533,STARLINK-6310,1,1.0,483.054911092444
56534,STARLINK-6308,1,1.0,483.05981886285736
56535,STARLINK-6309,1,1.0,483.0626006353423
56536,STARLINK-6312,1,1.0,483.0690834637535
56537,STARLINK-6311,1,1.0,483.0667119145865
56538,STARLINK-6314,1,1.0,483.070460879615
56539,STARLINK-6135,1,1.0,483.0604656471678
56540,STARLINK-6136,1,1.0,483.0621335129636
56541,STARLINK-6249,1,1.0,483.0723982461368
56542,STARLINK-6266,1,1.0,483.0796566453928
56544,STARLINK-6226,1,1.0,483.0475240012365
56545,STARLINK-6086,1,1.0,483.0848100007415
56546,STARLINK-6187,1,1.0,483.0242010456186
56547,STARLINK-6291,1,1.0,483.0609357636349
56548,STARLINK-6244,1,1.0,483.06547823072833
56549,STARLINK-6263,1,1.0,483.06519376487
56550,STARLINK-6255,1,1.0,483.0684007448445
56551,STARLINK-6199,1,1.0,483.0714400430497
56552,STARLINK-5802,1,1.0,483.063316290938
56553,STARLINK-6074,1,1.0,483.0704129694859
56554,STARLINK-6295,1,1.0,483.1176377901738
56555,STARLINK-6252,1,1.0,483.062810241564
56556,STARLINK-5302,1,1.0,483.0647446083094
56557,STARLINK-6265,1,1.0,483.0579264207572
56558,STARLINK-6286,1,1.0,483.0921522762092
56564,BEIDOU-3 G4,0,0.0,35785.791536488265
56688,STARLINK-30122,1,1.0,483.0701255087324
56689,STARLINK-30129,1,1.0,483.0622922147886
56690,STARLINK-30124,1,1.0,483.0629539715537
56692,STARLINK-30036,1,1.0,483.06616693766864
56693,STARLINK-30067,1,1.0,483.058447441078
56694,STARLINK-30126,1,1.0,483.0723802798266
56695,STARLINK-30121,1,1.0,482.9964766602352
56697,STARLINK-30130,1,1.0,483.0480001042042
56698,STARLINK-30068,1,1.0,483.0679096664353
56699,STARLINK-30127,1,1.0,483.0490002201423
56700,STARLINK-30053,1,1.0,483.0689247615365
56701,STARLINK-30125,1,1.0,483.0679575765207
56702,STARLINK-30117,1,1.0,483.0665202743394
56703,STARLINK-30132,1,1.0,483.0663735497847
56704,STARLINK-30066,1,1.0,483.0673347454822
56705,STARLINK-30080,1,1.0,483.0665621956414
56706,STARLINK-30079,1,1.0,483.0578425784152
56707,STARLINK-30070,1,1.0,483.0663555835117
56708,STARLINK-30071,1,1.0,483.0498356466105
56709,STARLINK-30085,1,1.0,483.0446554077389
56710,ONEWEB-0561,0,0.0,1181.771659137141
56711,ONEWEB-0668,0,0.0,1197.76062595836
56712,ONEWEB-0676,0,0.0,1197.7595480112186
56713,ONEWEB-0677,0,0.0,1181.7687933951938
56714,ONEWEB-0678,0,0.0,1201.7676484169087
56715,ONEWEB-0679,0,0.0,1197.7505983794772
56716,ONEWEB-0680,0,0.0,1177.7610281551024
56717,ONEWEB-0681,1,0.91,1179.0125626963963
56718,ONEWEB-0682,0,0.04,1201.7675869579334
56719,ONEWEB-0683,0,0.0,1201.7658699483218
56720,ONEWEB-0684,0,0.0,1201.7763256684548
56721,ONEWEB-0686,0,0.0,1197.7538475569118
56722,ONEWEB-0694,0,0.0,1197.753337355266
56723,ONEWEB-0696,0,0.0,1201.7752155627322
56724,ONEWEB-0703,0,0.0,1201.767663781653
56725,ONEWEB-0721,0,0.03,1175.2912424920032
56726,IRIDIUM 181,0,0.0,747.5811009179042
56727,IRIDIUM 177,0,0.0,629.1958096165026
56728,IRIDIUM 174,0,0.0,653.90253542745
56729,IRIDIUM 178,0,0.01,629.1770640006298
56730,IRIDIUM 179,0,0.01,629.1809021229201
56731,2023-069A,1,1.0,439.2432972139977
56732,2023-069B,0,0.03,533.3195135050146
56743,NEXTSAT-2,1,1.0,480.5683665556835
56744,SNIPE 4,1,1.0,433.4980943687215
56745,SNIPE 2,1,1.0,418.4668742546546
56746,2023-072D,1,1.0,325.2690778262104
56747,2023-072E,1,1.0,415.64485482279633
56748,2023-072F,1,1.0,469.5378698193317
56749,2023-072G,1,1.0,406.66047044605966
56756,KONDOR-FKA NO. 1,0,0.0,506.584068943198
56757,ARABSAT-7B (BADR-8),0,0.0,35786.60477296406
56759,NVS-01 (IRNSS-1J),0,0.0,35787.99614022445
56767,STARLINK-6197,1,1.0,497.5897044330404
56768,STARLINK-6198,0,0.0,572.0542643332819
56770,STARLINK-6342,0,0.0,572.0520903658953
56772,STARLINK-6275,0,0.0,572.0391733856231
56773,STARLINK-6296,0,0.0,572.0689502542327
56774,STARLINK-6190,0,0.0,572.0753083017689
56775,STARLINK-6292,0,0.0,572.0559064065037
56776,STARLINK-6274,0,0.0,572.0604120624921
56777,STARLINK-5582,0,0.0,572.0589802712248
56778,STARLINK-6304,0,0.0,572.0547529350051
56779,STARLINK-6231,0,0.0,572.0531850804118
56780,STARLINK-5963,0,0.0,572.062412860595
56781,STARLINK-5989,0,0.0,572.0526408155138
56782,STARLINK-6352,0,0.0,572.0662443775173
56783,STARLINK-6357,0,0.0,572.1095077962254
56784,STARLINK-6354,0,0.0,572.060749136569
56785,STARLINK-5931,0,0.0,572.0479712744545
56786,STARLINK-6341,0,0.0,572.0619397196451
56787,STARLINK-6326,0,0.0,572.0527212182751
56788,STARLINK-6336,0,0.0,572.0541560987349
56790,STARLINK-6345,0,0.0,572.0961266797967
56791,STARLINK-5977,0,0.0,572.0394733483345
56792,STARLINK-6046,0,0.0,572.0550714538967
56793,STARLINK-6052,0,0.0,572.0603966003791
56794,STARLINK-6060,0,0.0,572.0539891082981
56795,STARLINK-6061,0,0.0,572.0793501226226
56796,STARLINK-6049,0,0.0,572.0554951150034
56797,STARLINK-6058,0,0.0,572.059697712978
56799,STARLINK-5953,0,0.0,572.0592771436523
56800,STARLINK-6036,0,0.0,572.0522326169103
56801,STARLINK-6087,0,0.0,572.0583679719439
56803,STARLINK-6029,0,0.0,572.0468889316207
56804,STARLINK-6069,0,0.0,572.0459302854615
56805,STARLINK-6064,0,0.0,572.0577247486053
56806,STARLINK-6072,0,0.0,572.0679204745547
56807,STARLINK-6073,0,0.01,572.0563950085161
56808,STARLINK-6042,0,0.0,572.0588874985997
56809,STARLINK-6040,0,0.0,572.0622644242094
56810,STARLINK-6031,0,0.0,572.0584545597139
56812,STARLINK-6065,0,0.0,572.0576010518262
56813,STARLINK-6056,0,0.0,572.0561228757397
56814,STARLINK-6059,0,0.0,572.0835496642094
56816,STARLINK-6067,0,0.0,572.0581113010749
56818,STARLINK-6028,0,0.0,572.0480640467167
56823,STARLINK-30119,1,1.0,483.0572437046212
56824,STARLINK-30120,1,1.0,483.0618280868357
56825,STARLINK-30084,1,1.0,483.0584174973792
56826,STARLINK-30114,1,1.0,483.08080649257954
56827,STARLINK-30151,1,1.0,483.0583216775431
56828,STARLINK-30152,1,1.0,483.0982189509386
56832,STARLINK-30128,1,1.0,483.0620227211284
56833,STARLINK-30131,1,1.0,488.5329214800249
56834,STARLINK-30069,1,1.0,483.0601212943912
56835,STARLINK-30144,1,1.0,426.2174888545278
56836,STARLINK-30142,1,1.0,483.0732037358666
56837,STARLINK-30133,1,1.0,483.0768808444009
56838,STARLINK-30123,1,1.0,483.0632084934287
56839,STARLINK-30076,1,1.0,483.0121219345465
56840,STARLINK-30073,1,1.0,483.1198027671935
56841,STARLINK-30078,1,1.0,483.07167061063774
56842,STARLINK-30135,1,1.0,483.0318785251084
56843,STARLINK-30137,1,1.0,483.043487609576
56844,STARLINK-30136,1,1.0,483.05150350594704
56846,2023-081A,1,1.0,494.068616208493
56866,2023-081W,1,1.0,489.4750478054066
56874,LONGJIANG 3,1,1.0,456.67603560580574
56876,STARLINK-6206,1,1.0,483.0628072471891
56877,STARLINK-6209,1,1.0,483.077806111085
56878,STARLINK-6182,1,1.0,483.06786475073113
56879,STARLINK-5707,1,1.0,483.0700746042276
56880,STARLINK-6177,1,1.0,483.0627563428197
56881,STARLINK-5853,1,1.0,483.0605105627501
56882,STARLINK-6175,1,1.0,483.0674305656321
56883,STARLINK-6171,1,1.0,483.0181854380435
56884,STARLINK-5515,1,1.0,483.0662867128058
56885,STARLINK-5095,1,1.0,483.0685744189359
56886,STARLINK-5496,1,1.0,483.0711166495821
56887,STARLINK-6180,1,1.0,483.0732486516572
56888,STARLINK-6181,1,1.0,483.0593188028725
56889,STARLINK-6169,1,1.0,483.07139512728736
56890,STARLINK-5528,1,1.0,483.0589984052049
56891,STARLINK-6213,1,1.0,483.0166104230084
56892,STARLINK-6219,1,1.0,483.0626934609527
56893,STARLINK-6216,1,1.0,483.0682450370459
56894,STARLINK-6144,1,1.0,483.0761202694284
56895,STARLINK-6208,1,1.0,483.1058607044315
56896,STARLINK-6202,1,1.0,483.0905053530041
56897,STARLINK-6200,1,1.0,483.0604087540969
56898,STARLINK-6205,1,1.0,483.50511203011865
56899,STARLINK-6203,1,1.0,483.0448141085526
56900,STARLINK-6207,1,1.0,483.0653195287196
56901,STARLINK-6185,1,1.0,483.056102850408
56902,STARLINK-6195,1,1.0,483.0675024307466
56903,STARLINK-6192,1,1.0,483.0667987515772
56904,STARLINK-6193,1,1.0,483.0669694311901
56905,STARLINK-6183,1,1.0,483.0620137380065
56906,STARLINK-6098,1,1.0,483.06358279034976
56907,STARLINK-6110,1,1.0,483.0624988266118
56908,STARLINK-6186,1,1.0,483.0696823401295
56909,STARLINK-5999,1,1.0,483.0791535873996
56910,STARLINK-6179,1,1.0,483.0629629546784
56911,STARLINK-6116,1,1.0,483.0642175980393
56912,STARLINK-5805,1,1.0,483.06180413184575
56913,STARLINK-5950,1,1.0,483.0752758517956
56914,STARLINK-5961,1,1.0,483.0723683022852
56915,STARLINK-5965,1,1.0,483.0468592538328
56916,STARLINK-5973,1,1.0,483.0622892204137
56917,STARLINK-5971,1,1.0,483.07557828503286
56918,STARLINK-5951,1,1.0,483.0760094770303
56919,STARLINK-5966,1,1.0,483.0699668064544
56920,STARLINK-5960,1,1.0,483.0569382790373
56921,STARLINK-5958,1,1.0,483.01955085105146
56922,STARLINK-5937,1,1.0,483.0638852222965
56923,STARLINK-5952,1,1.0,483.0752668686309
56924,STARLINK-5731,1,1.0,483.0718233242451
56925,STARLINK-5733,1,1.0,483.07104178999
56926,STARLINK-5746,1,1.0,483.0793512173132
56927,STARLINK-5808,1,1.0,483.1012073770826
56934,GEISAT PRECURSOR,1,1.0,460.0090989169376
56943,NUSAT-40 (C SHOEMAKER),1,1.0,302.7617865725397
56944,NUSAT-41 (C PAYNE-G),1,1.0,474.78207913618735
56946,GREGOIRE,1,1.0,448.65415437623415
56950,BLACKJACK ACES-3,0,0.01,509.29585897198376
56953,RUNNER-1 (TYVAK-1005),1,1.0,450.1222755568733
56955,BLACKJACK ACES-2,0,0.01,509.2818893616559
56956,BLACKJACK ACES-1,0,0.01,509.0749986870096
56957,ION SCV-011,1,1.0,477.916715735043
56958,GHOST-3,1,1.0,418.036803035181
56960,ORBITER SN3,1,1.0,459.9070019499204
56963,ICEYE-X25,1,1.0,375.85196439627
56964,AFR-1,1,1.0,478.9064468983679
56966,NUSAT-42 (M WONENBURGER),1,1.0,424.2538933055521
56970,LEMUR-2-EMBRIONOVIS,1,1.0,449.6652363509811
56995,AAC-HSI-SAT2,0,0.0,503.5389459487688
56996,AAC-AIS-SAT2,0,0.0,611.3327540041128
57004,2023-085A,1,1.0,470.9128539276135
57012,2023-085J,1,1.0,458.4096148704248
57014,2023-085L,1,1.0,467.1269900834677
57023,2023-085V,1,1.0,461.08692720047657
57026,2023-085Y,1,1.0,454.686879091626
57031,2023-085AD,1,1.0,457.2435069150188
57036,2023-085AJ,0,0.0,509.9282598081454
57037,2023-085AK,0,0.0,510.4329041012989
57038,2023-085AL,1,1.0,457.05875519682377
57044,2023-085AS,1,1.0,451.4184134076986
57045,NUSANTARA TIGA (SATRIA),0,0.0,35787.546449434834
57047,SHIYAN-25 (SY-25),1,1.0,271.7919561441822
57049,STARLINK-5850,1,1.0,483.0749824017576
57050,STARLINK-5845,1,1.0,483.101425969503
57051,STARLINK-5839,1,1.0,483.06004643509823
57052,STARLINK-5860,1,1.0,483.0604267203298
57053,STARLINK-5865,1,1.0,483.0603638385155
57054,STARLINK-5881,1,1.0,483.0401009977095
57055,STARLINK-6237,1,1.0,483.059788919144
57056,STARLINK-6353,1,1.0,483.0479132678065
57057,STARLINK-6223,1,1.0,483.0479012903734
57058,STARLINK-6217,1,1.0,483.07147597565927
57059,STARLINK-6211,1,1.0,483.0647116701639
57060,STARLINK-6227,1,1.0,483.0600943450454
57061,STARLINK-5869,1,1.0,484.0715099631389
57062,STARLINK-5536,1,1.0,483.0659782918374
57063,STARLINK-5832,1,1.0,483.05847139603793
57064,STARLINK-5822,1,1.0,483.0943501716256
57065,STARLINK-5830,1,1.0,483.0438918473456
57066,STARLINK-5827,1,1.0,483.0834325776796
57067,STARLINK-5824,1,1.0,483.07318876393583
57068,STARLINK-5844,1,1.0,483.1031507541484
57069,STARLINK-5821,1,1.0,483.066664004522
57070,STARLINK-5828,1,1.0,483.0571508791954
57071,STARLINK-5834,1,1.0,483.0471437177921
57072,STARLINK-5843,1,1.0,483.0712394193206
57073,STARLINK-5838,1,1.0,483.0629869096774
57074,STARLINK-5773,1,1.0,483.0516232804439
57075,STARLINK-5542,1,1.0,483.0560010419185
57076,STARLINK-6155,1,1.0,483.06661310008167
57077,STARLINK-6194,1,1.0,483.0591960336688
57079,STARLINK-6245,1,1.0,482.99167679778384
57080,STARLINK-6243,1,1.0,483.05801625183904
57081,STARLINK-6184,1,1.0,483.0633432403147
57082,STARLINK-6248,1,1.0,483.065858516713
57083,STARLINK-6253,1,1.0,483.0571748341436
57084,STARLINK-6240,1,1.0,483.0386667044668
57085,STARLINK-6232,1,1.0,483.0326121387434
57086,STARLINK-6247,1,1.0,483.0709280034116
57087,STARLINK-6251,1,1.0,483.06399601420526
57088,STARLINK-6257,1,1.0,483.0668646279173
57089,STARLINK-6259,1,1.0,483.0583546156113
57090,STARLINK-6254,1,1.0,483.0370138246644
57091,STARLINK-6262,1,1.0,483.0571299186168
57092,STARLINK-6225,1,1.0,483.0911281893004
57093,STARLINK-6229,1,1.0,483.0696853345116
57094,STARLINK-6235,1,1.0,483.0634450490761
57101,STARLINK-6132,1,1.0,483.0604836134007
57102,STARLINK-6111,1,1.0,483.05976496417406
57104,STARLINK-6130,1,1.0,483.0584055198997
57105,STARLINK-6097,1,1.0,483.0623371304009
57106,STARLINK-6118,1,1.0,483.070838171906
57107,STARLINK-6131,1,1.0,483.0694188345087
57108,STARLINK-6099,1,1.0,483.0561058447756
57109,STARLINK-6139,1,1.0,483.0656758596597
57110,STARLINK-6134,1,1.0,483.02433579058834
57111,STARLINK-6140,1,1.0,483.04107715596274
57112,STARLINK-6141,1,1.0,483.04683829333135
57113,STARLINK-6142,1,1.0,483.0725838980243
57114,STARLINK-6125,1,1.0,483.0721646841039
57115,STARLINK-6085,1,0.91,507.8320138554809
57116,STARLINK-6129,1,1.0,483.11942546817136
57117,STARLINK-6148,1,1.0,483.0645918950959
57119,STARLINK-6150,1,1.0,483.0614328295424
57120,STARLINK-6147,1,1.0,483.0623251529041
57121,STARLINK-6152,1,1.0,483.0652117311338
57122,STARLINK-6149,1,1.0,483.0628731234328
57123,STARLINK-6154,1,1.0,483.06070519694913
57124,STARLINK-6146,1,1.0,483.0714400430497
57125,STARLINK-6100,1,1.0,483.08396258603625
57126,STARLINK-6167,1,1.0,483.0649482259396
57127,STARLINK-6165,1,1.0,483.06236707414246
57128,STARLINK-6163,1,1.0,483.05967812740346
57129,STARLINK-6170,1,1.0,483.0593337747269
57130,STARLINK-6172,1,1.0,483.0676461609837
57131,STARLINK-6162,1,1.0,483.0641966374051
57132,STARLINK-6128,1,1.0,483.0136190946587
57133,STARLINK-6143,1,1.0,483.0682510258084
57134,STARLINK-6133,1,1.0,483.05831269443297
57135,STARLINK-6127,1,1.0,483.0706644976699
57136,STARLINK-6112,1,1.0,483.067616217184
57137,STARLINK-5347,1,1.0,483.08787327233495
57138,STARLINK-5336,1,1.0,483.05986377843055
57139,STARLINK-5355,1,1.0,483.0512489851562
57141,STARLINK-5357,1,1.0,483.0597679585444
57142,STARLINK-5361,1,1.0,483.06410980049714
57143,STARLINK-5358,1,1.0,483.06860436274656
57144,STARLINK-5150,1,1.0,483.0849657094777
57145,STARLINK-5768,1,1.0,483.063046797176
57146,STARLINK-5791,1,1.0,483.0463921341325
57147,STARLINK-5765,1,1.0,483.0533420450611
57148,STARLINK-5788,1,1.0,483.0727725443094
57149,STARLINK-5778,1,1.0,483.0414005458897
57150,STARLINK-5780,1,1.0,483.0683408572286
57151,STARLINK-5776,1,1.0,483.0768179622101
57152,STARLINK-6164,1,1.0,483.0704399189326
57153,STARLINK-5879,1,1.0,483.0599655870637
57154,STARLINK-6106,1,1.0,483.0273780343323
57155,STARLINK-6108,1,1.0,483.06461585010857
57156,STARLINK-6137,1,1.0,280.7613337468474
57166,METEOR-M2 3,0,0.0,811.6869657825164
57168,2023-091C,1,1.0,483.7828961071664
57169,2023-091D,1,1.0,490.98789351067626
57170,2023-091E,1,1.0,490.9827643421131
57171,2023-091F,1,1.0,490.9834430254605
57172,UMKA 1 (RS40S),0,0.0,501.7777819312396
57173,2023-091H,1,1.0,476.8344291897111
57174,2023-091J,0,0.0,523.2507203446066
57175,CUBEBEL 2 (EU11S),1,1.0,474.8213516726346
57176,SITRO-AIS 5 (KATYS),1,1.0,474.2305318489071
57177,ZORKIY-2M 1,0,0.0,501.2941634081617
57178,CUBESX-HSE 3 (RS42S),1,1.0,468.6546145172806
57179,2023-091P,0,0.0,515.3641462922224
57180,MONITOR-3 (RS58S),1,1.0,479.47028738536574
57181,2023-091R,0,0.0,521.665096037399
57182,MONITOR-4 (RS57S),1,1.0,479.19828295755815
57183,2023-091T,0,0.0,507.62192075974144
57184,MONITOR-2 (RS39S),0,0.0,507.8417460354476
57185,2023-091V,1,1.0,442.0312041906864
57186,CSTP 1.2 (STC 1.2),1,1.0,476.8313579552441
57187,SVYATOBOR 1 (RS60S),1,1.0,483.5647672411597
57188,HORS 1,1,1.0,483.18844510249073
57189,VIZARD-METEO (RS38S),1,1.0,453.3542908637965
57191,POLYTECH-UNIVERSE 3 (R*),0,0.02,507.1890984082829
57192,SITRO-AIS 6 (CHIRKIN),1,1.0,485.3295863410112
57193,SITRO-AIS 8 (ANOKHIN),1,1.0,465.6188759921615
57194,SITRO-AIS 7 (FARTUSHNIY),1,1.0,486.3345086423724
57195,AVION KALUGA 650,0,0.0,503.2979501356094
57196,HORS 2,1,1.0,466.6135532043745
57197,A-SEANSAT-PG1,1,1.0,450.16727272935714
57199,SITRO-AIS 10 (BURDAEV),1,1.0,444.7726838706185
57200,2023-091AL,1,1.0,421.1806766020673
57201,SITRO-AIS 9 (SHCHUKIN),1,1.0,446.3740022627071
57202,CSTP 1.1 (STC 1.1),0,0.02,507.2070297410282
57203,UTMN 2 (RS27S),1,1.0,466.2423364282304
57204,SITRO-AIS 12 (SMIRENNIY),1,1.0,445.4901011607472
57206,2023-091AS,1,1.0,350.025249966764
57208,SITRO-AIS 11 (SHEFFER),1,1.0,444.09475828858194
57213,H2SAT (HEINRICH HERTZ),0,0.0,35787.044065924274
57214,SYRACUSE 4B,0,0.0,35786.814465942785
57217,KUZGTU 1 (RS47S),1,1.0,473.0150540463119
57218,STARLINK-5525,1,1.0,483.0663555835117
57219,STARLINK-5520,1,1.0,483.1069297131799
57220,STARLINK-5880,1,1.0,482.1710955921544
57222,STARLINK-5870,1,1.0,483.0616035088215
57223,STARLINK-5519,1,1.0,483.0665082968244
57224,STARLINK-5983,1,1.0,483.0498925394613
57225,STARLINK-6294,1,1.0,483.069248154744
57226,STARLINK-6350,1,1.0,483.0621335129636
57227,STARLINK-5996,1,1.0,483.0778989372102
57228,STARLINK-6230,1,1.0,483.0676611328836
57229,STARLINK-6233,1,1.0,483.0187872976421
57230,STARLINK-6250,1,1.0,483.0594775045338
57231,STARLINK-5840,1,1.0,483.07746774491534
57232,STARLINK-5872,1,1.0,483.06439127186695
57233,STARLINK-5866,1,1.0,483.06702632439647
57234,STARLINK-6368,1,1.0,483.0564591801513
57235,STARLINK-6360,1,1.0,483.0896459589249
57236,STARLINK-6315,1,1.0,483.0737037983836
57237,STARLINK-6365,1,1.0,483.0702632503408
57238,STARLINK-6334,1,1.0,483.1034292351033
57239,STARLINK-6330,1,1.0,483.069754205304
57240,STARLINK-6351,1,1.0,483.06337617844383
57241,STARLINK-6349,1,1.0,483.0689097896284
57242,STARLINK-6306,1,1.0,483.0576778881077
57243,STARLINK-6346,1,1.0,483.06120825156086
57244,STARLINK-5610,1,1.0,483.067475481329
57245,STARLINK-5587,1,1.0,483.0671041782598
57246,STARLINK-5049,1,1.0,483.0692870817065
57247,STARLINK-5039,1,1.0,483.06182209808776
57248,STARLINK-5514,1,1.0,483.0556956164728
57249,STARLINK-5517,1,1.0,483.0709609416299
57250,STARLINK-5488,1,1.0,483.056887374777
57251,STARLINK-5513,1,1.0,483.0605015796327
57252,STARLINK-5511,1,1.0,483.06487935527
57253,STARLINK-5516,1,1.0,483.0717185207868
57254,STARLINK-5490,1,1.0,483.0686133458894
57255,STARLINK-5481,1,1.0,483.0667538358912
57256,STARLINK-5512,1,1.0,483.0624928378629
57257,STARLINK-5503,1,1.0,483.071140604653
57258,STARLINK-5476,1,1.0,483.0629779265537
57260,STARLINK-5026,1,1.0,483.0718412905517
57261,STARLINK-5485,1,1.0,483.0764406690969
57262,STARLINK-5504,1,1.0,483.07305701095447
57263,STARLINK-5509,1,1.0,483.07291926920607
57264,STARLINK-5858,1,1.0,483.0658165954201
57288,HULIANWANG JISHU SHIYAN*,0,0.0,1110.9732341719464
57289,HULIANWANG JISHU SHIYAN*,0,0.0,1110.9412923236075
57290,STARLINK-30198,1,1.0,478.136506233207
57291,STARLINK-30239,1,1.0,471.2901873965866
57294,STARLINK-30235,1,1.0,482.6651411769517
57300,STARLINK-30236,1,1.0,470.3892703970523
57301,STARLINK-30201,1,1.0,483.04090647796056
57302,STARLINK-30233,1,1.0,483.0448021311322
57310,STARLINK-30184,1,1.0,483.07167959378967
57328,STARLINK-6290,1,1.0,483.0743326196398
57329,STARLINK-6138,1,1.0,483.0571987890917
57330,STARLINK-6212,1,1.0,483.0650410516309
57331,STARLINK-6234,1,1.0,483.08601674368856
57332,STARLINK-5831,1,1.0,483.05452481924567
57333,STARLINK-5585,1,1.0,483.0718682400138
57334,STARLINK-5589,1,1.0,483.0683498403696
57335,STARLINK-6316,1,1.0,483.0454608893269
57336,STARLINK-6320,1,1.0,483.0620945861028
57337,STARLINK-6322,1,1.0,483.0580761392293
57338,STARLINK-6374,1,1.0,483.0582617901473
57339,STARLINK-6332,1,1.0,483.0652656299262
57340,STARLINK-6321,1,1.0,483.0613909083186
57341,STARLINK-6377,1,1.0,483.054333179849
57342,STARLINK-6375,1,1.0,483.06757130148526
57343,STARLINK-6379,1,1.0,483.0628072471891
57344,STARLINK-6380,1,1.0,483.0685354919842
57345,STARLINK-6373,1,1.0,483.0993628170745
57346,STARLINK-6359,1,1.0,483.0986082247018
57347,STARLINK-6378,1,1.0,483.0563992927955
57348,STARLINK-6372,1,1.0,483.0662897071843
57349,STARLINK-6376,1,1.0,483.0965061470406
57350,STARLINK-6362,1,1.0,483.1155626478285
57351,STARLINK-6331,1,1.0,483.0582408295595
57352,STARLINK-6297,1,1.0,483.0608339549663
57353,STARLINK-6324,1,1.0,483.0602590354965
57354,STARLINK-6293,1,1.0,483.034690212713
57355,STARLINK-6276,1,1.0,483.0646607657591
57356,STARLINK-6355,1,1.0,483.0646757376435
57357,STARLINK-5600,1,1.0,483.0638343179071
57358,STARLINK-6299,1,1.0,483.0653614500043
57359,STARLINK-6347,1,1.0,483.068334868467
57360,STARLINK-6348,1,1.0,483.060998645462
57361,STARLINK-6340,1,1.0,483.06285815156025
57362,STARLINK-6343,1,1.0,483.0735271295789
57363,STARLINK-6356,1,1.0,483.0723623135154
57364,STARLINK-6338,1,1.0,483.1123765737457
57365,STARLINK-5007,1,1.0,483.0637923966442
57366,STARLINK-6174,1,1.0,483.2032020962524
57367,STARLINK-6215,1,1.0,483.0657537134848
57368,STARLINK-6218,1,1.0,483.076362814968
57369,STARLINK-6168,1,1.0,471.2507626885872
57370,STARLINK-5353,1,1.0,483.053494757648
57371,STARLINK-6032,1,1.0,483.0693200199048
57372,STARLINK-5975,1,1.0,483.0648823496467
57373,STARLINK-6370,1,1.0,483.06689157732944
57374,STARLINK-6369,1,1.0,483.064184659901
57375,STARLINK-6363,1,1.0,483.06641846546427
57376,STARLINK-6367,1,1.0,483.0351543360776
57377,STARLINK-6358,1,1.0,483.0598937221457
57378,STARLINK-6364,1,1.0,483.0621574679553
57379,STARLINK-6361,1,1.0,483.0644541537731
57380,STARLINK-6366,1,1.0,483.00408818733285
57381,STARLINK-6371,1,1.0,483.0661729264257
57386,STARLING 4,0,0.0,545.6226744350588
57387,STARLING 2,0,0.0,545.6548708489663
57388,STARLING 1,0,0.0,545.6314502257364
57389,STARLING 3,0,0.0,527.2383578051995
57391,LEMUR-2-DEVERILL-M-T,1,1.0,439.6660534789762
57392,LEO 3,0,0.0,1005.2450921357812
57399,TIANMU-1 07,1,1.0,474.74940469525154
57400,TIANMU-1 08,1,1.0,474.7454312470864
57401,TIANMU-1 09,1,1.0,474.595420626837
57402,TIANMU-1 10,1,1.0,474.67584758019984
57404,STARLINK-30240,1,1.0,483.0631935215552
57406,STARLINK-30195,1,1.0,272.92260742858343
57407,STARLINK-30207,1,1.0,483.0721946279528
57408,STARLINK-30205,1,1.0,478.5283057964807
57409,STARLINK-30222,1,1.0,483.0809142907792
57410,STARLINK-30172,1,1.0,483.0679665596599
57411,STARLINK-30214,1,1.0,483.0918139082696
57412,STARLINK-30182,1,1.0,483.06204068737225
57413,STARLINK-30191,1,1.0,477.9367136225546
57414,STARLINK-30193,1,1.0,392.7042686947798
57415,STARLINK-30208,1,1.0,483.0527192173404
57416,STARLINK-30224,1,1.0,473.23602429438233
57417,STARLINK-30043,1,1.0,483.0662807240488
57418,STARLINK-30221,1,1.0,480.8599665889442
57422,QIANKUN-1,1,1.0,253.1417837221852
57424,2023-104A,1,1.0,458.1050366485042
57426,2023-104C,1,1.0,484.686367191397
57432,STARLINK-30188,1,1.0,302.4834143610751
57433,STARLINK-30105,1,1.0,483.06683168974814
57434,STARLINK-30102,1,1.0,483.037642637516
57438,STARLINK-30158,1,1.0,483.05772579801487
57441,STARLINK-30160,1,1.0,483.06239102913696
57442,STARLINK-30146,1,1.0,483.1538587092764
57443,STARLINK-30197,1,1.0,483.05552194319625
57444,STARLINK-30181,1,1.0,483.0616184806877
57445,STARLINK-30215,1,1.0,483.0495451936522
57446,STARLINK-30162,1,1.0,483.05631245613495
57447,STARLINK-30178,1,1.0,483.0207545709754
57448,STARLINK-30196,1,1.0,483.0611813022051
57449,STARLINK-30225,1,1.0,483.06720299278095
57450,STARLINK-30217,1,1.0,483.07525489107866
57451,STARLINK-30216,1,1.0,483.1109033151761
57452,YAOGAN-36 05A,1,1.0,496.6081920828128
57454,YAOGAN-36 05B,0,0.01,514.9597993415582
57456,YAOGAN-36 05C,0,0.02,514.7407262226034
57457,STARLINK-30165,1,1.0,483.05958829626616
57458,STARLINK-30140,1,1.0,483.0788661257302
57460,STARLINK-30077,1,1.0,483.0620346986234
57461,STARLINK-30229,1,1.0,483.0646757376435
57462,STARLINK-30088,1,1.0,483.071143599037
57465,STARLINK-30116,1,1.0,483.0739942538985
57467,STARLINK-30092,1,1.0,483.0628851009333
57468,STARLINK-30039,1,1.0,483.0312497135783
57469,STARLINK-30171,1,1.0,483.0503985864534
57470,STARLINK-30186,1,1.0,377.7706917129035
57472,STARLINK-30204,1,1.0,483.045706426512
57475,STARLINK-30155,1,1.0,483.06715208832975
57476,STARLINK-30161,1,1.0,483.0827259000271
57477,STARLINK-30176,1,1.0,483.0278002357463
57479,JUPITER 3 (ECHOSTAR 24),0,0.0,35786.56019952516
57490,FENGYUN 3F,0,0.0,825.5331587194596
57493,GALAXY 37 (G-37),0,0.0,35787.0059392152
57495,STARLINK-30154,1,1.0,483.0663735497847
57496,STARLINK-30145,1,1.0,486.8433041462886
57497,STARLINK-30226,1,1.0,483.063373184068
57498,STARLINK-30203,1,1.0,483.3666273322042
57499,STARLINK-30169,1,1.0,483.02256913484416
57500,STARLINK-30164,1,1.0,483.0728503983355
57501,STARLINK-30072,1,1.0,483.07165563871513
57503,STARLINK-30230,1,1.0,483.0695565760798
57504,STARLINK-30213,1,1.0,483.0703261323806
57505,STARLINK-30227,1,1.0,477.257736765604
57506,STARLINK-30212,1,1.0,485.5610966546983
57507,STARLINK-30219,1,1.0,475.4761350562394
57508,STARLINK-30074,1,1.0,483.0661250163712
57509,STARLINK-30082,1,1.0,483.06154362135385
57510,STARLINK-30153,1,1.0,483.008804230647
57511,STARLINK-30147,1,1.0,483.0633132965622
57512,STARLINK-30157,1,1.0,483.0565490111858
57513,STARLINK-30168,1,1.0,483.053348033789
57514,STARLINK-30231,1,1.0,483.0606932194596
57515,STARLINK-30081,1,1.0,483.0691433513848
57516,STARLINK-30149,1,1.0,483.0636875934952
57517,COSMOS 2569 [GLONASS-K2],0,0.0,19129.74674267284
57519,HJ-2F,1,1.0,496.85455828502745
57521,STARLINK-30259,1,1.0,483.0676461609837
57522,STARLINK-30256,1,1.0,483.0859388892886
57523,STARLINK-30261,1,1.0,483.0510064418368
57524,STARLINK-30260,1,1.0,483.071005857385
57525,STARLINK-30253,1,1.0,483.1021805626524
57526,STARLINK-30257,1,1.0,483.1012283379996
57527,STARLINK-30250,1,1.0,482.15655967103976
57528,STARLINK-30269,1,1.0,483.080207613777
57529,STARLINK-30266,1,1.0,483.11129259073823
57530,STARLINK-30270,1,1.0,483.0562765237228
57531,STARLINK-30268,1,1.0,483.0518987618088
57532,STARLINK-30251,1,1.0,483.0739852707375
57533,STARLINK-30254,1,1.0,483.0552105290699
57534,STARLINK-30264,1,1.0,483.08148023139074
57582,2023-117C,1,1.0,437.7478292700725
57585,2023-117F,1,1.0,425.2154129837945
57602,STARLINK-30166,1,1.0,483.0522610797325
57603,STARLINK-30223,1,0.92,527.796957763645
57604,STARLINK-30218,1,1.0,483.0364508875682
57605,STARLINK-30138,1,1.0,483.0563483885462
57606,STARLINK-30255,1,1.0,483.0742397936356
57607,STARLINK-30252,1,1.0,483.0594146227422
57608,STARLINK-30258,1,1.0,483.06206164798914
57609,STARLINK-30174,1,1.0,483.0579533700802
57610,STARLINK-30248,1,1.0,483.0679246383352
57611,STARLINK-30052,1,1.0,483.05657296612935
57612,STARLINK-30245,1,1.0,483.0646188444871
57613,STARLINK-30041,1,1.0,483.0605375120995
57614,STARLINK-30244,1,1.0,483.1076693357227
57615,STARLINK-30246,1,1.0,476.5698197070788
57616,STARLINK-30075,1,1.0,483.0844087513424
57617,STARLINK-30148,1,1.0,483.04741919870594
57618,STARLINK-30249,1,1.0,483.0536444758791
57620,STARLINK-30141,1,1.0,483.0621424960855
57621,STARLINK-30150,1,1.0,483.0605464952168
57622,STARLINK-30056,1,1.0,483.0502069473432
57623,STARLINK-30100,1,1.0,483.0627593371946
57624,LUDI TANCE-4 01A,0,0.0,35786.77830212806
57626,HEAD-3A,0,0.0,690.7609502503365
57627,HEAD-3B,0,0.0,687.8369240200991
57628,HEAD-3C,0,0.0,685.6599324141753
57629,HEAD-3D,0,0.0,683.4979259330703
57630,HEAD-3E,0,0.0,680.4889244403703
57632,STARLINK-30309,1,1.0,483.0383043883385
57633,STARLINK-30306,1,1.0,483.0986920682881
57634,STARLINK-30323,1,1.0,483.06151068324834
57635,STARLINK-30329,1,1.0,483.0510004531134
57636,STARLINK-30330,1,1.0,483.0923169685839
57637,STARLINK-30311,1,1.0,483.01957480567216
57638,STARLINK-30328,1,1.0,483.060998645462
57639,STARLINK-30326,1,1.0,483.08523520539165
57640,STARLINK-30324,1,1.0,483.0492816899632
57641,STARLINK-30312,1,1.0,483.0505003947346
57642,STARLINK-30263,1,1.0,483.1288280148301
57643,STARLINK-30280,1,1.0,483.07858764726734
57644,STARLINK-30247,1,1.0,483.05708799745753
57645,STARLINK-30277,1,1.0,483.0525575217053
57646,STARLINK-30265,1,1.0,483.0473772776959
57647,STARLINK-30286,1,1.0,483.02397048201874
57648,STARLINK-30243,1,1.0,483.0583037113247
57650,STARLINK-30299,1,1.0,483.0444278367759
57651,STARLINK-30294,1,1.0,483.0584504354474
57652,STARLINK-30276,1,1.0,483.1484267387241
57653,STARLINK-30289,1,1.0,483.06751740264735
57654,GAOFEN-12 04,0,0.0,629.9147712835847
57663,STARLINK-30267,1,1.0,462.7435704318496
57665,STARLINK-30298,1,1.0,462.7310186296836
57666,STARLINK-30301,1,1.0,461.0215809323509
57667,STARLINK-30275,1,1.0,462.6986362565413
57668,STARLINK-30278,1,1.0,462.75101891188206
57669,STARLINK-30271,1,1.0,470.7779310320957
57670,STARLINK-30322,1,1.0,462.7556497009909
57671,STARLINK-30296,1,1.0,462.7297524553478
57672,STARLINK-30274,1,1.0,462.77847383960216
57673,STARLINK-30316,1,1.0,462.71455543678894
57676,STARLINK-30313,1,1.0,475.2474836701522
57677,STARLINK-30303,1,1.0,462.74554400958
57678,STARLINK-30320,1,1.0,462.7378993760485
57679,STARLINK-30321,1,1.0,462.7000480546312
57680,STARLINK-30283,1,1.0,462.7464951318871
57681,STARLINK-30273,1,1.0,464.3944334242533
57682,STARLINK-30297,1,1.0,475.04497851680935
57683,STARLINK-30295,1,1.0,462.7275648879222
57693,CAPELLA-11 (ACADIA-1),0,0.0,609.6242194917859
57696,JILIN-1 KUANFU 02A,0,0.0,533.1820084620167
57698,STARLINK-30288,1,1.0,483.0669364930173
57699,STARLINK-30347,1,1.0,483.0575461358712
57700,STARLINK-30332,1,1.0,483.0754165880508
57701,STARLINK-30345,1,1.0,483.04517043683154
57702,STARLINK-30333,1,1.0,483.0414245007005
57703,STARLINK-30336,1,1.0,483.0808005037916
57704,STARLINK-30346,1,1.0,483.05581838552007
57707,STARLINK-30327,1,1.0,417.77909701804856
57708,STARLINK-30315,1,1.0,483.0834685104455
57709,STARLINK-30287,1,1.0,483.0101217299107
57710,STARLINK-30335,1,1.0,483.0537522730119
57711,STARLINK-30318,1,1.0,483.0889871901263
57712,STARLINK-30348,1,1.0,483.00560929756193
57713,STARLINK-30349,1,1.0,483.0619328899138
57714,STARLINK-30341,1,1.0,483.08979567912775
57715,STARLINK-30300,1,1.0,483.07397329318974
57716,STARLINK-30281,1,1.0,483.0781804099952
57717,STARLINK-30325,1,1.0,483.10745373722784
57718,STARLINK-30338,1,1.0,483.0761322469871
57719,STARLINK-30334,1,1.0,483.0578695277391
57727,YAOGAN-39 01A,1,1.0,496.9517650746038
57728,YAOGAN-39 01B,0,0.0,515.884765661247
57731,YAOGAN-39 01C,0,0.0,515.7556258016621
57732,STARLINK-30375,1,1.0,483.01977841995176
57733,STARLINK-30310,1,1.0,483.0501111277954
57734,STARLINK-30365,1,1.0,482.9791007787735
57735,STARLINK-30371,1,1.0,483.0648074902229
57736,STARLINK-30352,1,1.0,483.0662747352917
57737,STARLINK-30344,0,0.01,544.6918480871673
57738,STARLINK-30351,1,1.0,483.0961558009194
57739,STARLINK-30242,1,1.0,483.05750122033714
57740,STARLINK-30331,1,1.0,483.0598907277736
57741,STARLINK-30364,1,1.0,483.0603758160041
57742,STARLINK-30308,1,1.0,483.0650081134827
57743,STARLINK-30361,1,1.0,483.1656779238047
57744,STARLINK-30363,1,1.0,483.0673137848244
57745,STARLINK-30362,1,1.0,483.05268627933856
57746,STARLINK-30350,1,1.0,483.06109446539176
57747,STARLINK-30307,1,1.0,483.0847111855856
57748,STARLINK-30356,1,1.0,483.089157871118
57749,STARLINK-30366,1,1.0,483.09950056014895
57750,STARLINK-30357,1,1.0,483.0505752537674
57751,STARLINK-30370,1,1.0,464.9834505081235
57752,STARLINK-30368,1,1.0,483.0585761989887
57753,STARLINK-30343,1,1.0,483.05813902099
57756,WILDFIRE 4,0,0.0,941.3907525670728
57757,BB4,0,0.0,661.9758439735315
57758,WILDFIRE 3,0,0.0,941.6739418927718
57760,BB3,0,0.0,628.6827508352408
57761,WILDFIRE 7,0,0.0,945.819679729575
57762,CHECKMATE 10,0,0.0,944.5334553202902
57763,WILDFIRE 6,0,0.0,944.551495921316
57764,WILDFIRE 1,0,0.0,943.6014535679542
57765,WILDFIRE 9,0,0.0,944.8265724731546
57766,WILDFIRE 10,0,0.0,944.0446325657248
57767,WILDFIRE 2,0,0.0,944.4496349305446
57768,WILDFIRE 8,0,0.0,944.6526698116886
57769,WILDFIRE 5,0,0.0,944.2781892019384
57771,STARLINK-30397,1,1.0,483.022578117836
57772,STARLINK-30354,1,1.0,483.0644571481498
57773,STARLINK-30383,1,1.0,483.05156339319456
57774,STARLINK-30384,1,1.0,483.1017254112048
57775,STARLINK-30305,1,1.0,483.06796955404025
57776,STARLINK-30360,1,1.0,483.08140537151576
57777,STARLINK-30355,1,1.0,483.05603697432616
57778,STARLINK-30385,1,1.0,483.0662058645876
57779,STARLINK-30359,1,1.0,483.0590343376498
57780,STARLINK-30380,1,1.0,483.0626964553276
57781,STARLINK-30369,1,1.0,483.0548422220254
57782,STARLINK-30376,1,1.0,483.06520274800096
57783,STARLINK-30389,1,1.0,483.09229301332834
57784,STARLINK-30388,1,1.0,483.0898196343615
57785,STARLINK-30381,1,1.0,483.05488713751583
57786,STARLINK-30382,1,1.0,483.060028468868
57787,STARLINK-30378,1,1.0,483.1274835085733
57788,STARLINK-30387,1,1.0,483.0660351850229
57789,STARLINK-30372,1,1.0,483.073634927493
57791,STARLINK-30367,1,1.0,483.07168258817455
57792,TIANQI-21,0,0.0,814.7313528380782
57793,TIANQI-22,0,0.0,814.3157691593779
57794,TIANQI-23,0,0.0,815.0050643240302
57795,TIANQI-24,0,0.0,814.6663060053143
57797,YAOGAN-33 03,0,0.0,697.1634988719843
57800,XRISM,0,0.02,527.5047591525145
57809,STARLINK-30374,1,1.0,483.0823545948952
57810,STARLINK-30394,1,1.0,482.98410123657504
57811,STARLINK-30379,1,1.0,483.0576329725727
57812,STARLINK-30395,1,1.0,483.0530456030019
57813,STARLINK-30403,1,1.0,483.051548421382
57814,STARLINK-30413,1,1.0,483.0709429753306
57815,STARLINK-30398,1,1.0,483.05857021024894
57816,STARLINK-30386,1,1.0,483.0603099398195
57817,STARLINK-30391,1,1.0,483.01944305526285
57818,STARLINK-30401,1,1.0,483.054809283999
57819,STARLINK-30390,1,1.0,483.0632983246851
57820,STARLINK-30409,1,1.0,483.061654413169
57821,STARLINK-30415,1,1.0,483.0525754878863
57823,STARLINK-30407,1,1.0,483.043209134702
57824,STARLINK-30408,1,1.0,483.0703440986781
57825,STARLINK-30377,1,1.0,483.06913436824016
57826,STARLINK-30422,1,1.0,483.04045732537634
57827,STARLINK-30402,1,1.0,483.07571902130167
57828,STARLINK-30411,1,1.0,483.07080822807166
57829,STARLINK-30418,1,1.0,483.0521413052056
57830,YAOGAN-40 01A,0,0.0,850.9780732986274
57832,YAOGAN-40 01B,0,0.0,850.973910567679
57833,YAOGAN-40 01C,0,0.0,850.9784418029685
57840,STARLINK-30285,1,1.0,470.705687710346
57841,STARLINK-30410,1,1.0,470.7290879587599
57842,STARLINK-30435,1,1.0,470.74009359693264
57843,STARLINK-30423,1,1.0,470.75781539053605
57844,STARLINK-30292,1,1.0,465.2271061578158
57847,STARLINK-30416,1,1.0,470.73498425670186
57848,STARLINK-30426,1,1.0,462.716083159854
57849,STARLINK-30430,1,1.0,470.7331837680167
57850,STARLINK-30425,1,1.0,462.72519898816336
57851,STARLINK-30405,1,1.0,470.71139616015626
57852,STARLINK-30431,1,1.0,474.3431874897715
57853,STARLINK-30404,1,1.0,462.9332335950549
57854,STARLINK-30412,1,1.0,462.7379290985336
57855,STARLINK-30392,1,1.0,465.1462421818387
57856,STARLINK-30291,1,1.0,470.66904958274336
57857,STARLINK-30424,1,1.0,470.7344268205097
57858,STARLINK-30290,1,1.0,462.70976421745854
57859,STARLINK-30414,1,1.0,462.7400156177182
57860,STARLINK-30272,1,1.0,470.71943868560993
57864,STARLINK-30432,1,1.0,483.0475599335323
57865,STARLINK-30427,1,1.0,483.0496380188215
57866,STARLINK-30393,1,1.0,483.05646516888737
57867,STARLINK-30439,1,1.0,483.033124171232
57868,STARLINK-30442,1,1.0,483.0568544367261
57869,STARLINK-30441,1,1.0,483.0670233300161
57870,STARLINK-30460,1,1.0,483.1070255347131
57871,STARLINK-30444,1,1.0,482.92055418032487
57872,STARLINK-30446,1,1.0,483.0562914955599
57873,STARLINK-30445,1,1.0,483.0559920588166
57874,STARLINK-30447,1,1.0,483.03498665278767
57875,STARLINK-30434,1,1.0,483.07912963225954
57876,STARLINK-30429,1,1.0,483.073036050253
57877,STARLINK-30284,1,1.0,483.0764436634872
57878,STARLINK-30433,1,1.0,483.063837312282
57879,STARLINK-30358,1,1.0,483.0609088142819
57880,STARLINK-30436,1,1.0,483.0679815315625
57882,STARLINK-30339,1,1.0,483.06059141080095
57883,STARLINK-30282,1,1.0,483.06482246210726
57884,STARLINK-30340,1,1.0,483.1850523227313
57885,STARLINK-30279,1,1.0,483.0454129796335
57886,YAOGAN-39 02A,1,1.0,496.5453251102781
57889,YAOGAN-39 02B,0,0.0,515.8049544111873
57891,STARLINK-30465,1,1.0,483.0680713629736
57892,STARLINK-30470,1,1.0,483.0473024187495
57893,STARLINK-30473,1,1.0,483.07070641903647
57894,STARLINK-30443,1,1.0,483.0606483038737
57895,STARLINK-30467,1,1.0,483.0604955908875
57896,STARLINK-30469,1,1.0,483.0680743573548
57897,STARLINK-30474,1,1.0,483.0619927773905
57898,STARLINK-30479,1,1.0,483.054414027717
57899,STARLINK-30481,1,1.0,483.07315283130447
57900,STARLINK-30457,1,1.0,483.0656548990137
57901,STARLINK-30472,1,1.0,483.0612681390221
57902,STARLINK-30462,1,1.0,483.0574592991725
57903,STARLINK-30449,1,1.0,483.0572736483082
57904,STARLINK-30466,1,1.0,483.0698979356566
57906,STARLINK-30428,1,1.0,483.0554740333282
57907,STARLINK-30482,1,1.0,483.0591840561847
57908,STARLINK-30464,1,1.0,483.0668077347136
57909,STARLINK-30463,1,1.0,483.0102924059984
57910,STARLINK-30453,1,1.0,483.0755603186999
57911,STARLINK-30478,1,1.0,483.069906918804
57912,STARLINK-30477,1,1.0,483.0337769379348
57913,STARLINK-30450,1,1.0,483.0312077928147
57914,STARLINK-30483,1,1.0,483.0540846475278
57915,STARLINK-30454,1,1.0,483.0704638739962
57917,STARLINK-30501,1,1.0,482.1970993976447
57918,STARLINK-30499,1,1.0,483.075937611693
57919,STARLINK-30496,1,1.0,483.13602367978
57920,STARLINK-30485,1,1.0,483.0587438837201
57921,STARLINK-30492,1,1.0,483.0678767282525
57923,STARLINK-30440,1,1.0,483.0570251157205
57924,STARLINK-30487,1,1.0,483.0579743306662
57925,STARLINK-30452,1,1.0,483.0556327347677
57926,STARLINK-30468,1,1.0,483.0231170974357
57928,STARLINK-30448,1,1.0,483.0749404803264
57931,STARLINK-30488,1,1.0,483.0678048631271
57932,STARLINK-30471,1,1.0,483.0626425565852
57933,STARLINK-30461,1,1.0,483.0619508561567
57935,STARLINK-30712,1,1.0,462.7255081005797
57936,STARLINK-30716,1,1.0,462.7238168994272
57937,STARLINK-30400,1,1.0,462.7307065444056
57938,STARLINK-30710,1,1.0,462.7435942098855
57939,STARLINK-30714,1,1.0,463.5032265974978
57940,STARLINK-30711,1,1.0,462.7211002797303
57941,STARLINK-30715,1,1.0,462.7123797703953
57942,STARLINK-30455,1,1.0,465.2244138267433
57943,STARLINK-30456,1,1.0,462.7165349380439
57944,STARLINK-30708,1,1.0,462.7525228771901
57945,STARLINK-30705,1,1.0,462.74313945497306
57946,STARLINK-30704,1,1.0,462.7754450752609
57947,STARLINK-30706,1,1.0,462.7175217169825
57949,STARLINK-30707,1,1.0,462.73860082675856
57950,STARLINK-30701,1,1.0,462.721783892749
57951,STARLINK-30399,1,1.0,462.709351079212
57952,STARLINK-30713,1,1.0,462.7396232806568
57953,STARLINK-30700,1,1.0,462.7267207726982
57954,STARLINK-30703,1,1.0,462.7492355548811
57955,STARLINK-30702,1,1.0,462.7091786906094
57956,SKYKRAFT-3D,1,1.0,256.1525404007425
57958,YAOGAN-33 04,0,0.0,697.1353128954079
57964,STARLINK-30396,1,1.0,483.0440864803668
57965,STARLINK-30524,1,1.0,483.0660351850229
57966,STARLINK-30521,1,1.0,483.0568005381001
57967,STARLINK-30528,1,1.0,483.0684696156032
57968,STARLINK-30495,1,1.0,483.0741589451836
57970,STARLINK-30494,1,1.0,483.0472784638878
57971,STARLINK-30498,1,1.0,483.06793661585743
57972,STARLINK-30505,1,1.0,482.9741482385307
57973,STARLINK-30502,1,1.0,483.0767610688008
57974,STARLINK-30489,1,1.0,483.06872713237135
57975,STARLINK-30503,1,1.0,483.0607081913231
57976,STARLINK-30512,1,1.0,483.0734672418512
57977,STARLINK-30509,1,1.0,483.0606722588527
57978,STARLINK-30511,1,1.0,483.0619029461768
57979,STARLINK-30508,1,1.0,483.0641068061205
57981,STARLINK-30510,1,1.0,483.06958651990135
57982,STARLINK-30507,1,1.0,483.0176883799713
57983,STARLINK-30515,1,1.0,483.0535696167626
57984,STARLINK-30516,1,1.0,483.0660531512922
57985,STARLINK-30519,1,1.0,483.0617023231444
57986,YAOGAN-39 03A,1,1.0,496.6205297293764
57988,YAOGAN-39 03B,0,0.01,515.8323205189145
57990,YAOGAN-39 03C,0,0.01,515.9037688246026
57991,STARLINK-30537,1,1.0,483.1361135134184
57992,STARLINK-30534,1,1.0,483.051737066221
57993,STARLINK-30536,1,1.0,483.1325800591612
57994,STARLINK-30538,1,1.0,483.0645020637985
57995,STARLINK-30517,1,1.0,483.0660232075097
57997,STARLINK-30523,1,1.0,483.0646338163697
57998,STARLINK-30531,1,1.0,483.10735791568
57999,STARLINK-30552,1,1.0,483.0757669315226
58000,STARLINK-30545,1,1.0,483.05285096934585
58001,STARLINK-30535,1,1.0,483.0604776246564
58002,STARLINK-30540,1,1.0,483.0471826444409
58004,STARLINK-30539,1,1.0,483.055896239066
58005,STARLINK-30530,1,1.0,483.08095022351154
58006,STARLINK-30526,1,1.0,467.2395623849188
58007,STARLINK-30527,1,1.0,483.065118905437
58008,STARLINK-30522,1,1.0,483.0306358738899
58009,STARLINK-30486,1,1.0,483.0687900143776
58010,STARLINK-30520,1,1.0,483.1320530358644
58011,STARLINK-30497,1,1.0,483.03959794696766
58012,STARLINK-30525,1,1.0,483.0707902617705
58016,THEOS-2 (T2V),0,0.0,624.0535146990442
58017,FORMOSAT-7R (TRITON),0,0.0,594.0279789310534
58018,ANSER FOLLOWER 2,1,1.0,407.0379737666062
58019,ANSER FOLLOWER 1,1,1.0,404.6714064928037
58020,NESS,1,1.0,470.699553003129
58021,CSC-2,1,1.0,497.7901582320528
58022,CSC-1,0,0.0,532.9108058203365
58023,PRETTY,1,1.0,492.5321064056652
58024,MACSAT (FINCH 1),0,0.0,502.9600051053203
58025,PVCC,0,0.0,516.39333557399
58028,STARLINK-30514,1,1.0,462.7009426891673
58029,STARLINK-30518,1,1.0,462.7063105025227
58030,STARLINK-30549,1,1.0,462.68254478198105
58031,STARLINK-30556,1,1.0,462.7194625814136
58032,STARLINK-30561,1,1.0,462.7231213969726
58033,STARLINK-30562,1,1.0,473.3665120080368
58034,STARLINK-30565,1,1.0,462.69463269833886
58035,STARLINK-30438,1,1.0,475.22977163519136
58036,STARLINK-30437,1,1.0,472.92947287866536
58037,STARLINK-30533,1,1.0,462.6815966540908
58038,STARLINK-30560,1,1.0,475.282080990979
58040,STARLINK-30555,1,1.0,462.7349419905013
58041,STARLINK-30542,1,1.0,462.7214569473708
58042,STARLINK-30563,1,1.0,462.7328287249984
58043,STARLINK-30564,1,1.0,462.7007970509676
58044,STARLINK-30547,1,1.0,462.7487956603327
58045,STARLINK-30550,1,1.0,462.71181504852666
58046,STARLINK-30548,1,1.0,462.7347071831428
58047,STARLINK-30529,1,1.0,462.8388150141336
58048,STARLINK-30554,1,1.0,462.7255348506933
58051,STARLINK-30568,1,1.0,483.0605135571223
58052,STARLINK-30575,1,1.0,483.02547363726353
58053,STARLINK-30577,1,1.0,483.0619628336526
58054,STARLINK-30566,1,1.0,483.0419365348344
58055,STARLINK-30544,1,1.0,483.0541684897544
58056,STARLINK-30553,1,1.0,483.12250973948
58057,STARLINK-30541,1,1.0,483.0674784757084
58058,STARLINK-30573,1,1.0,483.0681312505831
58059,STARLINK-30582,1,1.0,483.0660771063185
58060,STARLINK-30558,1,1.0,483.0554111516276
58061,STARLINK-30579,1,1.0,483.0786445407148
58062,STARLINK-30588,1,1.0,483.06252877035695
58063,STARLINK-30585,1,1.0,483.0739313717741
58064,STARLINK-30587,1,1.0,483.0694128457444
58065,STARLINK-30576,1,1.0,483.0714310598969
58066,STARLINK-30571,1,1.0,483.0650739897792
58067,STARLINK-30567,1,1.0,483.1170359088992
58068,STARLINK-30569,1,1.0,483.0376246714332
58069,STARLINK-30480,1,1.0,483.0749285027741
58070,STARLINK-30532,1,1.0,483.0685025537923
58072,STARLINK-30506,1,1.0,483.0439996440937
58073,YUNHAI-1 04,0,0.0,783.0584590979097
58075,STARLINK-30604,1,1.0,483.04795818318416
58076,STARLINK-30500,1,1.0,483.0643972606204
58077,STARLINK-30613,1,1.0,483.0605405064716
58078,STARLINK-30597,1,1.0,483.05789647706297
58079,STARLINK-30598,1,1.0,483.02280868131766
58080,STARLINK-30603,1,1.0,483.1073219826021
58081,STARLINK-30602,1,1.0,483.63071622477673
58082,STARLINK-30610,1,1.0,483.04780247654617
58083,STARLINK-30551,1,1.0,483.0501799980966
58084,STARLINK-30586,1,1.0,483.0551266868115
58085,STARLINK-30609,1,1.0,483.0766802202734
58086,STARLINK-30583,1,1.0,483.0907748494619
58087,STARLINK-30557,1,1.0,483.0520963897589
58088,STARLINK-30591,1,1.0,483.0506291522725
58089,STARLINK-30584,1,1.0,483.0470478983498
58090,STARLINK-30590,1,1.0,483.0618460530759
58091,STARLINK-30608,1,1.0,483.0974972974173
58092,STARLINK-30615,1,1.0,483.0279679185978
58093,STARLINK-30578,1,1.0,483.0613609645861
58094,STARLINK-30574,1,1.0,483.06175023312153
58095,STARLINK-30570,1,1.0,483.0480959236793
58096,STARLINK-30581,1,1.0,483.083558342365
58097,STARLINK-30594,1,1.0,462.7441381325261
58098,STARLINK-30614,1,1.0,462.73435943050936
58099,STARLINK-30607,1,1.0,475.235528332586
58100,STARLINK-30600,1,1.0,462.7283079473127
58101,STARLINK-30605,1,1.0,462.70587655930194
58102,STARLINK-30592,1,1.0,462.7291193683986
58103,STARLINK-30589,1,1.0,465.3156897894096
58104,STARLINK-30617,1,1.0,462.7233175643141
58105,STARLINK-30616,1,1.0,462.6556109445155
58106,STARLINK-30612,1,1.0,462.75601231767087
58107,STARLINK-30421,1,1.0,462.7264562436849
58108,STARLINK-30611,1,1.0,462.7112176323617
58109,STARLINK-30606,1,1.0,462.7286527269389
58110,STARLINK-30596,1,1.0,462.72757083239776
58111,STARLINK-30595,1,1.0,475.2310615165452
58112,STARLINK-30593,1,1.0,475.23369204035134
58113,STARLINK-30353,1,1.0,475.22655589196165
58114,STARLINK-30572,1,1.0,465.27984365632256
58115,STARLINK-30580,1,1.0,462.71062616076415
58116,STARLINK-30493,1,1.0,475.22262056786985
58117,STARLINK-30601,1,1.0,463.50520964241696
58118,STARLINK-30795,1,1.0,483.0461436025289
58119,STARLINK-30765,1,1.0,483.0800638828832
58120,STARLINK-30768,1,1.0,483.0679276327164
58121,STARLINK-30799,1,1.0,483.04337382414
58122,STARLINK-30759,1,1.0,483.0704728571473
58123,STARLINK-30781,1,1.0,483.18383056370567
58124,STARLINK-30754,1,1.0,483.0453411150984
58125,STARLINK-30766,1,1.0,483.0654812251069
58126,STARLINK-30767,1,1.0,483.04925174636537
58127,STARLINK-30790,1,1.0,498.2608010185486
58128,STARLINK-30787,1,1.0,483.0603219173081
58129,STARLINK-30756,1,1.0,483.0690086042159
58130,STARLINK-30783,1,1.0,483.0075945273357
58131,STARLINK-30757,1,1.0,483.0381636539878
58132,STARLINK-30770,1,1.0,483.09049636978943
58133,STARLINK-30758,1,1.0,483.028701531186
58134,STARLINK-30761,1,1.0,483.0732905730629
58135,STARLINK-30772,1,1.0,483.0829235301999
58136,STARLINK-30776,1,1.0,410.7010229213429
58137,STARLINK-30782,1,1.0,483.0572047778305
58138,STARLINK-30769,1,1.0,483.06688858295
58139,STARLINK-30775,1,1.0,483.08184554761465
58140,STARLINK-30780,1,1.0,483.0979943699476
58141,YAOGAN-39 04A,1,1.0,496.5129292600504
58143,YAOGAN-39 04B,0,0.01,516.7302467456684
58145,YAOGAN-39 04C,0,0.05,511.8203303594346
58148,COSMOS 2570,0,0.0,905.3322622197892
58150,STARLINK-30802,1,1.0,470.7391307508733
58151,STARLINK-30834,1,1.0,475.21742523211833
58152,STARLINK-30833,1,1.0,470.7334788811468
58153,STARLINK-30831,1,1.0,470.7262560709332
58154,STARLINK-30797,1,1.0,472.8109864852295
58155,STARLINK-30804,1,1.0,470.7314339564719
58156,STARLINK-30784,1,1.0,475.23044344832033
58157,STARLINK-30803,1,1.0,470.7327664363711
58158,STARLINK-30829,1,1.0,470.7478619586209
58159,STARLINK-30788,1,1.0,470.74448453695913
58160,STARLINK-30779,1,1.0,470.7510545649175
58161,STARLINK-30773,1,1.0,475.2343160809887
58162,STARLINK-30816,1,1.0,475.23823947849087
58163,STARLINK-30763,1,1.0,475.2693133433686
58164,STARLINK-30815,1,1.0,470.7402068729616
58165,STARLINK-30814,1,1.0,475.2450681144792
58166,STARLINK-30789,1,1.0,465.19048473228486
58167,STARLINK-30811,1,1.0,470.7319049448188
58168,STARLINK-30812,1,1.0,475.225639241612
58169,STARLINK-30771,1,1.0,475.2376691821592
58170,STARLINK-30764,1,1.0,475.2426585326321
58171,STARLINK-30752,1,1.0,475.24034450001454
58172,COSMOS 2571,0,0.0,903.028627662693
58175,STARLINK-30753,1,1.0,483.0328247370171
58176,STARLINK-30824,1,1.0,483.046026822627
58177,STARLINK-30791,1,1.0,483.0607111856944
58178,STARLINK-30810,1,1.0,483.0458771048116
58179,STARLINK-30819,1,1.0,483.0525455442503
58180,STARLINK-30806,1,1.0,450.3828901526358
58181,STARLINK-30821,1,1.0,483.0067261762779
58182,STARLINK-30778,1,1.0,483.0539948165733
58183,STARLINK-30809,1,1.0,483.08017467544687
58184,STARLINK-30801,1,1.0,483.0668406728855
58185,STARLINK-30793,1,1.0,483.1052558313186
58186,STARLINK-30755,1,1.0,483.0843249081927
58187,STARLINK-30760,1,1.0,483.049036152458
58188,STARLINK-30826,1,1.0,482.9719055252426
58189,STARLINK-30796,1,1.0,483.0456345619669
58190,STARLINK-30820,1,1.0,483.0558423404564
58191,STARLINK-30785,1,1.0,483.05839354241925
58192,STARLINK-30807,1,1.0,483.0335972773592
58193,STARLINK-30822,1,1.0,482.9172515581977
58194,STARLINK-30830,1,1.0,483.0556656728031
58195,STARLINK-30827,1,1.0,483.051599325544
58196,STARLINK-30798,1,1.0,483.0998568955256
58197,STARLINK-30762,1,1.0,483.0778450381695
58199,TIANHUI 5A,0,0.0,605.506643666834
58201,TIANHUI 5B,0,0.0,605.5010570492859
58204,TJS-10,0,0.0,35785.67239965652
58206,STARLINK-30800,1,1.0,483.0557225657758
58207,STARLINK-30845,1,0.88,540.7786971208761
58208,STARLINK-30841,1,1.0,483.0747997440958
58209,STARLINK-30839,1,1.0,483.0700686154632
58210,STARLINK-30846,1,1.0,483.0473593115476
58211,STARLINK-30838,1,1.0,483.06432240121103
58212,STARLINK-30837,1,1.0,483.054177472849
58213,STARLINK-30813,1,1.0,483.0492757012444
58214,STARLINK-30805,1,1.0,483.0458351838252
58215,STARLINK-30851,1,1.0,482.9748698596195
58217,STARLINK-30818,1,1.0,483.0555249375621
58218,STARLINK-30794,1,1.0,483.0419754614086
58219,STARLINK-30835,1,1.0,483.0287135085364
58220,STARLINK-30792,1,0.95,537.2250931213075
58221,STARLINK-30836,1,1.0,483.04024772086177
58222,STARLINK-30855,1,1.0,483.0315461532828
58223,STARLINK-30840,1,1.0,483.0550548220208
58224,STARLINK-30875,1,1.0,483.0459519637189
58225,STARLINK-30872,1,1.0,483.0400291333135
58226,STARLINK-30865,1,1.0,483.068855890765
58227,STARLINK-30874,1,1.0,483.1225217172386
58228,STARLINK-30871,1,1.0,483.068918772773
58230,STARLINK-30861,1,1.0,459.6586566324431
58231,STARLINK-30867,1,1.0,483.05752218091857
58232,STARLINK-30880,1,1.0,483.2730982617204
58233,STARLINK-30777,1,1.0,483.07252401031656
58234,STARLINK-30860,1,1.0,483.0706974358864
58236,STARLINK-30853,1,1.0,483.0186196153518
58237,STARLINK-30866,1,1.0,483.0546386051428
58238,STARLINK-30817,1,1.0,483.06941584012657
58239,STARLINK-30847,1,1.0,483.062606624092
58240,STARLINK-30848,1,1.0,483.0764855849402
58241,STARLINK-30843,1,1.0,483.0633432403147
58242,STARLINK-30877,1,1.0,483.0610824878995
58243,STARLINK-30864,1,1.0,483.0648164733548
58244,STARLINK-30854,1,1.0,483.05770783180014
58245,STARLINK-30849,1,1.0,482.7489219026456
58246,STARLINK-30886,1,1.0,483.0676371778436
58247,STARLINK-30850,1,1.0,483.00931326437967
58248,STARLINK-30823,1,1.0,483.0609597186167
58249,STARLINK-30873,1,1.0,483.10660332111
58250,STARLINK-30808,1,1.0,466.8944233944976
58251,STARLINK-30881,1,1.0,483.0620376929983
58252,STARLINK-30883,1,1.0,483.0715178970368
58253,ZHONGXING-6E,0,0.0,35787.442999821105
58258,ORBASTRO-PC-1,1,1.0,413.433345364524
58259,LEMUR-2-BASS,1,1.0,432.2517077312104
58262,PLATERO,1,1.0,366.109272964185
58264,BRO-11,1,1.0,482.4419160381685
58271,FLOCK 4Q-16,1,1.0,412.8523314993081
58273,FLOCK 4Q-11,1,1.0,410.2757594410277
58276,GENMAT-1,1,1.0,459.4769360056544
58280,FLOCK 4Q-28,1,1.0,393.27413877535855
58282,FLOCK 4Q-27,1,1.0,392.6701508668193
58287,PICO-01B009,1,1.0,190.1224147723242
58288,ICEYE-X31,1,1.0,458.2912745366766
58291,FALCONSAT-10,1,1.0,481.4677841798957
58294,ICEYE-X34,1,1.0,332.2861255393573
58295,SPACEVAN-001,1,1.0,390.37459566785856
58296,PELICAN-1,1,1.0,352.6064311601576
58297,UMBRA-07,0,0.02,536.2073753189152
58298,SPIP,1,1.0,481.6112937471826
58299,AETHER-2,1,1.0,460.610810573813
58300,ION SCV-013,0,0.12,550.4908341699356
58301,LEO EXPRESS 1,1,1.0,456.62539728836873
58302,ICEYE-X35,1,1.0,395.10593341564527
58318,FLOCK 4Q-7,1,1.0,391.37241094602
58320,FLOCK 4Q-2,1,1.0,411.4100503650207
58321,PROTOMETHEE,1,1.0,469.82103071335496
58322,FLOCK 4Q-9,1,1.0,409.4612859286626
58323,OBSERVER-1A,1,1.0,447.0986998194967
58326,PICO-01A003,1,1.0,422.2508057275254
58327,FLOCK 4Q-4,1,1.0,414.3715340341687
58328,FLOCK 4Q-13,1,1.0,405.6389114847952
58334,OUTPOST MISSION 2,1,1.0,383.1108912255395
58336,LEMUR-2-JK0903EM1407,1,1.0,404.457232255696
58340,LEMUR-2-MJR092620,1,1.0,426.5346389845063
58346,O3B MPOWER F5,0,0.0,8065.885982353501
58347,O3B MPOWER F6,0,0.0,8065.888581676635
58349,HAIYANG-3A,0,0.0,777.9406532614703
58352,STARLINK-30907,1,1.0,482.9207308392797
58353,STARLINK-30896,1,1.0,483.0417987946476
58354,STARLINK-30832,1,1.0,483.06252577598207
58355,STARLINK-30903,1,1.0,483.062714421576
58356,STARLINK-30905,1,1.0,483.1155117424796
58357,STARLINK-30842,1,1.0,476.9785868869321
58358,STARLINK-30858,1,1.0,483.0599146827472
58359,STARLINK-30878,1,1.0,483.0692601322708
58360,STARLINK-30897,1,1.0,483.0636187228556
58361,STARLINK-30885,1,1.0,483.0633132965622
58362,STARLINK-30890,1,1.0,483.10003656044046
58363,STARLINK-30909,1,1.0,483.0648434227469
58364,STARLINK-30904,0,0.13,533.575199217602
58365,STARLINK-30918,1,1.0,483.073625944332
58366,STARLINK-30892,1,1.0,483.06409183424057
58367,STARLINK-30891,1,1.0,483.05826777888615
58368,STARLINK-30889,1,1.0,483.06463082199207
58369,STARLINK-30870,1,1.0,483.06339713907073
58370,STARLINK-30888,1,1.0,483.05762398946536
58371,STARLINK-30859,1,1.0,483.04264919068737
58372,STARLINK-30884,1,1.0,483.0637414922585
58373,STARLINK-30852,1,1.0,483.0677719249452
58374,STARLINK-30911,1,1.0,462.73255527866695
58375,STARLINK-30894,1,1.0,462.7047738682768
58376,STARLINK-30910,1,1.0,462.7416444115797
58377,STARLINK-30914,1,1.0,462.72671185598847
58378,STARLINK-30920,1,1.0,462.7262897984756
58379,STARLINK-30882,1,1.0,462.7077995821792
58380,STARLINK-30915,1,1.0,462.7189483859547
58381,STARLINK-30923,1,1.0,457.4279329388765
58382,STARLINK-30927,1,1.0,462.8138354314824
58383,STARLINK-30921,1,1.0,462.72296981312775
58384,STARLINK-30825,1,1.0,462.7212845580061
58385,STARLINK-30930,1,1.0,462.6761753899509
58386,STARLINK-30929,1,1.0,462.7310126852017
58387,STARLINK-30898,1,1.0,462.7138064366882
58388,STARLINK-30913,1,1.0,462.70705355614245
58389,STARLINK-30938,1,1.0,462.7179675509569
58390,STARLINK-30868,1,1.0,462.70630753030855
58391,STARLINK-30916,1,1.0,462.7065542240871
58393,STARLINK-30939,1,1.0,462.7164933268923
58394,STARLINK-30887,1,1.0,462.7356642461755
58395,STARLINK-30934,1,1.0,462.7328703363992
58400,MALLIGYONG-1,1,1.0,497.0750390595449
58402,STARLINK-30964,1,1.0,483.0707423516369
58403,STARLINK-30844,1,1.0,483.064010986086
58404,STARLINK-30876,1,1.0,483.0909485249695
58405,STARLINK-30952,1,1.0,483.0442481755026
58406,STARLINK-30925,1,1.0,483.0611813022051
58407,STARLINK-30954,1,1.0,483.06681072909305
58408,STARLINK-30906,1,1.0,483.041325687107
58409,STARLINK-30940,1,1.0,483.0627503540709
58410,STARLINK-30933,1,1.0,483.0809382459347
58411,STARLINK-30919,1,1.0,483.0581000941857
58412,STARLINK-30924,1,1.0,373.497993066514
58413,STARLINK-30931,1,1.0,483.0628341965621
58414,STARLINK-30922,1,1.0,483.05733653005154
58415,STARLINK-30949,1,1.0,483.0535247012931
58416,STARLINK-30967,1,1.0,483.0660621344268
58417,STARLINK-30955,1,1.0,483.0516053142692
58418,STARLINK-30895,1,1.0,483.0498176804476
58419,STARLINK-30917,1,1.0,483.0556626784355
58420,STARLINK-30899,1,1.0,483.128645353584
58421,STARLINK-30902,1,1.0,483.0555728474319
58422,STARLINK-30912,1,1.0,483.0324145121931
58423,STARLINK-30900,1,1.0,483.0755513355352
58424,STARLINK-30908,1,1.0,483.0859987772874
58425,CHUANGXIN 20A (CX-20A),0,0.0,1103.6918737178555
58426,CHUANGXIN 20B (CX-20B),0,0.0,1103.711974034799
58427,CHUANGXIN 20C (CX-20C),0,0.0,1103.7346326005609
58435,COSMOS 2572,1,1.0,301.80043977765854
58437,STARLINK-30869,1,1.0,483.0210450208861
58438,STARLINK-30969,1,1.0,483.0688439132391
58439,STARLINK-30951,1,1.0,483.06414872738696
58440,STARLINK-30950,1,1.0,483.0822797349947
58441,STARLINK-30942,1,1.0,483.0612711333943
58442,STARLINK-30959,1,1.0,483.0569532508798
58443,STARLINK-30971,1,1.0,483.0643044349517
58444,STARLINK-30963,1,1.0,483.0801028099995
58445,STARLINK-30961,1,1.0,483.0581480040992
58446,STARLINK-30975,1,1.0,483.058447441078
58447,STARLINK-30976,1,1.0,483.126558225139
58448,STARLINK-30926,1,1.0,483.06463980512217
58449,STARLINK-30943,1,1.0,483.05842348611714
58450,STARLINK-30946,1,1.0,483.06105853291774
58451,STARLINK-30944,1,1.0,483.0576269838348
58452,STARLINK-30928,1,1.0,483.0724491506853
58453,STARLINK-30957,1,1.0,483.0569143240919
58454,STARLINK-30966,1,1.0,483.0582378351901
58455,STARLINK-30935,1,1.0,483.06042971470106
58457,STARLINK-30958,1,1.0,483.0706375482205
58458,STARLINK-30962,1,1.0,483.0658435448231
58459,STARLINK-30977,1,1.0,483.0863491221117
58462,GNOMES-4,0,0.0,563.5260004004031
58463,KORSAT-7,0,0.0,563.6370253840678
58464,KOYOH,0,0.0,509.7277093493021
58466,UHETSAT,1,1.0,470.3767460858808
58469,ION SCV-015,1,1.0,465.0064836151933
58473,STARLINK-30947,1,1.0,483.09785662694776
58475,STARLINK-30941,1,1.0,483.05258746533946
58476,STARLINK-30980,1,1.0,483.0428318462082
58477,STARLINK-30965,1,1.0,483.0856454381092
58478,STARLINK-30990,1,1.0,483.06233413602695
58480,STARLINK-30984,1,1.0,483.0703620649756
58481,STARLINK-30956,1,1.0,483.0272223288612
58482,STARLINK-30997,1,1.0,483.0349177828684
58483,STARLINK-30994,1,1.0,450.0602529226972
58484,STARLINK-30991,1,1.0,483.04512851585423
58485,STARLINK-30979,1,1.0,483.05821388023287
58486,STARLINK-31005,1,1.0,483.0995903925932
58487,STARLINK-30987,1,1.0,483.0531773550247
58488,STARLINK-31000,1,1.0,483.0570071495104
58489,STARLINK-30993,1,1.0,483.0567017239519
58490,STARLINK-30978,1,1.0,483.01803871607353
58491,STARLINK-30953,1,1.0,483.0549859515986
58492,STARLINK-30986,1,1.0,483.0514885341336
58493,STARLINK-30985,1,1.0,483.1861543019286
58494,STARLINK-30981,1,1.0,483.068676227892
58495,STARLINK-31002,1,1.0,483.05733952442006
58496,XINGCHI-1 02A,0,0.0,615.4646400821939
58497,MISRSAT-2,0,0.0,618.759495447609
58498,XINGCHI-1 02B,0,0.0,610.6240292040548
58500,DOORY-SAT,0,0.02,626.9851209250746
58502,2023-189A,1,1.0,464.76685716184966
58505,CHUANGXIN 19 (CX-19),0,0.0,1110.9361973134835
58508,STARLINK-31026,1,1.0,483.0259407534022
58509,STARLINK-31020,1,1.0,483.0879151939644
58510,STARLINK-30989,1,1.0,483.06042971470106
58511,STARLINK-30968,1,1.0,483.0493236110033
58512,STARLINK-30982,1,1.0,483.0233476609628
58513,STARLINK-30998,1,1.0,483.0500871729082
58514,STARLINK-30983,1,1.0,483.05902834891
58515,STARLINK-31017,1,1.0,483.0440924690747
58516,STARLINK-31028,1,1.0,483.0667957571986
58517,STARLINK-31011,1,1.0,483.0977308616075
58518,STARLINK-31021,1,1.0,483.05867501320336
58519,STARLINK-31010,1,1.0,483.06296594905416
58520,STARLINK-31003,1,1.0,483.0370407737837
58521,STARLINK-31015,1,1.0,483.021985240398
58523,STARLINK-30932,1,1.0,483.0006267664139
58524,STARLINK-30992,1,1.0,483.04557766920425
58525,STARLINK-30948,1,1.0,483.0642475418017
58526,STARLINK-31013,1,0.94,531.095117917107
58527,STARLINK-31001,1,1.0,483.0599056996325
58528,STARLINK-31004,1,1.0,483.12901367053473
58529,STARLINK-30988,1,1.0,483.06355284659367
58530,STARLINK-31009,1,1.0,483.0635169140869
58531,STARLINK-31012,1,1.0,462.7378726258148
58532,STARLINK-31035,1,1.0,462.7665638896333
58533,STARLINK-31036,1,1.0,462.7082543312181
58534,STARLINK-30936,1,1.0,470.7183238196631
58535,STARLINK-31032,1,1.0,462.6918715246393
58536,STARLINK-31037,1,1.0,462.7490096630763
58537,STARLINK-31041,1,1.0,462.7292501469128
58538,STARLINK-31014,1,1.0,462.74470583332186
58539,STARLINK-31055,1,1.0,462.7392190546516
58540,STARLINK-31019,1,1.0,462.7358306919532
58541,STARLINK-31045,1,1.0,475.2402997123054
58542,STARLINK-31030,1,1.0,462.6992009756905
58543,STARLINK-31049,1,1.0,462.71454652011926
58544,STARLINK-31048,1,1.0,462.72450942982505
58545,STARLINK-31057,1,1.0,462.7235791207913
58546,STARLINK-31050,1,1.0,462.7156254372894
58547,STARLINK-31063,1,1.0,462.6763507486567
58548,STARLINK-31016,1,1.0,462.7336668976177
58549,STARLINK-31053,1,1.0,462.721739309286
58550,STARLINK-31056,1,1.0,462.7309918795163
58551,STARLINK-30999,1,1.0,462.72004513823504
58552,STARLINK-31046,1,1.0,462.6141110030212
58555,HONGHU 2,1,1.0,416.6044102819024
58557,YAOGAN-39 05A,1,1.0,496.6402610513833
58558,YAOGAN-39 05B,0,0.0,516.8514445656192
58559,YAOGAN-39 05C,0,0.0,516.3694433079863
58562,ALISIO-1,0,0.0,513.7337729819465
58578,QPS-SAR-5 (TSUKUYOMI-I),1,1.0,494.7869834223611
58582,YAOGAN-41,0,0.0,35788.002868856
58584,ARKTIKA-M 2,1,1.0,20178.84960637188
58589,STARLINK-31044,1,1.0,483.0545787178289
58590,STARLINK-31062,1,1.0,483.06660112256577
58592,STARLINK-31096,1,1.0,442.3249293972058
58593,STARLINK-31094,1,1.0,483.05603697432616
58594,STARLINK-31075,1,1.0,483.1037526323771
58595,STARLINK-30857,1,1.0,483.0640049973336
58596,STARLINK-31059,1,1.0,483.0734343036029
58597,STARLINK-31087,1,1.0,483.3858474239096
58598,STARLINK-31079,1,1.0,339.2139401866989
58600,STARLINK-31052,1,1.0,483.0685953796037
58601,STARLINK-31074,1,1.0,483.06115435284846
58602,STARLINK-31071,1,1.0,483.0943980821712
58603,STARLINK-31080,1,1.0,483.0389391901808
58604,STARLINK-31088,1,1.0,483.04725450902606
58605,STARLINK-31038,1,1.0,440.1426331676148
58606,STARLINK-31082,1,1.0,483.08463932002
58607,STARLINK-31069,1,1.0,483.1325830536116
58608,STARLINK-31067,1,1.0,483.0410082858898
58609,STARLINK-31085,1,1.0,483.0711645597239
58610,STARLINK-31089,1,1.0,483.050913616622
58611,STARLINK-31061,1,1.0,483.07533873395096
58614,COSMOS 2573,1,1.0,490.1991200619559
58619,STARLINK-31054,1,1.0,483.0538450983222
58621,STARLINK-31134,1,1.0,483.0519945814194
58622,STARLINK-31133,1,1.0,483.0596332118357
58623,STARLINK-31068,1,1.0,483.05503086709086
58624,STARLINK-31129,1,1.0,482.8758777947433
58625,STARLINK-30774,1,1.0,483.03103711542735
58626,STARLINK-31086,1,1.0,483.0558603066602
58627,STARLINK-31065,1,1.0,482.965366035276
58628,STARLINK-31092,1,1.0,483.0558902503308
58629,STARLINK-31091,1,1.0,483.0540187714933
58630,STARLINK-31084,1,1.0,483.0453710586553
58631,STARLINK-31064,1,1.0,483.0467963723304
58632,STARLINK-31081,1,1.0,483.0597499923151
58633,STARLINK-31022,1,1.0,483.0545697347316
58634,STARLINK-31025,1,1.0,483.0452363126533
58635,STARLINK-31018,1,1.0,483.0590103826862
58636,STARLINK-31008,1,1.0,483.0608309605941
58637,STARLINK-31077,1,1.0,483.051653224069
58638,STARLINK-31078,1,1.0,483.0056482236223
58639,STARLINK-31070,1,1.0,483.0648044958471
58640,STARLINK-31090,1,1.0,483.0647146645415
58645,TIANMU-1 11,1,1.0,483.3769321355912
58646,TIANMU-1 12,1,1.0,484.378901889173
58647,TIANMU-1 13,1,1.0,484.3303761740372
58648,TIANMU-1 14,1,1.0,484.1675975086291
58654,BEIDOU-3 M28,0,0.0,21528.18752604622
58655,BEIDOU-3 M26,0,0.0,21528.185727858407
58660,TIANMU-1 19,1,1.0,468.9293995567614
58661,TIANMU-1 20,1,1.0,465.3825964884836
58662,TIANMU-1 21,1,1.0,458.0977254314376
58663,TIANMU-1 22,1,1.0,470.6512389378022
58668,STARLINK-31113,1,1.0,483.0656189664805
58669,STARLINK-31128,1,1.0,483.0883314158873
58670,STARLINK-31083,1,1.0,483.055515954462
58671,STARLINK-30828,1,1.0,483.068655267225
58672,STARLINK-31104,1,1.0,370.12316485910287
58673,STARLINK-31131,1,1.0,482.9930421976032
58674,STARLINK-31124,1,1.0,483.08312415478304
58675,STARLINK-31126,1,1.0,483.06334623469047
58676,STARLINK-31066,1,1.0,483.0765454727334
58677,STARLINK-31058,1,1.0,483.06440025499705
58678,STARLINK-31125,1,1.0,483.0539019912567
58679,STARLINK-31110,1,1.0,483.0604087540969
58680,STARLINK-31112,1,1.0,483.06624778588593
58681,STARLINK-31147,1,1.0,483.04992248306826
58682,STARLINK-31144,1,1.0,483.0618759968138
58683,STARLINK-31095,1,1.0,483.0599476208336
58684,STARLINK-31107,1,1.0,483.0802495352882
58685,STARLINK-31121,1,1.0,483.059953609576
58686,STARLINK-31137,1,1.0,483.05206944049314
58689,STARLINK-31106,1,1.0,483.00649561414593
58691,HULIANWANG JISHU SHIYAN*,0,0.0,1103.843596150181
58692,HULIANWANG JISHU SHIYAN*,0,0.0,1103.849106713873
58693,HULIANWANG JISHU SHIYAN*,0,0.0,1103.8322998981655
58694,XPOSAT,0,0.01,631.4217758618634
58698,OVZON-3,0,0.0,35786.37798228937
58700,TIANMU-1 15,1,1.0,484.3940397631095
58701,TIANMU-1 16,1,1.0,484.08303358110606
58702,TIANMU-1 17,1,1.0,484.0924394293961
58703,TIANMU-1 18,1,1.0,484.3680271173498
58705,STARLINK-11072 [DTC],1,1.0,359.7455427255836
58706,STARLINK-11075 [DTC],1,1.0,349.40846158701606
58707,STARLINK-11077 [DTC],1,1.0,359.7459948642945
58708,STARLINK-11079 [DTC],1,1.0,359.72941172510946
58709,STARLINK-11076 [DTC],1,1.0,359.75208443610063
58710,STARLINK-11078 [DTC],1,1.0,359.7595218594279
58711,STARLINK-31031,1,1.0,462.77087667062096
58712,STARLINK-31029,1,1.0,465.2402049068824
58713,STARLINK-30973,1,1.0,465.2839461985177
58714,STARLINK-31100,1,1.0,462.7807535888678
58715,STARLINK-31102,1,1.0,462.731526882927
58716,STARLINK-31098,1,1.0,465.21032449980976
58717,STARLINK-31093,1,1.0,462.7416681896002
58718,STARLINK-31097,1,1.0,463.47415300493503
58719,STARLINK-31051,1,1.0,462.73111374139535
58720,STARLINK-31027,1,1.0,322.79753414890456
58721,STARLINK-30972,1,1.0,462.7485311291848
58722,STARLINK-31040,1,1.0,462.7393230833977
58723,STARLINK-31033,1,1.0,463.390195412293
58724,STARLINK-30893,1,1.0,462.73046579292986
58725,STARLINK-30856,1,1.0,465.25716822219056
58727,UNICORN-2L,1,1.0,499.7458427893498
58729,STARLINK-31115,1,1.0,483.0577826910294
58732,STARLINK-31180,1,1.0,483.0744014905495
58733,STARLINK-31164,1,1.0,483.0878433283151
58734,STARLINK-31152,1,1.0,483.0902598118119
58735,STARLINK-31157,1,1.0,483.09185283555234
58736,STARLINK-31076,1,1.0,483.0520394968644
58737,STARLINK-31101,1,1.0,483.0530845297353
58738,STARLINK-31108,1,1.0,483.11087636533193
58739,STARLINK-31042,1,1.0,483.0501979642622
58740,STARLINK-31159,1,1.0,483.0691942558733
58741,STARLINK-31148,1,1.0,483.0729761625362
58742,STARLINK-31151,1,1.0,483.0688229525722
58743,STARLINK-31156,1,1.0,482.95535621428553
58744,STARLINK-31167,1,1.0,483.0601781874548
58745,STARLINK-31176,1,1.0,483.11832351576777
58746,STARLINK-31181,1,1.0,483.0447512270976
58747,STARLINK-31183,1,1.0,483.0647625745696
58748,STARLINK-31165,1,1.0,483.0677988743673
58749,STARLINK-31160,1,1.0,483.06353188596495
58750,STARLINK-31179,1,1.0,483.066843667264
58753,EINSTEIN PROBE,0,0.0,560.3983125622999
58755,NANOFF B,0,0.01,528.3047596608603
58758,YUNYAO-1 18,1,1.0,491.9723455934745
58759,YUNYAO-1 19,0,0.0,509.3176282462664
58760,YUNYAO-1 20,0,0.0,508.8004451382494
58765,STARLINK-31127,1,1.0,475.1847694879671
58766,STARLINK-31114,1,1.0,471.6117213483212
58767,STARLINK-31140,1,1.0,462.7137380755785
58769,STARLINK-31146,1,1.0,462.641502142088
58770,STARLINK-31143,1,1.0,462.7054693660684
58771,STARLINK-31135,1,1.0,465.2657094191636
58772,STARLINK-31136,1,1.0,462.7206901120017
58773,STARLINK-31073,1,1.0,475.2609618530014
58774,STARLINK-31122,1,1.0,465.5490506949063
58775,STARLINK-31123,1,1.0,462.7319905526346
58776,STARLINK-31117,1,1.0,462.7221732550215
58777,STARLINK-31132,1,1.0,470.7319854301768
58778,STARLINK-31120,1,1.0,462.7183390793234
58779,STARLINK-31142,1,1.0,463.73403948568375
58781,STARLINK-31099,1,1.0,465.2384437268902
58783,STARLINK-31047,1,1.0,462.70892605215977
58784,STARLINK-31039,1,1.0,475.2569996067259
58785,STARLINK-31034,1,1.0,462.7442451337147
58786,STARLINK-31024,1,1.0,465.23750958796063
58787,STARLINK-31189,1,1.0,483.0503147443415
58788,STARLINK-31185,1,1.0,483.065340489361
58789,STARLINK-31166,1,1.0,483.05397685038224
58790,STARLINK-31187,1,1.0,483.0659423592997
58791,STARLINK-31162,1,1.0,483.0453710586553
58793,STARLINK-31184,1,1.0,483.04246952953054
58794,STARLINK-31192,1,1.0,483.0461406081731
58795,STARLINK-31161,1,1.0,483.0928080513595
58796,STARLINK-31195,1,1.0,483.06861035150905
58797,STARLINK-31193,1,1.0,483.1031417708919
58798,STARLINK-31168,1,1.0,483.0459819072821
58800,STARLINK-31191,1,1.0,483.0726497745036
58801,STARLINK-31170,1,1.0,483.1626804440075
58803,STARLINK-31141,1,1.0,483.0824893427198
58804,STARLINK-31188,1,1.0,483.0533450394241
58806,STARLINK-31138,1,1.0,483.0587408893498
58807,STARLINK-31163,1,1.0,483.0651787929828
58808,STARLINK-31174,1,1.0,483.0618490474498
58809,STARLINK-31169,1,1.0,483.10456711456936
58810,NANOFF A,0,0.01,528.2921271707364
58817,SORAYA,0,0.0,749.4945363374172
58820,2024-016A,1,1.0,392.9835191967877
58821,2024-016B,1,1.0,297.2585169595732
58822,2024-016C,1,1.0,487.9487831405286
58823,2024-016D,1,1.0,398.6836200328098
58826,STARLINK-31233,1,1.0,462.72299953545007
58827,STARLINK-31271,1,1.0,462.7130069090281
58828,STARLINK-31222,1,1.0,462.73412462320175
58829,STARLINK-31258,1,1.0,462.77006523715136
58830,STARLINK-31253,1,1.0,470.7663797231317
58831,STARLINK-31232,1,1.0,470.7260474056302
58832,STARLINK-31263,1,1.0,462.7475740616537
58834,STARLINK-31171,1,1.0,462.7055406991849
58835,STARLINK-31246,1,1.0,462.6839090167332
58836,STARLINK-31251,1,1.0,462.71388668668806
58838,STARLINK-31249,1,1.0,462.74139771463706
58839,STARLINK-31250,1,1.0,462.7409102653219
58840,STARLINK-31248,1,1.0,462.7323353327247
58841,STARLINK-31236,1,1.0,462.726194686933
58842,STARLINK-31228,1,1.0,462.7720923351317
58843,STARLINK-31280,1,1.0,462.7270239408108
58844,STARLINK-31269,1,1.0,462.7441589383116
58845,STARLINK-31264,1,1.0,462.7058408927387
58846,STARLINK-31273,1,1.0,462.72303817446846
58847,STARLINK-31262,1,1.0,462.706045975483
58848,AAC-HSI-SAT3,0,0.01,517.9511772710266
58849,2024-018A,1,0.98,759.5590476832567
58850,2024-018B,1,1.0,744.9408826642666
58851,2024-018C,1,0.99,754.3803712940235
58853,STARLINK-31238,1,1.0,483.0572706539406
58854,STARLINK-31158,1,1.0,482.9707946492463
58855,STARLINK-31237,1,1.0,483.0384211679111
58856,STARLINK-31244,1,1.0,483.0464160889869
58858,STARLINK-31226,1,1.0,483.0730061063932
58859,STARLINK-31197,1,1.0,483.0612232234271
58860,STARLINK-31213,1,1.0,483.0935776141805
58861,STARLINK-31199,1,1.0,483.049949432314
58862,STARLINK-31200,1,1.0,483.0465328689052
58863,STARLINK-31149,1,1.0,483.0777671840024
58864,STARLINK-31242,1,1.0,483.0469460901959
58865,STARLINK-31223,1,1.0,483.01235549146986
58866,STARLINK-31219,1,1.0,483.0872504367781
58867,STARLINK-31198,1,1.0,483.04702094913137
58868,STARLINK-31196,1,1.0,483.0541175855451
58869,STARLINK-31203,1,1.0,483.045287216697
58870,STARLINK-31201,1,1.0,483.0665891450517
58871,STARLINK-31214,1,1.0,483.0606902250884
58872,STARLINK-31215,1,1.0,483.0595583525546
58873,STARLINK-31177,1,1.0,483.06808633487617
58874,STARLINK-30945,1,1.0,482.9634107787115
58875,STARLINK-31212,1,1.0,483.05082678013423
58876,STARLINK-31306,1,1.0,462.6966002963664
58877,STARLINK-31326,1,1.0,470.7483895879759
58878,STARLINK-31300,1,1.0,462.7092262460837
58879,STARLINK-31296,1,1.0,462.742200222845
58880,STARLINK-31328,1,1.0,475.1992923931721
58881,STARLINK-31260,1,1.0,462.7205860839649
58882,STARLINK-31323,1,1.0,462.70425967558
58883,STARLINK-31209,1,1.0,462.7048897845634
58884,STARLINK-31315,1,1.0,462.73523624279005
58885,STARLINK-31318,1,1.0,470.66514166395336
58886,STARLINK-31320,1,1.0,462.7075409994268
58887,STARLINK-31321,1,1.0,462.7133249367307
58889,STARLINK-31007,1,1.0,462.7022682943653
58890,STARLINK-31230,1,1.0,462.6800035621982
58891,STARLINK-31245,1,1.0,462.7293898421476
58893,STARLINK-31255,1,1.0,462.71062318854456
58894,STARLINK-31243,1,1.0,470.7144039069044
58895,STARLINK-31218,1,1.0,470.7466993858216
58897,STARLINK-31190,1,1.0,470.7260861577561
58899,LEMUR-2-NIMBUS2000,1,1.0,440.1546306014925
58900,LEMUR-2-VALHALLA,1,1.0,442.7782065889724
58903,LEMUR-2-CAEL,1,1.0,438.5527327577611
58905,GEESAT-2 01,0,0.0,618.610025724206
58906,GEESAT-2 02,0,0.0,618.6548975626356
58907,GEESAT-2 03,0,0.0,575.3196536686401
58908,GEESAT-2 04,0,0.0,575.0142482759602
58909,GEESAT-2 05,0,0.0,618.7040498743654
58910,GEESAT-2 06,0,0.0,552.7410944672911
58911,GEESAT-2 07,0,0.0,618.697282772082
58912,GEESAT-2 08,0,0.0,618.715908065642
58913,GEESAT-2 09,0,0.0,618.7689953920426
58914,GEESAT-2 10,0,0.0,618.6442345399282
58915,GEESAT-2 11,0,0.0,618.7181281409785
58918,XINGSHIDAI 20,0,0.02,503.14589552699454
58921,NEXSAT-1,1,1.0,463.40888645658106
58922,2024-024F,1,1.0,497.0369005801158
58925,2024-024J,1,1.0,296.51494515388094
58928,PACE,0,0.0,675.2048399929963
58929,COSMOS 2575,1,1.0,343.3570001652661
58931,STARLINK-31317,1,1.0,462.7335301744088
58932,STARLINK-31378,1,1.0,470.7468067002137
58933,STARLINK-31350,1,1.0,475.268793800501
58934,STARLINK-31337,1,1.0,475.2368809193613
58935,STARLINK-31362,1,1.0,462.7468963867095
58936,STARLINK-31383,1,1.0,462.7020007955061
58937,STARLINK-31390,1,1.0,471.3489155508287
58938,STARLINK-31377,1,1.0,462.7646616314005
58939,STARLINK-31372,1,1.0,475.20400399366736
58940,STARLINK-31371,1,1.0,475.2243792211084
58941,STARLINK-31345,1,1.0,475.2498156239417
58942,STARLINK-31354,1,1.0,470.7150477857258
58943,STARLINK-31346,1,1.0,475.2122358778479
58944,STARLINK-31336,1,1.0,463.7111508830394
58945,STARLINK-31359,1,1.0,465.2157954101649
58946,STARLINK-31331,1,1.0,470.7641857251783
58947,STARLINK-31116,1,1.0,470.71193570615833
58948,STARLINK-31311,1,1.0,475.23258130808335
58949,STARLINK-31294,1,1.0,475.3697302875634
58951,STARLINK-31330,1,1.0,462.6917496645092
58952,STARLINK-31293,1,1.0,470.6914032238301
58955,HBTSS-SV2,0,0.0,997.8473986572062
58956,RAPTOR4,0,0.0,991.5230598044318
58957,RAPTOR1,0,0.0,987.2336630412738
58958,RAPTOR3,0,0.0,997.8177329820272
58959,RAPTOR2,0,0.0,997.5615255274644
58960,HBTSS-SV1,0,0.03,572.5015038166512
58965,STARLINK-31373,1,1.0,462.72933039736654
58966,STARLINK-31449,1,1.0,462.7056031156635
58967,STARLINK-31314,1,1.0,462.7352600207551
58968,STARLINK-31356,1,1.0,462.7672415694488
58969,STARLINK-31335,1,1.0,462.7206663341649
58970,STARLINK-31368,1,1.0,462.69398475851176
58971,STARLINK-31333,1,1.0,462.72877161647466
58972,STARLINK-31351,1,1.0,462.7003958029054
58973,STARLINK-31365,1,1.0,462.7395311408991
58974,STARLINK-31361,1,1.0,462.630451734196
58975,STARLINK-31369,1,1.0,462.7135181311478
58976,STARLINK-31324,1,1.0,462.73711767483474
58977,STARLINK-31358,1,1.0,462.761442656808
58978,STARLINK-31355,1,1.0,462.7054039773802
58979,STARLINK-31380,1,1.0,462.8248241607744
58980,STARLINK-31353,1,1.0,462.6932119864432
58981,STARLINK-31339,1,1.0,462.68918465861225
58983,STARLINK-31384,1,1.0,462.7360625271622
58984,STARLINK-31379,1,1.0,462.7230411467008
58985,STARLINK-31385,1,1.0,462.725763712795
58986,STARLINK-31229,1,1.0,462.7827539440923
58987,CE-SAT-IE,0,0.0,666.4189532190321
58989,TIRSAT,0,0.0,652.8776403219972
58990,INSAT-3DS,0,0.0,35787.01350848147
58992,ADRAS-J,1,1.0,395.8446035586858
58995,MERAH PUTIH 2,0,0.0,35787.12256236139
58997,AAC-AIS-SAT3,0,0.01,613.5582618724056
58998,STARLINK-31468,1,1.0,475.2528671721011
58999,STARLINK-31440,1,1.0,472.211404626536
59000,STARLINK-31529,1,1.0,462.72162636451503
59002,STARLINK-31431,1,1.0,470.7413187668626
59004,STARLINK-31435,1,1.0,465.46243802453046
59005,STARLINK-31484,1,1.0,462.7182915236899
59006,STARLINK-31450,1,1.0,465.2131506892201
59007,STARLINK-31456,1,1.0,462.71772085614793
59008,STARLINK-31460,1,1.0,462.6779913933542
59009,STARLINK-31488,1,1.0,465.2116453711287
59010,STARLINK-31528,1,1.0,462.70491653447607
59011,STARLINK-31491,1,1.0,462.709654245401
59012,STARLINK-31465,1,1.0,470.77614243913376
59013,STARLINK-31389,1,1.0,470.6911587904424
59014,STARLINK-31454,1,1.0,470.7079412797111
59015,STARLINK-31521,1,1.0,470.6915433259019
59016,STARLINK-31526,1,1.0,470.7400339779715
59017,STARLINK-31406,1,1.0,462.71586024301087
59018,STARLINK-31527,1,1.0,462.7474224764546
59019,STARLINK-31436,1,1.0,462.68536836228486
59020,TJS-11,0,0.0,35786.23865751564
59023,STARLINK-30996,1,1.0,483.05703409882426
59024,STARLINK-31006,1,1.0,483.0688349300963
59025,STARLINK-31178,1,1.0,483.0754195824384
59027,STARLINK-30863,1,1.0,483.0642325699218
59028,STARLINK-31206,1,1.0,483.0767760407507
59029,STARLINK-31224,1,1.0,483.0778630045161
59030,STARLINK-31186,1,1.0,483.067161071468
59031,STARLINK-31211,1,1.0,483.0692780985619
59032,STARLINK-30862,1,1.0,483.069248154744
59033,STARLINK-31210,1,1.0,483.060058412585
59034,STARLINK-31231,1,1.0,483.07428770383103
59035,STARLINK-31207,1,1.0,483.0714699868904
59036,STARLINK-31217,1,1.0,483.0523479162666
59037,STARLINK-31208,1,1.0,483.05831269443297
59038,STARLINK-31235,1,1.0,483.1128916155467
59039,STARLINK-31220,1,1.0,483.1004288288768
59040,STARLINK-31225,1,1.0,483.0599206714896
59041,STARLINK-31240,1,1.0,483.0630857240512
59042,STARLINK-31202,1,1.0,472.31885307119137
59043,STARLINK-31234,1,1.0,483.069311036762
59044,STARLINK-31153,1,1.0,483.0749704242044
59045,STARLINK-31241,1,1.0,483.1095618121244
59046,STARLINK-31205,1,1.0,483.0600164913813
59051,METEOR-M2 4,0,0.0,817.1320617542415
59065,PARS 1,1,1.0,426.25397236315257
59066,SITRO-AIS 25,1,0.97,586.1127028390947
59067,SITRO-AIS 26,1,0.97,586.7696506799793
59068,SITRO-AIS 27,1,0.96,585.4324806092472
59069,HULIANWAN GAOGUI-01 (H*),0,0.0,35786.99108103573
59071,SITRO-AIS 28,1,0.98,585.3241553802882
59072,MARAFON-D GVM,0,0.0,738.6440233449002
59074,STARLINK-31265,1,1.0,483.0653674387586
59075,STARLINK-31276,1,1.0,483.07569506619166
59076,STARLINK-31259,1,1.0,483.0728563871071
59077,STARLINK-31281,1,1.0,483.0574143836393
59078,STARLINK-31274,1,1.0,483.05150949467134
59079,STARLINK-31257,1,1.0,483.06735570614
59081,STARLINK-31292,1,1.0,483.0468532651184
59082,STARLINK-31286,1,1.0,483.0702662447211
59083,STARLINK-31252,1,1.0,483.0847680791585
59084,STARLINK-31261,1,1.0,483.0638612672883
59085,STARLINK-31290,1,1.0,483.0855436285247
59086,STARLINK-31279,1,1.0,483.0705686774063
59087,STARLINK-31266,1,1.0,483.0681192730626
59088,STARLINK-31313,1,1.0,483.0693589468701
59089,STARLINK-31307,1,1.0,483.0708561382062
59090,STARLINK-31316,1,1.0,483.045290211051
59092,STARLINK-31310,1,1.0,483.0682659977101
59093,STARLINK-31343,1,1.0,483.05272820043047
59095,STARLINK-31295,1,1.0,483.0725060440054
59096,STARLINK-31291,1,1.0,483.059291853534
59098,HORACIO,0,0.0,570.89425366874
59099,MUSAT-2,0,0.0,538.7154436317333
59100,ICEYE-X38,0,0.05,526.2223602101367
59102,ICEYE-X37,0,0.0,546.9893985023045
59103,ICEYE-X36,0,0.0,544.1632384654822
59104,PE2_FLT2  (TYVAK-0262),0,0.0,574.8240420186585
59105,PE2_FLT1 (TYVAK-0261),0,0.0,574.8629960330172
59106,RROCI-2,0,0.0,566.5043585884532
59107,BRO-13,0,0.0,577.107921256199
59108,BRO-12,0,0.0,576.359761511394
59112,SONATE-2,1,1.0,380.01763786360425
59117,CONTECSAT-1,1,1.0,453.5553455486652
59120,TIGER-8,1,1.0,429.7874138304669
59121,LYNK TOWER 5,1,1.0,472.1054605589416
59122,NUSAT-44 (MARIA MITCHE*),1,1.0,475.0965020954436
59123,LYNK TOWER 6,1,1.0,470.87565556442223
59124,VSP ROSE,1,1.0,478.0774890090543
59125,TRANSPORTER-10 OBJECT AD,1,1.0,455.68088805174193
59126,YAM-6,1,1.0,452.17054128200107
59127,JACKAL X-1L-001,1,1.0,428.4536111471971
59128,TRANSPORTER-10 OBJECT AG,1,1.0,467.7718792192318
59129,APEX ARIES 1,1,1.0,392.8267638710959
59130,GHOST-5,1,1.0,433.80927650600734
59131,MESON-1,1,1.0,470.8917475656263
59132,LIZZIESAT-1 (LS-1),1,1.0,482.3427156828184
59133,GHOST-4,1,1.0,432.41795941821147
59134,JACKAL X-1L-002,1,1.0,422.9284815128576
59135,VSP RF A1,1,0.99,499.15637432021686
59136,VSP RF C1,1,1.0,478.9772831486889
59137,VSP RF B1,1,1.0,493.6017924470007
59141,TIGER-7,1,1.0,417.2483009575499
59146,LEMUR-2-JOHNNYTRUONG,1,1.0,375.1086360429572
59148,HAMMER,1,1.0,402.0322960697449
59152,STARLINK-31312,1,1.0,483.0496499962619
59153,STARLINK-31308,1,1.0,483.036756310873
59154,STARLINK-31270,1,1.0,483.04898524834425
59155,STARLINK-31341,1,1.0,483.0546146502165
59156,STARLINK-31338,1,1.0,483.0368401525702
59157,STARLINK-31334,1,1.0,483.024692116207
59158,STARLINK-31297,1,1.0,483.0704938178278
59159,STARLINK-31182,1,1.0,483.26707911397534
59160,STARLINK-31327,1,1.0,483.04510156665583
59161,STARLINK-31256,1,1.0,483.0561866926973
59162,STARLINK-31272,1,1.0,483.0437900393081
59163,STARLINK-31278,1,1.0,483.06257967472175
59164,STARLINK-31309,1,1.0,485.6546797381088
59165,STARLINK-31325,1,1.0,483.0609028255358
59166,STARLINK-31342,1,1.0,483.0890440837893
59167,STARLINK-31298,1,1.0,483.07027223348814
59168,STARLINK-31322,1,1.0,482.977555728984
59169,STARLINK-31329,1,1.0,483.0522790459099
59170,STARLINK-31340,1,1.0,483.07161072295
59171,STARLINK-31344,1,1.0,483.05344085908655
59172,STARLINK-31348,1,1.0,483.0255215466068
59173,STARLINK-31289,1,1.0,483.066041173779
59174,STARLINK-31283,1,1.0,483.0422928627368
59175,EXO-0,1,1.0,459.3685090797899
59178,STARLINK-31439,1,1.0,483.0582498126678
59179,STARLINK-31410,1,1.0,483.0635288915892
59180,STARLINK-31395,1,1.0,483.07320074148174
59181,STARLINK-31486,1,1.0,483.06823305952366
59182,STARLINK-31411,1,1.0,483.0606333320129
59184,STARLINK-31382,1,1.0,483.0699668064544
59185,STARLINK-31394,1,1.0,483.0667238921024
59186,STARLINK-31403,1,1.0,483.0621065635969
59187,STARLINK-31514,1,1.0,483.0586959737957
59188,STARLINK-31478,1,1.0,483.0585013397376
59189,STARLINK-31498,1,1.0,483.05472544175336
59190,STARLINK-31563,1,1.0,483.06936493563353
59191,STARLINK-31551,1,1.0,483.0492577350851
59192,STARLINK-31536,1,1.0,483.073700803996
59193,STARLINK-31548,1,1.0,483.0549440304712
59194,STARLINK-31542,1,1.0,483.08449558889424
59195,STARLINK-31554,1,1.0,483.0306568342676
59196,STARLINK-31558,1,1.0,483.0651548379647
59197,STARLINK-31275,1,1.0,483.02501849853616
59198,STARLINK-31590,1,1.0,483.042825857503
59199,STARLINK-31567,1,1.0,483.0535815942212
59200,STARLINK-31503,1,1.0,483.0752878293488
59201,STARLINK-31603,1,1.0,475.198984855524
59202,STARLINK-31602,1,1.0,462.7172126054693
59203,STARLINK-31577,1,1.0,462.7786135373517
59204,STARLINK-31522,1,1.0,475.2226832702554
59205,STARLINK-31586,1,1.0,475.2389321946157
59206,STARLINK-31247,1,1.0,475.2407595328177
59207,STARLINK-31591,1,1.0,462.718764107839
59208,STARLINK-31576,1,1.0,462.7328227805128
59209,STARLINK-31601,1,1.0,462.7176762727513
59210,STARLINK-31520,1,1.0,475.2273769959575
59211,STARLINK-31496,1,1.0,462.7238377050599
59212,STARLINK-31492,1,1.0,465.2676223415374
59213,STARLINK-31517,1,1.0,462.72603121397606
59214,STARLINK-31604,1,1.0,462.7199886658837
59215,STARLINK-31434,1,1.0,462.7004403860201
59216,STARLINK-31417,1,1.0,471.2633387003498
59217,STARLINK-31499,1,1.0,462.7157086595689
59218,STARLINK-31421,1,1.0,462.7495416977499
59219,STARLINK-31518,1,1.0,462.719447720272
59220,STARLINK-31523,1,1.0,462.7044201750241
59221,STARLINK-31516,1,1.0,462.7058527815925
59222,STARLINK-31490,1,1.0,475.19923267712056
59223,STARLINK-31420,1,1.0,475.221103767678
59224,STRIX-3,0,0.0,505.409791969425
59232,STARLINK-31305,1,1.0,483.0498536127734
59233,STARLINK-31459,1,1.0,483.0774527729618
59234,STARLINK-31438,1,1.0,483.09464961255344
59235,STARLINK-31467,1,1.0,483.06967036260176
59236,STARLINK-31444,1,1.0,435.8383880486708
59237,STARLINK-31505,1,1.0,483.0523179726333
59238,STARLINK-31494,1,1.0,483.0514256525257
59239,STARLINK-31303,1,1.0,483.0207695426189
59240,STARLINK-31408,1,1.0,483.0497967199235
59241,STARLINK-31427,1,1.0,483.052494640071
59242,STARLINK-31423,1,1.0,483.0524796682539
59243,STARLINK-31433,1,1.0,483.0508237857721
59244,STARLINK-31285,1,1.0,483.0191765601367
59246,STARLINK-31284,1,1.0,483.0451614537651
59247,STARLINK-31424,1,1.0,483.09219120349735
59248,STARLINK-31405,1,1.0,483.0527850933413
59249,STARLINK-31426,1,1.0,483.0711376102681
59250,STARLINK-31407,1,1.0,483.0440505481156
59252,STARLINK-31393,1,1.0,483.04930863920345
59253,STARLINK-31425,1,1.0,483.0627383765722
59254,STARLINK-31659,1,1.0,462.7571061125354
59255,STARLINK-31629,1,1.0,475.25253872742
59256,STARLINK-31652,1,1.0,470.74847901669
59258,STARLINK-31637,1,1.0,462.7473808648329
59259,STARLINK-31506,1,1.0,475.2478389869275
59261,STARLINK-31639,1,1.0,470.73999522564736
59263,STARLINK-31598,1,1.0,462.7387345779744
59264,STARLINK-31645,1,1.0,462.7028686807871
59265,STARLINK-31646,1,1.0,462.7216204200549
59266,STARLINK-31648,1,1.0,475.29839297153376
59267,STARLINK-31579,1,1.0,475.2388127607892
59268,STARLINK-31627,1,1.0,462.714617853474
59269,STARLINK-31609,1,1.0,462.6879036426644
59270,STARLINK-31616,1,1.0,462.7445988321151
59271,STARLINK-31630,1,1.0,462.77432452247285
59272,STARLINK-31623,1,1.0,462.7475175887357
59273,STARLINK-31595,1,1.0,475.24511887396966
59280,YUNHAI-2 02A,0,0.0,798.5057976214421
59281,YUNHAI-2 02B,0,0.0,798.4582075486205
59282,YUNHAI-2 02C,0,0.0,798.4942317271743
59283,YUNHAI-2 02D,0,0.0,798.3828738484644
59284,YUNHAI-2 02E,0,0.0,798.4893936322705
59285,YUNHAI-2 02F,0,0.0,798.4043631000186
59289,MOLA,1,1.0,376.5006116823624
59290,AEROCUBE 16A,1,1.0,430.53458097804105
59291,AEROCUBE 16B,1,1.0,430.66489562807055
59296,STARLINK-31463,1,1.0,483.0593367690981
59297,STARLINK-31487,1,1.0,483.0667238921024
59298,STARLINK-31386,1,1.0,483.06192989553983
59299,STARLINK-31409,1,1.0,483.058447441078
59300,STARLINK-31489,1,1.0,483.00809757221305
59301,STARLINK-31502,1,1.0,483.0518688181801
59302,STARLINK-31447,1,1.0,483.0665442293703
59303,STARLINK-31504,1,1.0,483.0635857847237
59304,STARLINK-31474,1,1.0,483.0667538358912
59305,STARLINK-31500,1,1.0,483.0975871297942
59306,STARLINK-31480,1,1.0,483.0626335734624
59307,STARLINK-31282,1,1.0,483.05654302245057
59308,STARLINK-31485,1,1.0,483.0526084258854
59309,STARLINK-31455,1,1.0,483.0570011607733
59310,STARLINK-31475,1,1.0,483.0604446865618
59312,STARLINK-31445,1,1.0,483.0428408292673
59313,STARLINK-31495,1,1.0,428.0534829729058
59314,STARLINK-31477,1,1.0,483.0558213798877
59315,STARLINK-31446,1,1.0,483.0567406507371
59316,STARLINK-31479,1,1.0,483.0634480434519
59317,STARLINK-31349,1,1.0,483.07756955420246
59318,STARLINK-31464,1,1.0,483.0806837224145
59320,STARLINK-31402,1,1.0,455.9364831413259
59321,STARLINK-31578,1,1.0,482.9916917692708
59322,STARLINK-31530,1,1.0,331.4628801828185
59323,STARLINK-31565,1,1.0,483.11034635177566
59324,STARLINK-31570,1,1.0,483.0604177372125
59325,STARLINK-31611,1,1.0,483.06859837398406
59326,STARLINK-31632,1,1.0,483.0774917000408
59327,STARLINK-31599,1,1.0,483.102770462996
59328,STARLINK-31614,1,1.0,483.0550787769516
59329,STARLINK-31493,1,1.0,483.0634600209533
59330,STARLINK-31634,1,1.0,483.0644301987613
59331,STARLINK-31633,1,1.0,483.06804740793086
59332,STARLINK-31594,1,1.0,483.0432690217695
59333,STARLINK-31572,1,1.0,482.9981115497994
59334,STARLINK-31573,1,1.0,483.0534109154423
59335,STARLINK-31588,1,1.0,483.05085672374935
59336,STARLINK-31596,1,1.0,483.06239102913696
59337,STARLINK-31612,1,1.0,483.0425503770493
59338,STARLINK-31550,1,1.0,483.07673411929136
59339,STARLINK-31473,1,1.0,483.0636965766225
59340,STARLINK-31562,1,1.0,483.0350315679534
59341,STARLINK-31600,1,1.0,483.05874687808864
59342,STARLINK-31628,1,1.0,483.06147475076887
59343,YUNHAI-3 02,0,0.0,848.0017871851978
59346,EUTELSAT 36D,0,0.0,35786.625517875174
59348,STARLINK-31605,1,1.0,483.09523951127903
59349,STARLINK-31532,1,1.0,483.0747847721568
59350,STARLINK-31593,1,1.0,483.04042438752185
59351,STARLINK-31555,1,1.0,483.0536804082558
59352,STARLINK-31561,1,1.0,483.0515304552073
59353,STARLINK-31413,1,1.0,483.063837312282
59354,STARLINK-31422,1,1.0,483.0534678083668
59355,STARLINK-31416,1,1.0,483.0570400875622
59356,STARLINK-31552,1,1.0,483.04998536464245
59357,STARLINK-31557,1,1.0,483.0609567242436
59358,STARLINK-31559,1,1.0,482.98615831377447
59359,STARLINK-31501,1,1.0,483.0599895420364
59360,STARLINK-31549,1,1.0,483.0706555145207
59361,STARLINK-31560,1,1.0,483.0578994714324
59362,STARLINK-31571,1,1.0,483.0777791615656
59363,STARLINK-31553,1,1.0,483.0690265705043
59364,STARLINK-31547,1,1.0,483.0615466157269
59365,STARLINK-31537,1,1.0,483.0499464379527
59366,STARLINK-31451,1,1.0,483.06670293145
59367,STARLINK-31428,1,1.0,483.0813634499864
59368,STARLINK-31419,1,1.0,483.0278750941616
59369,STARLINK-31583,1,1.0,483.0235632528511
59370,STARLINK-31461,1,1.0,483.065268624302
59371,RESURS-P 4,1,1.0,468.6534647472936
59374,STARLINK-31641,1,1.0,462.7217066147459
59375,STARLINK-31430,1,1.0,462.7299605121225
59376,STARLINK-31695,1,1.0,462.7451011433696
59377,STARLINK-31716,1,1.0,475.2003404100715
59378,STARLINK-31710,1,1.0,462.7697680088359
59379,STARLINK-31698,1,1.0,462.70280923658174
59380,STARLINK-31680,1,1.0,462.7148259090991
59381,STARLINK-31713,1,1.0,462.71878788565846
59382,STARLINK-31705,1,1.0,462.74481877904327
59384,STARLINK-31715,1,1.0,462.7318478850239
59385,STARLINK-31717,1,1.0,462.7475235332531
59386,STARLINK-31688,1,1.0,462.7384819367953
59387,STARLINK-31714,1,1.0,462.69080450562615
59388,STARLINK-31643,1,1.0,462.7540892609095
59389,STARLINK-31647,1,1.0,462.730982962792
59390,STARLINK-31649,1,1.0,462.75356911441486
59391,STARLINK-31644,1,1.0,462.7374684000679
59392,STARLINK-31626,1,1.0,462.7258023518525
59393,STARLINK-31443,1,1.0,462.7283525308831
59394,STARLINK-31607,1,1.0,462.75001725955735
59395,YAOGAN-42 01,1,1.0,496.6807021277291
59397,STARLINK-31608,1,1.0,462.725514045047
59398,STARLINK-31534,1,1.0,483.0919336845273
59399,STARLINK-31544,1,1.0,483.0625347591049
59400,STARLINK-31545,1,1.0,483.0580012799919
59401,STARLINK-31507,1,1.0,483.0509854813045
59402,STARLINK-31543,1,1.0,483.0545607516333
59403,STARLINK-31366,1,1.0,483.04848818469145
59404,STARLINK-31374,1,1.0,483.0660172187527
59405,STARLINK-31400,1,1.0,483.0560429630614
59406,STARLINK-31391,1,1.0,483.0635708128457
59407,STARLINK-31387,1,1.0,483.05773478112224
59409,STARLINK-31396,1,1.0,483.05413555173527
59410,STARLINK-31412,1,1.0,483.0554620558614
59411,STARLINK-31483,1,1.0,483.0544230108153
59412,STARLINK-31568,1,1.0,483.0476886909328
59413,STARLINK-31615,1,1.0,472.7708358642767
59414,STARLINK-31457,1,1.0,483.0619538505298
59415,STARLINK-31398,1,1.0,483.0331780693941
59416,STARLINK-31399,1,1.0,483.0530755466434
59417,STARLINK-31401,1,1.0,483.0972787053097
59418,STARLINK-31414,1,1.0,483.0508896617284
59419,STARLINK-31415,1,1.0,483.05391995744594
59420,STARLINK-31466,1,1.0,483.0214253007143
59421,STARLINK-11087 [DTC],1,1.0,359.67277227469367
59422,STARLINK-11090 [DTC],1,1.0,359.7441462470042
59423,STARLINK-11093 [DTC],1,1.0,359.7545139730528
59424,STARLINK-11083 [DTC],1,1.0,359.72460134610446
59425,STARLINK-11085 [DTC],1,1.0,359.72905688424726
59426,STARLINK-11089 [DTC],1,1.0,359.7593816384824
59427,STARLINK-31757,1,1.0,462.7224437280838
59429,STARLINK-31773,1,1.0,474.78567349773584
59430,STARLINK-31772,1,1.0,462.74804070633945
59431,STARLINK-31613,1,1.0,462.7337857873736
59432,STARLINK-31780,1,1.0,462.7353670215944
59433,STARLINK-31740,1,1.0,475.2324708320512
59434,STARLINK-31580,1,1.0,465.2391547436764
59435,STARLINK-31696,1,1.0,462.7520086755194
59436,STARLINK-31700,1,1.0,462.72882214453057
59437,STARLINK-31706,1,1.0,465.2609672814333
59438,STARLINK-31711,1,1.0,462.742024859921
59439,STARLINK-31708,1,1.0,462.7008743283786
59441,STARLINK-31693,1,1.0,460.5169264902325
59442,TSAT-1A,1,1.0,461.6351648230975
59443,HAWK-8A,0,0.0,568.9364958568667
59444,CAPELLA-14 (ACADIA-4),0,0.01,547.8887010885128
59445,HAWK-8B,0,0.0,568.910264627294
59446,HAWK-9A,0,0.0,569.1244740172415
59447,QPS-SAR-7 (TSUKUYOMI-II),0,0.02,537.6469829012804
59448,HAWK-9C,0,0.0,569.1287803065252
59449,HAWK-8C,0,0.0,568.9452097951498
59450,HAWK-9B,0,0.0,569.1228645665042
59451,CENTAURI-6,0,0.0,547.683521598542
59452,KORSAT-1,0,0.0,571.7909174085116
59456,STARLINK-31622,1,1.0,483.0599625926916
59457,STARLINK-31319,1,1.0,483.069715278335
59458,STARLINK-31625,1,1.0,483.0241651136266
59459,STARLINK-31631,1,1.0,483.118868503042
59460,STARLINK-31620,1,1.0,483.03409134397225
59462,STARLINK-31511,1,1.0,483.070173418856
59463,STARLINK-31364,1,1.0,483.0661339995058
59464,STARLINK-31597,1,1.0,482.9897963798494
59465,STARLINK-31621,1,1.0,483.0554201347268
59466,STARLINK-31462,1,1.0,483.06432240121103
59467,STARLINK-31592,1,1.0,483.0473233792554
59468,STARLINK-31267,1,1.0,483.09836567719685
59469,STARLINK-31381,1,1.0,483.0859778164877
59470,STARLINK-31546,1,1.0,483.02925248934025
59471,STARLINK-31575,1,1.0,483.0630378140522
59473,STARLINK-31610,1,1.0,483.0334625319347
59474,STARLINK-31581,1,1.0,483.0689487165864
59475,STARLINK-31566,1,1.0,483.069817087332
59476,STARLINK-31515,1,1.0,483.08067473923165
59477,STARLINK-31531,1,1.0,483.0345524728909
59479,DUMMY SAT 3,0,0.0,36260.42501637302
59481,WSF-M,0,0.01,822.8352646525682
59484,STARLINK-31753,1,1.0,483.0491229888912
59486,STARLINK-31733,1,1.0,483.05770783180014
59487,STARLINK-31657,1,1.0,483.0673107904458
59488,STARLINK-31754,1,1.0,483.0582528070381
59489,STARLINK-31638,1,1.0,483.0709429753306
59490,STARLINK-31670,1,1.0,483.07521895842
59491,STARLINK-31712,1,1.0,483.07713237317694
59492,STARLINK-31684,1,1.0,483.30530841298514
59493,STARLINK-31678,1,1.0,483.0608579099471
59494,STARLINK-31744,1,1.0,483.0663795385408
59495,STARLINK-31719,1,1.0,483.0625886578455
59496,STARLINK-31728,1,1.0,483.0328876181984
59497,STARLINK-31720,1,1.0,483.0768598836703
59498,STARLINK-31731,1,1.0,482.9570060506494
59499,STARLINK-31742,1,1.0,483.0579653475579
59500,STARLINK-31512,1,1.0,483.0591960336688
59501,STARLINK-31458,1,1.0,483.0630557803015
59502,STARLINK-31357,1,1.0,483.0578006572441
59503,STARLINK-31508,1,1.0,483.0772551431837
59504,STARLINK-31535,1,1.0,483.0730120951657
59505,STARLINK-31533,1,1.0,483.0767431024615
59506,STARLINK-31524,1,1.0,483.0765454727334
59510,SUPERVIEW NEO-3 01,1,0.99,497.8695364113555
59511,STARLINK-31635,1,1.0,483.0689666828748
59512,STARLINK-31650,1,1.0,483.0717873916292
59513,STARLINK-31658,1,1.0,483.0664214598419
59515,STARLINK-31669,1,1.0,483.0627952696914
59516,STARLINK-31671,1,1.0,483.0622892204137
59517,STARLINK-31674,1,1.0,483.0709070427265
59519,STARLINK-31679,1,1.0,483.0858939732898
59520,STARLINK-31370,1,1.0,483.0739403549351
59521,STARLINK-31404,1,1.0,483.05854326091867
59522,STARLINK-31453,1,1.0,483.0564771463569
59523,STARLINK-31476,1,1.0,483.0483983539207
59525,STARLINK-31538,1,1.0,483.0639810423263
59526,STARLINK-31564,1,1.0,483.0649631978258
59527,STARLINK-31452,1,1.0,483.0636217172305
59529,STARLINK-31513,1,1.0,483.0792793518895
59530,STARLINK-31392,1,1.0,483.1122178690239
59531,STARLINK-31619,1,1.0,483.0629030671817
59533,STARLINK-31509,1,1.0,483.0609806792245
59534,STARLINK-31734,1,1.0,483.0632384371811
59535,STARLINK-31738,1,1.0,483.06165740754295
59536,STARLINK-31721,1,1.0,483.06152565511456
59537,STARLINK-31737,1,1.0,483.0545038586852
59539,STARLINK-31539,1,1.0,483.0476886909328
59540,STARLINK-31397,1,1.0,483.08184255321976
59541,STARLINK-31481,1,1.0,483.07862357997055
59542,STARLINK-31540,1,1.0,483.070996874234
59543,STARLINK-31574,1,1.0,483.07088308765833
59544,STARLINK-31556,1,1.0,483.0770185863466
59545,STARLINK-31582,1,1.0,483.0536444758791
59546,STARLINK-31519,1,1.0,483.0503416935908
59547,STARLINK-31736,1,1.0,483.0547523910464
59548,STARLINK-31675,1,1.0,483.073730747863
59549,STARLINK-31722,1,1.0,483.0672868354086
59550,STARLINK-31741,1,1.0,483.0784978155116
59551,STARLINK-31699,1,1.0,483.0537612561056
59552,STARLINK-31750,1,1.0,483.0698200817151
59553,STARLINK-31723,1,1.0,483.076677225884
59554,STARLINK-31724,1,1.0,483.0330972221509
59555,STARLINK-31730,1,1.0,483.0660321906453
59556,STARLINK-31718,1,1.0,483.0597529866864
59557,YAOGAN-42 02,1,1.0,496.8827569286941
59564,STARLINK-31747,1,1.0,483.10702254029
59565,STARLINK-31388,1,1.0,483.0653494724929
59566,STARLINK-31332,1,1.0,483.0657507191063
59567,STARLINK-31689,1,1.0,483.0709819023159
59568,STARLINK-31471,1,1.0,483.0618071262197
59569,STARLINK-31470,1,1.0,483.0705417279587
59570,STARLINK-31587,1,1.0,483.23261450677273
59571,STARLINK-31606,1,1.0,483.0171494014376
59572,STARLINK-31666,1,1.0,483.0831121771953
59573,STARLINK-31683,1,1.0,483.0758208305233
59574,STARLINK-31751,1,1.0,483.0624928378629
59575,STARLINK-31510,1,1.0,483.0627293934485
59576,STARLINK-31663,1,1.0,483.0531114790128
59577,STARLINK-31692,1,1.0,449.35026452771854
59578,STARLINK-31685,1,1.0,483.0681192730626
59579,STARLINK-31686,1,1.0,483.0577437642305
59580,STARLINK-31668,1,1.0,483.06204967049325
59581,STARLINK-31690,1,1.0,483.0748925701182
59582,STARLINK-31701,1,1.0,483.0634839759568
59583,STARLINK-31697,1,1.0,483.0291926025784
59584,STARLINK-31662,1,1.0,483.0833337625718
59585,STARLINK-31702,1,1.0,483.07486262623934
59586,STARLINK-31704,1,1.0,372.40206933877926
59587,NEONSAT-1,1,1.0,446.9318728822209
59588,ACS3,1,1.0,906.8472193254264
59598,GSAT0225 (GALILEO 29),0,0.0,23222.216974393777
59600,GSAT0227 (GALILEO 30),0,0.0,23222.19509629175
59601,STARLINK-31770,1,1.0,483.06378341351774
59602,STARLINK-31778,1,1.0,483.06178616560464
59603,STARLINK-31776,1,1.0,483.06119327969736
59604,STARLINK-31765,1,1.0,483.05730658636367
59605,STARLINK-31767,1,1.0,482.8973520714635
59606,STARLINK-31782,1,1.0,483.070838171906
59607,STARLINK-31755,1,1.0,483.0855795613179
59608,STARLINK-31585,1,1.0,483.05238983735217
59609,STARLINK-31667,1,1.0,483.06284018531096
59610,STARLINK-31729,1,1.0,483.0772341824513
59611,STARLINK-31448,1,1.0,483.0275067907842
59612,STARLINK-31748,1,1.0,483.057450316066
59613,STARLINK-31746,1,1.0,483.0418167607595
59614,STARLINK-31762,1,1.0,483.06106452166296
59616,STARLINK-31768,1,1.0,483.0679875203241
59617,STARLINK-31769,1,1.0,483.0681402337259
59618,STARLINK-31784,1,1.0,483.0674185881144
59619,STARLINK-31777,1,1.0,483.07085913259016
59621,STARLINK-31758,1,1.0,483.0560998560404
59622,STARLINK-31774,1,1.0,483.0406459694522
59623,STARLINK-31763,1,1.0,483.0611423753571
59625,LEGION 1,0,0.0,514.9524957150297
59626,LEGION 2,0,0.0,515.0071567556106
59631,STARLINK-31749,1,1.0,483.0161582800765
59632,STARLINK-31781,1,1.0,483.0558782728631
59633,STARLINK-31541,1,1.0,483.0614148633031
59634,STARLINK-31797,1,1.0,483.0603309004237
59635,STARLINK-31798,1,1.0,483.04723354852285
59636,STARLINK-31802,1,1.0,483.05853128343824
59637,STARLINK-31791,1,1.0,483.05480329526654
59638,STARLINK-31727,1,1.0,483.0634061221963
59639,STARLINK-31807,1,1.0,483.0349207772133
59640,STARLINK-31806,1,1.0,483.068415716748
59641,STARLINK-31804,1,1.0,483.0817347549846
59642,STARLINK-31660,1,1.0,483.0526413638836
59643,STARLINK-31800,1,1.0,482.9942638717002
59644,STARLINK-31789,1,1.0,483.0183890522212
59645,STARLINK-31795,1,1.0,483.0723862685964
59646,STARLINK-31796,1,1.0,483.05851032284863
59647,STARLINK-31801,1,1.0,483.0590822475806
59650,STARLINK-31787,1,1.0,483.0557135826739
59651,STARLINK-31277,1,1.0,483.0516652015194
59652,STARLINK-31799,1,1.0,483.0461465968856
59653,STARLINK-31764,1,1.0,483.0347890260673
59654,STARLINK-31589,1,1.0,483.0702003683009
59655,STARLINK-31665,1,1.0,483.0803094231642
59656,STARLINK-31912,1,1.0,483.0512459907941
59657,STARLINK-31904,1,1.0,483.0859448780884
59658,STARLINK-31858,1,1.0,483.10291120066
59659,STARLINK-31881,1,1.0,483.1397637561131
59660,STARLINK-31885,1,1.0,483.054003799668
59661,STARLINK-31880,1,1.0,483.05365944770256
59662,STARLINK-31886,1,1.0,483.2435476670362
59663,STARLINK-31909,1,1.0,483.05039559209126
59664,STARLINK-31910,1,1.0,483.0606093770348
59666,STARLINK-31902,1,1.0,483.0689966266909
59667,STARLINK-31913,1,1.0,483.07118252602686
59668,STARLINK-31866,1,1.0,483.0608698874376
59669,STARLINK-31917,1,1.0,483.08654675254456
59670,STARLINK-31860,1,1.0,483.0575281696565
59671,STARLINK-31854,1,1.0,483.063879233544
59672,STARLINK-31842,1,1.0,483.0663046790769
59673,STARLINK-31871,1,1.0,483.0632084934287
59674,STARLINK-31875,1,1.0,483.06066327573626
59675,STARLINK-31877,1,1.0,483.0591900449263
59676,STARLINK-31884,1,1.0,483.0291327158184
59679,2024-085C,1,1.0,461.6643793209214
59680,2024-085D,1,1.0,455.2978040343087
59682,STARLINK-32108,1,1.0,483.0705237616594
59683,STARLINK-32080,1,1.0,483.0791356210448
59684,STARLINK-32091,1,1.0,483.045448911902
59685,STARLINK-32085,1,1.0,483.0703171492314
59686,STARLINK-32100,1,1.0,483.197749066384
59687,STARLINK-32089,1,1.0,483.0640768623607
59688,STARLINK-32103,1,1.0,483.0586031483199
59689,STARLINK-32105,1,1.0,483.0668616335388
59690,STARLINK-32106,1,1.0,483.0605794333114
59691,STARLINK-32090,1,1.0,483.0995095433928
59693,STARLINK-32088,1,1.0,483.0541834615806
59694,STARLINK-32107,1,1.0,483.08349246562193
59695,STARLINK-32104,1,1.0,483.0652207142657
59696,STARLINK-32094,1,1.0,483.0549260642747
59697,STARLINK-32099,1,1.0,483.093721345781
59698,STARLINK-32096,1,1.0,483.0561327940832
59699,STARLINK-32102,1,1.0,483.0259048213902
59700,STARLINK-32092,1,1.0,483.0643074293275
59701,STARLINK-32093,1,1.0,483.0739493380943
59702,STARLINK-32087,1,1.0,483.0690445367936
59703,STARLINK-32086,1,1.0,483.05373430682266
59704,STARLINK-32098,1,1.0,483.0634749928313
59705,ZHIHUI TIANWANG-1 01A,0,0.02,20182.293894717277
59706,ZHIHUI TIANWANG-1 01B,0,0.02,20182.367260962525
59708,STARLINK-11107 [DTC],1,1.0,359.728847986019
59709,STARLINK-11088 [DTC],1,1.0,359.6926058193967
59710,STARLINK-11092 [DTC],1,1.0,359.7153440376778
59711,STARLINK-11082 [DTC],1,1.0,359.7996367959249
59712,STARLINK-11108 [DTC],1,1.0,359.6412666842507
59713,STARLINK-11100 [DTC],1,1.0,359.74466420311364
59714,STARLINK-11094 [DTC],1,1.0,359.73655719983617
59715,STARLINK-11101 [DTC],1,1.0,359.75834572070744
59716,STARLINK-11099 [DTC],1,1.0,359.68330855887234
59717,STARLINK-11084 [DTC],1,1.0,359.7592414175451
59718,STARLINK-11103 [DTC],1,1.0,359.73806813965075
59719,STARLINK-11096 [DTC],1,1.0,359.749629146565
59720,STARLINK-11095 [DTC],1,1.0,359.7103734341863
59721,STARLINK-31834,1,1.0,470.6955049385442
59722,STARLINK-31843,1,1.0,470.7247357955157
59723,STARLINK-31766,1,1.0,462.7144068256421
59724,STARLINK-31836,1,1.0,470.7233556246438
59725,STARLINK-31820,1,1.0,470.752226082448
59726,STARLINK-31642,1,1.0,470.7334520526792
59727,STARLINK-31827,1,1.0,470.7063822626105
59728,SHIYAN-23 (SY-23),0,0.0,606.9887218567001
59730,STARLINK-31472,1,1.0,473.5337564948986
59731,STARLINK-31817,1,1.0,483.0905682355096
59733,STARLINK-31833,1,1.0,483.0180926139401
59734,STARLINK-31849,1,1.0,483.0375947279599
59735,STARLINK-31661,1,1.0,482.9955484266675
59736,STARLINK-31707,1,1.0,483.4446225687552
59737,STARLINK-31821,1,1.0,483.0616124919407
59738,STARLINK-31819,1,1.0,483.0247639802019
59739,STARLINK-31726,1,1.0,483.0489073949948
59740,STARLINK-31759,1,1.0,483.0615975200744
59741,STARLINK-31818,1,1.0,483.05841450300886
59742,STARLINK-31816,1,1.0,483.0670323131544
59743,STARLINK-31809,1,1.0,483.1158980242626
59744,STARLINK-31779,1,1.0,483.0551775910399
59745,STARLINK-31805,1,1.0,483.0531683719319
59746,STARLINK-31681,1,1.0,483.0532911408664
59747,STARLINK-31636,1,1.0,483.0486558688053
59748,STARLINK-31640,1,1.0,483.05937270154845
59749,STARLINK-31677,1,1.0,483.0601063225313
59750,STARLINK-31783,1,1.0,482.9983930144008
59751,STARLINK-31808,1,1.0,483.0646966982804
59752,STARLINK-31822,1,1.0,483.0547434079481
59754,STARLINK-11118 [DTC],1,1.0,359.74316756777444
59755,STARLINK-11132 [DTC],1,1.0,359.7129231208419
59756,STARLINK-11131 [DTC],1,1.0,359.7385174154779
59757,STARLINK-11114 [DTC],1,1.0,359.7116840472272
59758,STARLINK-11105 [DTC],1,1.0,359.75713238105345
59759,STARLINK-11097 [DTC],1,1.0,359.7639917635852
59760,STARLINK-11098 [DTC],1,1.0,359.66796771989
59761,STARLINK-11117 [DTC],1,1.0,359.7004837633121
59762,STARLINK-11110 [DTC],1,1.0,359.76140482711253
59763,STARLINK-11104 [DTC],1,1.0,359.7668162202881
59764,STARLINK-11111 [DTC],1,1.0,267.78804570118336
59765,STARLINK-11106 [DTC],1,1.0,359.7345368914848
59766,STARLINK-31739,1,1.0,462.7339641220142
59767,STARLINK-31828,1,1.0,470.72645579345135
59768,STARLINK-31826,1,1.0,388.3273734924842
59769,STARLINK-31830,1,1.0,475.235510417534
59770,STARLINK-31829,1,1.0,475.19870120432734
59771,STARLINK-31786,1,1.0,475.2521744524556
59772,STARLINK-31835,1,1.0,470.7240472004578
59773,COSMOS 2576,0,0.0,504.2517822231384
59774,2024-092B,1,1.0,476.9857574744947
59775,2024-092C,1,1.0,474.8181483500312
59776,2024-092D,1,1.0,449.8358098570825
59777,2024-092E,1,1.0,450.0816192712109
59778,2024-092F,1,1.0,447.6591689984971
59779,2024-092G,0,0.0,785.5143655793208
59780,2024-092H,0,0.0,785.5043728727396
59781,2024-092J,0,0.0,785.503065418382
59782,STARLINK-31363,1,1.0,483.0547643685095
59783,STARLINK-31868,1,1.0,483.0578844995844
59784,STARLINK-31848,1,1.0,483.06606512880535
59785,STARLINK-31890,1,1.0,483.056686752112
59786,STARLINK-31862,1,1.0,483.0797674379392
59787,STARLINK-31870,1,1.0,483.0457842797687
59788,STARLINK-31888,1,1.0,483.0589085740903
59789,STARLINK-31863,1,1.0,483.05537222486055
59790,STARLINK-31873,1,1.0,483.0579773250365
59791,STARLINK-31865,1,1.0,483.038615800544
59794,STARLINK-31823,1,1.0,483.0714969363489
59795,STARLINK-31916,1,1.0,483.0698889525111
59797,STARLINK-31907,1,1.0,483.1228900333672
59798,STARLINK-31687,1,1.0,483.0742547655718
59799,STARLINK-31810,1,1.0,483.0676281947026
59800,STARLINK-31812,1,1.0,483.0428468179725
59801,STARLINK-31815,1,1.0,483.0555968023655
59802,STARLINK-31814,1,1.0,483.0585133172172
59803,STARLINK-31794,1,1.0,483.0385109983563
59804,STARLINK-31824,1,1.0,483.04818575444096
59805,2024-094A,0,0.0,516.2284943652958
59806,2024-094B,0,0.0,516.0094537720124
59807,2024-094C,0,0.0,516.1948751089558
59808,2024-094D,0,0.0,515.9314359191021
59809,2024-092K,1,1.0,450.889456126014
59810,2024-095A,0,0.0,530.9657673225911
59835,STARLINK-31947,1,1.0,483.0633492290645
59836,STARLINK-31929,1,1.0,483.0588696472751
59837,STARLINK-31927,1,1.0,483.0706734808191
59838,STARLINK-31855,1,1.0,483.03953805998026
59839,STARLINK-31887,1,1.0,483.06081299435937
59841,STARLINK-31852,1,1.0,483.065118905437
59842,STARLINK-31906,1,1.0,483.041056195505
59843,STARLINK-31857,1,1.0,483.07339238219447
59844,STARLINK-31851,1,1.0,483.067744975524
59845,STARLINK-31903,1,1.0,483.0625856634706
59846,STARLINK-31922,1,1.0,483.0582737676259
59847,STARLINK-31889,1,1.0,483.075680094249
59848,STARLINK-31859,1,1.0,477.03895485656
59849,STARLINK-31895,1,1.0,482.9271774018598
59850,STARLINK-31899,1,1.0,483.071143599037
59851,STARLINK-31896,1,1.0,483.0600644013275
59853,STARLINK-31892,1,1.0,483.066241797128
59854,STARLINK-31891,1,1.0,483.04489196178565
59855,STARLINK-31882,1,1.0,483.0512340133464
59856,STARLINK-31691,1,1.0,483.06910442442495
59857,STARLINK-31569,1,1.0,483.0416460827109
59858,STARLINK-31654,1,1.0,483.0836691350678
59859,STARLINK-31442,1,1.0,483.0620466761193
59860,STARLINK-31651,1,1.0,483.0586630357229
59862,STARLINK-31584,1,1.0,483.1013780588346
59863,STARLINK-31950,1,1.0,483.0322378460478
59864,STARLINK-31931,1,1.0,483.0580941054459
59865,STARLINK-31938,1,1.0,483.05285096934585
59866,STARLINK-31941,1,1.0,483.07369481522255
59867,STARLINK-31952,1,1.0,483.0946376349166
59868,STARLINK-31921,1,1.0,483.0313545154904
59869,STARLINK-31760,1,1.0,483.0497098834703
59870,STARLINK-31945,1,1.0,483.0989855208618
59871,STARLINK-31937,1,1.0,483.0543691122338
59873,STARLINK-31940,1,1.0,483.0651218998137
59874,STARLINK-31933,1,1.0,483.0701015536724
59875,STARLINK-31936,1,1.0,483.0540487151448
59876,STARLINK-31935,1,1.0,483.050182992456
59877,STARLINK-31934,1,1.0,483.0682480314272
59878,STARLINK-31943,1,1.0,396.6819309406592
59879,STARLINK-31926,1,1.0,483.02500053253607
59880,STARLINK-31919,1,1.0,483.0680893292565
59881,PREFIRE-2,0,0.0,501.6670311614471
59885,STARLINK-31974,1,1.0,483.0399393028192
59886,STARLINK-31975,1,1.0,483.052509611889
59887,STARLINK-31976,1,1.0,483.035007613199
59888,STARLINK-31965,1,1.0,483.0431821855218
59889,STARLINK-31969,1,1.0,483.0890740278228
59890,STARLINK-31951,1,1.0,482.9891765608436
59891,STARLINK-31949,1,1.0,483.05556386433
59892,STARLINK-31977,1,1.0,483.0554740333282
59893,STARLINK-31963,1,1.0,483.059983553293
59894,STARLINK-31961,1,1.0,483.0539289405415
59895,STARLINK-31964,1,1.0,483.0583246719125
59896,STARLINK-31905,1,1.0,483.0444697577423
59897,STARLINK-31928,1,1.0,483.0562226251068
59898,STARLINK-31953,1,1.0,483.0401878338589
59899,STARLINK-31942,1,1.0,482.9138112062829
59900,STARLINK-31676,1,1.0,483.0610555385447
59901,STARLINK-31908,1,1.0,483.0527132286125
59902,STARLINK-31914,1,1.0,483.05015005448695
59903,STARLINK-31850,1,1.0,483.02541375058354
59904,STARLINK-31924,1,1.0,483.02220682083953
59905,STARLINK-31898,1,1.0,483.0460358056962
59906,STARLINK-31861,1,1.0,483.4650800644085
59907,STARLINK-31920,1,1.0,363.2045930786444
59908,EARTHCARE,1,1.0,396.3499676407382
59909,TIANQI-25,0,0.0,896.6232534427545
59910,TIANQI-26,0,0.0,896.6805432381952
59911,TIANQI-27,0,0.0,896.6832226590695
59912,TIANQI-28,0,0.0,896.6310801161981
59915,PAKSAT-MM1,0,0.0,35786.337894761695
59917,2024-105A,0,0.0,513.9052239071416
59918,2024-105B,0,0.0,506.44351992444535
59919,2024-105C,0,0.0,533.0122650955509
59920,2024-105D,1,1.0,496.4379893656005
59921,2024-105E,0,0.0,532.8535755893326
59922,STARLINK-31872,1,1.0,483.0517400605832
59923,STARLINK-31972,1,1.0,483.063133634053
59924,STARLINK-31958,1,1.0,483.0599745701784
59925,STARLINK-31959,1,1.0,483.06804740793086
59926,STARLINK-31957,1,1.0,483.0601302775067
59927,STARLINK-31968,1,1.0,483.0688229525722
59928,STARLINK-31970,1,1.0,483.0581180604031
59929,STARLINK-31932,1,1.0,483.0616903456512
59930,STARLINK-31956,1,1.0,483.0575431415018
59931,STARLINK-31960,1,1.0,483.0379001513911
59932,STARLINK-31432,1,1.0,483.0831181659896
59933,STARLINK-31853,1,1.0,483.06027999609887
59934,STARLINK-31971,1,1.0,483.06779288560665
59936,STARLINK-31962,1,1.0,483.0813604555906
59937,STARLINK-31879,1,1.0,483.053937923637
59938,STARLINK-31876,1,1.0,483.0417778341862
59939,STARLINK-31955,1,1.0,483.085381930955
59940,STARLINK-31946,1,1.0,483.0740421640903
59941,STARLINK-31948,1,1.0,483.0524497246197
59942,STARLINK-31900,1,1.0,483.06757130148526
59943,STARLINK-31973,1,1.0,483.0609148030271
59944,STARLINK-31966,1,1.0,483.03085745503085
59945,STARLINK-11145 [DTC],1,1.0,359.7464155250618
59947,STARLINK-11113 [DTC],1,1.0,359.74584033586507
59948,STARLINK-11123 [DTC],1,1.0,359.7430473791228
59949,STARLINK-11138 [DTC],1,1.0,359.75497755985725
59950,STARLINK-11130 [DTC],1,1.0,359.7448473478398
59952,STARLINK-11124 [DTC],1,1.0,359.67878441876746
59954,STARLINK-11133 [DTC],1,1.0,359.7692343238705
59955,STARLINK-11144 [DTC],1,1.0,359.7426982597326
59956,STARLINK-11134 [DTC],1,1.0,359.7262982842976
59957,STARLINK-11142 [DTC],1,1.0,359.6993162351182
59958,STARLINK-31995,1,1.0,462.7195963316926
59959,STARLINK-31989,1,1.0,462.7098325784691
59960,STARLINK-31856,1,1.0,462.7638412829447
59961,STARLINK-31993,1,1.0,462.7479663998565
59962,STARLINK-31980,1,1.0,462.7238555384584
59963,STARLINK-31991,1,1.0,462.7049403121764
59964,STARLINK-31979,1,1.0,462.7054158662322
59965,PREFIRE-1,1,1.0,493.3840877114144
60012,2024-110A,0,0.0,524.3751171451013
60013,2024-110B,1,1.0,496.4269193170176
60014,2024-110C,0,0.0,571.9379548270181
60016,STARLINK-31978,1,1.0,470.7385494662658
60017,STARLINK-31987,1,1.0,470.64996909540514
60018,STARLINK-31984,1,1.0,463.33073989176137
60019,STARLINK-31986,1,1.0,475.29650289083656
60020,STARLINK-31883,1,1.0,475.22457927171854
60021,STARLINK-31967,1,1.0,462.7167727160695
60022,STARLINK-31982,1,1.0,462.7690130490564
60023,STARLINK-31992,1,1.0,465.1911868118723
60024,STARLINK-31990,1,1.0,475.2387440863413
60026,STARLINK-31939,1,1.0,475.2165474004969
60027,STARLINK-32012,1,1.0,475.26755764717655
60028,STARLINK-32008,1,1.0,475.22870867786605
60029,STARLINK-32006,1,1.0,475.2618695575502
60030,STARLINK-32011,1,1.0,462.7302399026749
60031,STARLINK-31878,1,1.0,462.73406815056114
60032,STARLINK-32017,1,1.0,475.2961505536614
60034,STARLINK-32005,1,1.0,475.2252689985608
60035,STARLINK-31981,1,1.0,465.1465009951098
60036,STARLINK-31985,1,1.0,475.29428137585273
60037,STARLINK-31918,1,1.0,475.28536846085353
60038,STARLINK-11129 [DTC],1,1.0,359.6341386312697
60039,STARLINK-11140 [DTC],1,1.0,359.7546370238633
60040,STARLINK-11122 [DTC],1,1.0,359.6924398477049
60041,STARLINK-11149 [DTC],1,1.0,359.75267107320724
60042,STARLINK-11120 [DTC],1,1.0,359.76311037344567
60043,STARLINK-11086 [DTC],1,1.0,359.7510055964831
60044,STARLINK-11148 [DTC],1,1.0,359.75766750956063
60045,STARLINK-11116 [DTC],1,1.0,359.8249600504887
60046,STARLINK-11155 [DTC],1,1.0,359.7465557453333
60047,STARLINK-11163 [DTC],1,1.0,359.74506769385334
60048,STARLINK-11135 [DTC],1,1.0,359.7562824712932
60049,STARLINK-11151 [DTC],1,1.0,359.7481639865082
60050,STARLINK-11137 [DTC],1,1.0,359.7483643013129
60051,STARLINK-31811,1,1.0,470.73504983743805
60052,STARLINK-31775,1,1.0,462.74914638706105
60053,STARLINK-31793,1,1.0,462.7261798257541
60054,STARLINK-31735,1,1.0,462.6857785247212
60055,STARLINK-31788,1,1.0,465.1856296783717
60056,STARLINK-31825,1,1.0,462.7391566374063
60057,STARLINK-31437,1,1.0,462.7485043788465
60059,STARLINK-11181 [DTC],1,1.0,359.7656686949685
60060,STARLINK-11176 [DTC],1,1.0,359.7477547720255
60061,STARLINK-11167 [DTC],1,1.0,359.8011821114569
60062,STARLINK-11166 [DTC],1,1.0,359.71198451537293
60063,STARLINK-11165 [DTC],1,1.0,359.7631618832511
60064,STARLINK-11169 [DTC],1,1.0,359.726464258074
60065,STARLINK-11102 [DTC],1,1.0,359.7594932429074
60066,STARLINK-11141 [DTC],1,1.0,359.7608324963703
60067,STARLINK-11153 [DTC],1,1.0,359.7634079856671
60068,STARLINK-11170 [DTC],1,1.0,359.7092030401081
60069,STARLINK-11171 [DTC],1,1.0,359.7531375213412
60070,STARLINK-11186 [DTC],1,1.0,359.71098867822
60071,STARLINK-11184 [DTC],1,1.0,359.7571237961056
60077,STARLINK-32032,1,1.0,462.729847567015
60079,KINEIS-1B,0,0.0,627.1101214653563
60081,KINEIS-1C,0,0.0,627.1167449180348
60082,KINEIS-1D,0,0.0,640.7478332526816
60083,KINEIS-1E,0,0.0,627.0175083127406
60084,KINEIS-1A,0,0.0,627.0616981938656
60086,ASTRA 1P (SES-24),0,0.0,35787.36618398728
60088,CATCH-1,0,0.0,613.4906154968412
60089,SVOM,0,0.0,617.8692381186138
60091,STARLINK-31441,1,1.0,462.7404049825864
60092,STARLINK-32044,1,1.0,462.7286735326079
60093,STARLINK-31239,1,1.0,462.7261263255132
60094,STARLINK-32007,1,1.0,462.745306229056
60095,STARLINK-32028,1,1.0,462.72123403008936
60096,STARLINK-32016,1,1.0,462.7610116771175
60097,STARLINK-32003,1,1.0,462.7327038907997
60098,STARLINK-32026,1,1.0,462.72076441774425
60099,STARLINK-31732,1,1.0,462.7178873008361
60100,STARLINK-31996,1,1.0,462.752002730992
60101,STARLINK-31999,1,1.0,462.7410440166496
60102,STARLINK-31954,1,1.0,462.7405922344142
60103,STARLINK-32013,1,1.0,462.7468339692887
60104,STARLINK-32009,1,1.0,462.72584990761607
60105,STARLINK-32018,1,1.0,462.7510961907119
60106,STARLINK-32045,1,1.0,462.73111076915393
60107,STARLINK-32035,1,1.0,462.730926490216
60108,STARLINK-32042,1,1.0,462.6838257954214
60109,STARLINK-32040,1,1.0,462.7304420150067
60110,STARLINK-32001,1,1.0,462.77480603316326
60111,STARLINK-32015,1,1.0,462.7251692658174
60112,STARLINK-32024,1,1.0,462.7459006804065
60113,STARLINK-11201 [DTC],1,1.0,359.7596105706425
60114,STARLINK-11198 [DTC],1,1.0,359.7692028455849
60115,STARLINK-11112 [DTC],1,1.0,359.7510943074167
60116,STARLINK-11210 [DTC],1,1.0,359.75062499799424
60117,STARLINK-11203 [DTC],1,1.0,359.7582112231239
60118,STARLINK-11177 [DTC],1,1.0,359.7277004768648
60119,STARLINK-11127 [DTC],1,1.0,359.7763055007608
60120,STARLINK-11164 [DTC],1,1.0,359.72468719455446
60121,STARLINK-11119 [DTC],1,1.0,359.72126756676334
60122,STARLINK-11157 [DTC],1,1.0,359.7751951730934
60123,STARLINK-11162 [DTC],1,1.0,359.7463411224717
60124,STARLINK-11161 [DTC],1,1.0,359.7675802835538
60125,STARLINK-11160 [DTC],1,1.0,359.7722133160014
60126,STARLINK-31846,1,1.0,470.7258864352625
60127,STARLINK-31840,1,1.0,470.7197427400388
60128,STARLINK-31813,1,1.0,470.6980476470444
60129,STARLINK-31845,1,1.0,462.7115980764711
60130,STARLINK-31838,1,1.0,470.7242290372324
60131,STARLINK-31785,1,1.0,470.7314458802257
60132,STARLINK-31792,1,1.0,462.7177654395455
60133,GOES 19,0,0.0,35786.880626300655
60135,STARLINK-32043,1,1.0,462.757560869768
60136,STARLINK-32112,1,1.0,462.8156009965896
60137,STARLINK-32050,1,1.0,462.7299753733223
60138,STARLINK-32025,1,1.0,462.7951989803878
60140,STARLINK-31694,1,1.0,462.68774314418806
60141,STARLINK-32036,1,1.0,462.7396797534129
60142,STARLINK-32031,1,1.0,462.68776989393245
60143,STARLINK-32027,1,1.0,462.6958958842215
60144,STARLINK-32033,1,1.0,462.7369393399895
60145,STARLINK-32029,1,1.0,462.7270209685748
60146,STARLINK-32127,1,1.0,462.737263314968
60147,STARLINK-32019,1,1.0,462.7022564055269
60148,STARLINK-32021,1,1.0,470.71018590818585
60149,STARLINK-32022,1,1.0,462.7594304280765
60150,STARLINK-32014,1,1.0,462.6825299210405
60151,STARLINK-32004,1,1.0,462.75771542779967
60152,STARLINK-32147,1,1.0,462.72726171974864
60153,STARLINK-32131,1,1.0,462.69497450152
60154,STARLINK-32145,1,1.0,462.7246164302451
60155,STARLINK-32137,1,1.0,462.6977683726036
60156,STARLINK-32048,1,1.0,462.7307362668116
60157,STARLINK-32129,1,1.0,462.7411837124882
60179,ZHONGXING-3A,0,0.0,35787.09817235788
60182,ALOS-4 (DAICHI-4),0,0.0,630.9962221688993
60183,STARLINK-11168 [DTC],1,1.0,359.74548835447695
60184,STARLINK-11187 [DTC],1,1.0,359.715650229442
60185,STARLINK-11180 [DTC],1,1.0,359.70144811908904
60186,STARLINK-11197 [DTC],1,1.0,359.7872456867499
60187,STARLINK-11194 [DTC],1,1.0,359.7718441611787
60188,STARLINK-11189 [DTC],1,1.0,359.70959221754583
60189,STARLINK-11183 [DTC],1,1.0,359.74612649963
60190,STARLINK-11179 [DTC],1,1.0,359.7275345030139
60191,STARLINK-11175 [DTC],1,1.0,359.681325490832
60192,STARLINK-11173 [DTC],1,1.0,359.5785999834043
60193,STARLINK-11172 [DTC],1,1.0,359.7218570587765
60194,STARLINK-11152 [DTC],1,1.0,359.75010990238115
60195,STARLINK-11193 [DTC],1,1.0,359.74068939330664
60196,STARLINK-31869,1,1.0,470.7570880345975
60197,STARLINK-32023,1,1.0,462.70927974599545
60198,STARLINK-32046,1,1.0,470.7240561432509
60199,STARLINK-32049,1,1.0,462.7755728836983
60200,STARLINK-32002,1,1.0,470.75884382446566
60201,STARLINK-32020,1,1.0,470.7400548446076
60202,STARLINK-32041,1,1.0,470.7507922404502
60203,2024-125A,1,1.0,349.195550304913
60206,R5-S4,1,1.0,432.738604776986
60207,R5-S2,1,1.0,426.8910168707053
60209,MESAT1,1,1.0,360.3762583941007
60211,TIANHUI 5C,0,0.0,605.5040616153183
60212,TIANHUI 5D,0,0.0,605.5043026066905
60233,TURKSAT 6A,0,0.0,35786.57926236512
60237,GRBBETA,0,0.01,545.4968084578259
60238,ISTSAT-1,0,0.01,529.512098671772
60240,OOV-CUBE (TUBSAT-30),0,0.01,557.7639680471711
60242,CURIUM ONE,0,0.01,526.4917207667977
60243,ROBUSTA-3A (MEDITERRAN*),0,0.0,529.1735569645534
60246,CATSAT,1,1.0,372.0221408367252
60249,GAOFEN-11 05,1,1.0,494.5676813343898
60255,STARLINK-32138,1,1.0,470.7442520226477
60256,STARLINK-32212,1,1.0,462.6454610403353
60257,STARLINK-32166,1,1.0,462.7371384805683
60258,STARLINK-32200,1,1.0,462.74550537024334
60259,STARLINK-32207,1,1.0,462.7145732701274
60260,STARLINK-32125,1,1.0,462.6804612788037
60261,STARLINK-32160,1,1.0,462.6826190866896
60262,STARLINK-32163,1,1.0,470.7345848104351
60263,STARLINK-32148,1,1.0,470.7853179333988
60264,STARLINK-32121,1,1.0,470.7408388340509
60265,STARLINK-32120,1,1.0,477.6995578099895
60266,STARLINK-32205,1,1.0,470.72308734096896
60267,STARLINK-32158,1,1.0,462.68944918402303
60268,STARLINK-32167,1,1.0,462.6907926168369
60269,STARLINK-32144,1,1.0,470.7269387046772
60270,STARLINK-32211,1,1.0,462.7407557082406
60271,STARLINK-32164,1,1.0,462.74808231797215
60272,STARLINK-32128,1,1.0,462.7183777182763
60273,STARLINK-32206,1,1.0,462.7322402209711
60274,STARLINK-32155,1,1.0,470.7263902129207
60275,STARLINK-32152,1,1.0,462.7694113348989
60276,STARLINK-32154,1,1.0,462.7220692269284
60277,STARLINK-32135,1,1.0,462.7625780656963
60278,STARLINK-32156,1,1.0,462.6691016074983
60279,STARLINK-32010,1,1.0,470.68739094197554
60280,STARLINK-32118,1,1.0,462.75520683314426
60281,STARLINK-32038,1,1.0,462.7206009451129
60282,STARLINK-32113,1,1.0,462.7379796267587
60283,STARLINK-32037,1,1.0,470.7185444080778
60284,STARLINK-32123,1,1.0,462.686108438028
60285,STARLINK-32122,1,1.0,470.7290164162932
60286,STARLINK-31656,1,1.0,464.9450624270421
60287,STARLINK-32114,1,1.0,470.7213047456689
60288,STARLINK-31997,1,1.0,462.6700110927886
60289,STARLINK-32000,1,1.0,470.8019966639549
60290,STARLINK-32141,1,1.0,462.7152776870808
60291,STARLINK-32142,1,1.0,462.7129385479384
60292,STARLINK-32149,1,1.0,470.7161745740268
60293,STARLINK-32159,1,1.0,462.71885030243993
60294,STARLINK-32150,1,1.0,470.89416226829417
60295,STARLINK-32126,1,1.0,470.7360097011188
60296,STARLINK-32143,1,1.0,470.73777740125934
60297,STARLINK-32034,1,1.0,470.72825329678017
60298,STARLINK-32124,1,1.0,470.7908536509413
60299,STARLINK-32151,1,1.0,475.66477374245005
60300,STARLINK-32134,1,1.0,462.74462261016106
60301,STARLINK-11147 [DTC],1,1.0,359.70200326767645
60302,STARLINK-11128 [DTC],1,1.0,359.74096983325944
60303,STARLINK-11227 [DTC],1,1.0,359.75708087136445
60304,STARLINK-11224 [DTC],1,1.0,359.7400283563902
60305,STARLINK-11115 [DTC],1,1.0,359.70078995338827
60306,STARLINK-11109 [DTC],1,1.0,359.7489394910481
60307,STARLINK-11223 [DTC],1,1.0,359.736099339455
60308,STARLINK-11192 [DTC],1,1.0,359.754705703388
60309,STARLINK-11213 [DTC],1,1.0,359.7214850492392
60310,STARLINK-11200 [DTC],1,1.0,359.7295605293557
60312,STARLINK-11206 [DTC],1,1.0,359.74559137341566
60313,STARLINK-11205 [DTC],1,1.0,359.7293945553902
60314,STARLINK-32191,1,1.0,462.73321511660015
60315,STARLINK-32194,1,1.0,462.7149447980328
60316,STARLINK-32192,1,1.0,462.6735331220125
60317,STARLINK-32189,1,1.0,462.7079154985941
60318,STARLINK-32190,1,1.0,462.7175068558509
60319,STARLINK-32182,1,1.0,462.7037841217243
60320,STARLINK-32199,1,1.0,462.752460459642
60321,STARLINK-32198,1,1.0,462.6765914953703
60327,HULIANWAN GAOGUI-02 (H*),0,0.0,35786.33060613053
60329,STARLINK-31745,1,1.0,470.7382752192125
60330,STARLINK-32153,1,1.0,462.677723896868
60331,STARLINK-32203,1,1.0,462.6927721009006
60332,STARLINK-32171,1,1.0,470.7573771883699
60333,STARLINK-32133,1,1.0,462.6916486097689
60334,STARLINK-32132,1,1.0,475.2336980120317
60335,STARLINK-32168,1,1.0,475.25451835368585
60336,STARLINK-32079,1,1.0,475.2434109668848
60338,STARLINK-32078,1,1.0,465.2097116633322
60339,STARLINK-32175,1,1.0,465.1776777612431
60340,STARLINK-32176,1,1.0,475.2169713871626
60341,STARLINK-32185,1,1.0,475.2624577741444
60342,STARLINK-32221,1,1.0,465.23656652446425
60343,STARLINK-32083,1,1.0,475.2272127751376
60344,STARLINK-32077,1,1.0,475.2257527032016
60345,STARLINK-32075,1,1.0,475.19138301358726
60346,STARLINK-32082,1,1.0,475.1735071234925
60347,STARLINK-32084,1,1.0,470.7245390540529
60348,STARLINK-32081,1,1.0,470.7316605078177
60349,STARLINK-32181,1,1.0,462.72889942273287
60350,STARLINK-32076,1,1.0,471.5821828398912
60351,STARLINK-32097,1,1.0,462.6939342311016
60352,STRIX-4,1,1.0,463.5765675118182
60355,STARLINK-32285,1,1.0,462.7141333811514
60356,STARLINK-32278,1,1.0,462.7247977365223
60358,STARLINK-32287,1,1.0,465.2630468000416
60359,STARLINK-32290,1,1.0,462.7399472559546
60360,STARLINK-32275,1,1.0,470.7245539587102
60361,STARLINK-32227,1,1.0,475.3606827582316
60362,STARLINK-32256,1,1.0,462.7092321905193
60363,STARLINK-32267,1,1.0,465.2509564593147
60364,STARLINK-32270,1,1.0,470.7422428613345
60365,STARLINK-32188,1,1.0,470.6159458847087
60366,STARLINK-32230,1,1.0,475.21514705063873
60367,STARLINK-32243,1,1.0,470.71413562410817
60368,STARLINK-32271,1,1.0,475.3016535877432
60370,STARLINK-32220,1,1.0,475.2236656078594
60371,STARLINK-32263,1,1.0,475.2142154750081
60372,STARLINK-32268,1,1.0,465.3785056989073
60373,STARLINK-32223,1,1.0,470.746135985336
60374,STARLINK-32180,1,1.0,470.7550967496573
60375,STARLINK-32281,1,1.0,462.7020424064385
60376,STARLINK-32277,1,1.0,475.2263050820629
60377,STARLINK-32269,1,1.0,470.7058218513275
60379,QIANFAN-1,0,0.0,1068.4955955356636
60380,QIANFAN-2,0,0.0,1068.5108450146172
60381,QIANFAN-3,0,0.0,1068.5067993018693
60382,QIANFAN-4,0,0.0,1068.496440685466
60383,QIANFAN-5,0,0.0,1068.476554006731
60384,QIANFAN-6,0,0.0,1068.500677461784
60385,QIANFAN-7,0,0.0,798.8251010433096
60386,QIANFAN-8,0,0.0,1068.5138655230858
60387,QIANFAN-9,0,0.0,1068.5115725820715
60388,QIANFAN-10,0,0.0,1068.510393040986
60389,QIANFAN-11,0,0.0,1068.51144397165
60390,QIANFAN-12,0,0.0,1068.502999790996
60391,QIANFAN-13,0,0.0,1068.502533120265
60392,QIANFAN-14,0,0.0,1068.4916894768694
60393,QIANFAN-15,0,0.0,1068.494309438599
60394,QIANFAN-16,0,0.0,1068.4958270331945
60395,QIANFAN-17,0,0.0,1068.5104812309582
60396,QIANFAN-18,0,0.0,1068.5122193088446
60398,STARLINK-11228 [DTC],1,1.0,359.74493892020746
60399,STARLINK-11182 [DTC],1,1.0,359.7266788793504
60400,STARLINK-11234 [DTC],1,1.0,359.72895386594155
60401,STARLINK-11232 [DTC],1,1.0,359.6678389499266
60402,STARLINK-11139 [DTC],1,1.0,359.73354390762506
60403,STARLINK-11158 [DTC],1,1.0,359.730607882555
60404,STARLINK-11199 [DTC],1,1.0,359.74153071325145
60405,STARLINK-11081 [DTC],1,1.0,359.76204583768777
60406,STARLINK-11150 [DTC],1,1.0,359.72797805384744
60407,STARLINK-11136 [DTC],1,1.0,359.73227048505214
60408,STARLINK-11196 [DTC],1,1.0,359.7249189853828
60409,STARLINK-11174 [DTC],1,1.0,359.74134756875173
60410,STARLINK-11191 [DTC],1,1.0,359.6729811685745
60411,STARLINK-32244,1,1.0,470.74634763312406
60412,STARLINK-32186,1,1.0,462.7342672909299
60413,STARLINK-32178,1,1.0,462.7497675895984
60414,STARLINK-32234,1,1.0,470.7582386879321
60415,STARLINK-32265,1,1.0,462.7340324836296
60416,STARLINK-32197,1,1.0,470.7255227615087
60417,STARLINK-32255,1,1.0,462.8283047764153
60418,STARLINK-32236,1,1.0,462.7264829938085
60419,CAPELLA-13 (ACADIA-3),0,0.0,605.2559329051928
60422,ASBM-1,1,0.99,25797.01003469368
60423,ASBM-2,1,0.99,25797.801324197542
60425,STARLINK-32250,1,1.0,462.7007257179748
60426,STARLINK-32226,1,1.0,462.75926398086176
60427,STARLINK-32254,1,1.0,462.77887509911307
60428,STARLINK-32193,1,1.0,462.7905235397648
60429,STARLINK-32242,1,1.0,462.7671702347234
60430,STARLINK-32196,1,1.0,462.7341573178892
60431,STARLINK-32232,1,1.0,462.77245792627673
60432,STARLINK-32246,1,1.0,462.6988413387453
60433,STARLINK-32183,1,1.0,462.722211894029
60434,STARLINK-32233,1,1.0,462.706337252449
60435,STARLINK-32222,1,1.0,462.74452452572496
60436,STARLINK-32229,1,1.0,462.7419356923374
60437,STARLINK-32241,1,1.0,462.76001596567767
60438,STARLINK-32240,1,1.0,462.7423607245155
60439,STARLINK-32231,1,1.0,462.7400780349845
60440,STARLINK-32195,1,1.0,462.7431513439906
60441,STARLINK-32177,1,1.0,462.7473214196598
60442,STARLINK-32252,1,1.0,462.74204566569097
60443,STARLINK-32237,1,1.0,462.731033490888
60444,STARLINK-32249,1,1.0,462.7399294224515
60445,STARLINK-32228,1,1.0,462.7376229569636
60446,STARLINK-32247,1,1.0,465.2108689129109
60447,STARLINK-32101,1,1.0,462.7491879987101
60452,LEGION 3,0,0.0,518.5370530407963
60453,LEGION 4,0,0.0,518.488251847456
60454,EOS-08,1,1.0,410.4284969643632
60458,YAOGAN-43 01A,1,1.0,454.8849880919661
60459,YAOGAN-43 01B,1,1.0,455.1273664090322
60460,YAOGAN-43 01C,1,1.0,496.68589911548224
60461,YAOGAN-43 01D,1,1.0,474.4041541416482
60462,YAOGAN-43 01E,1,0.99,496.7476678876028
60463,YAOGAN-43 01F,1,1.0,464.9930766158268
60464,YAOGAN-43 01G,1,1.0,474.5411154090443
60465,YAOGAN-43 01H,1,1.0,480.4577852902512
60466,YAOGAN-43 01J,1,1.0,453.23767680151104
60468,TRANSPORTER-11 OBJECT A,1,1.0,464.8440304263759
60469,WARATAH SEED-1,1,1.0,454.5082326323609
60470,PHISAT 2,1,1.0,470.6523269487752
60471,LEMUR-2-TOMATOKECHUP,1,1.0,454.9189348183827
60472,CONNECTA IOT-1,1,1.0,494.087264952871
60473,LOPEN,1,1.0,442.8732505172402
60474,ROCK,1,1.0,442.92440169659767
60475,CONNECTA IOT-3,1,1.0,494.0426200158199
60476,QUBE,1,1.0,417.8355329003116
60478,WREN-1,1,1.0,435.7312607314261
60479,TOMORROW-S1,1,1.0,465.6983346340203
60480,FLOCK 4BE-18,1,1.0,435.9549497072821
60481,FLOCK 4BE-7,1,1.0,439.0728216675998
60485,TOMORROW-S2,1,1.0,465.5175691967188
60486,FLOCK 4BE-36,1,1.0,431.9489353354948
60487,FLOCK 4BE-25,1,1.0,445.816972287922
60488,FLOCK 4BE-31,1,1.0,428.3710760269387
60489,FLOCK 4BE-20,1,1.0,446.0544468641037
60490,FLOCK 4BE-23,1,1.0,449.27874464459546
60492,FLOCK 4BE-17,1,1.0,442.4638484308225
60493,NUSAT-50 (NANCY ROMAN),1,1.0,473.782820471205
60494,FLOCK 4BE-22,1,1.0,437.9194266464201
60495,FLOCK 4BE-34,1,1.0,437.82838108569376
60496,TYCHE,1,1.0,488.3996433230104
60497,FLOCK 4BE-32,1,1.0,434.70863050507614
60498,NUSAT-48 (HENRIETTA LE*),1,1.0,475.7417678572701
60500,NUSAT-49 (KLARA DAN VO*),1,1.0,475.4693148029464
60501,FLOCK 4BE-11,1,1.0,432.4135826194115
60504,YAM-7,1,1.0,468.4364766442432
60505,FLOCK 4BE-24,1,1.0,431.4612508679738
60506,LUR-1,1,1.0,473.651877254134
60507,TANAGER-1,1,1.0,434.4652171145526
60508,EAGLEEYE,1,1.0,320.4015536988136
60509,FLOCK 4BE-29,1,1.0,424.83065119526873
60510,TRANSPORTER-11 OBJECT AU,1,1.0,441.4003398404311
60512,FLOCK 4BE-13,1,1.0,436.6288146433817
60513,FLOCK 4BE-27,1,1.0,460.0614330697008
60514,FLOCK 4BE-9,1,1.0,439.3181055534169
60516,FLOCK 4BE-6,1,1.0,443.350650617308
60517,FLOCK 4BE-14,1,1.0,438.561762409382
60518,FLOCK 4BE-1,1,1.0,433.5540661258001
60519,FLOCK 4BE-28,1,1.0,421.9551697283196
60520,IPERDRONE.0,1,1.0,343.2699925703537
60522,CONNECTA IOT-2,1,1.0,492.6931188781573
60524,CONNECTA IOT-4,1,1.0,434.34764844438905
60525,ORESAT0.5,1,1.0,425.5886357874997
60526,DEIMOS,1,1.0,428.4252871130621
60527,CUAVA-2,1,1.0,454.2573163675679
60528,ERNST,1,1.0,444.7817223231996
60530,TORO,0,0.0,577.4457241838327
60531,HYPSO-2,0,0.0,569.9555168340239
60532,LEMU NGE,0,0.0,581.9403980944171
60533,LEMUR-2-STELLA,0,0.01,527.5866927669886
60534,SATELIOT_2,0,0.0,577.6266744858785
60535,NIGHTJAR,0,0.0,569.0663490323295
60536,LEMUR-2-MARHISYAM,0,0.0,529.5747292472015
60537,SATELIOT_4,0,0.0,576.6993042735812
60538,PICO-02A021,0,0.0,555.5248276862012
60539,ICEYE-X43,0,0.0,567.349646377168
60540,HAWK-10A,0,0.0,577.2565289192298
60541,UMBRA-09,0,0.01,507.29875142136734
60542,QPS-SAR-8 (AMATERU-IV),0,0.0,552.732876543776
60543,ARCTIC WEATHER SATELLITE,0,0.0,598.5927263569447
60544,CAPELLA-15 (ACADIA-5),0,0.0,590.4413571614214
60545,HAWK-10B,0,0.0,577.2616347668818
60546,ICEYE-X39,0,0.0,566.213288378096
60547,UMBRA-10,0,0.01,507.3082853588685
60548,ICEYE-X33,0,0.0,564.1433934586694
60549,ICEYE-X40,0,0.01,572.4686572723822
60550,SATELIOT_1,0,0.01,572.3241742001628
60551,BRO-14,0,0.0,578.4089871611632
60552,SATELIOT_3,0,0.01,572.3225010413416
60553,BRO-15,0,0.0,578.470332927991
60554,UM5-RIBAT,0,0.0,562.8458735100421
60555,UM5-EOSAT,0,0.0,561.1891151911259
60556,KANYINI,1,1.0,396.93299364336144
60559,FLOCK 4BE-5,1,1.0,441.0988261146522
60561,FLOCK 4BE-3,1,1.0,436.86897365346886
60562,HYPERFIELD-1A,1,1.0,471.0553350681994
60563,FLOCK 4BE-19,1,1.0,426.5957063955784
60565,PTD-4 (LISA-T),1,1.0,493.7166617960093
60573,ION SCV-012,0,0.0,582.2718914712523
60574,GNOMES-5,0,0.0,562.0408069433488
60575,HAWK-10C,0,0.0,577.2589796010061
60576,LEMUR-2-AHMED-ASRAR,0,0.0,524.6986280646443
60577,LEMUR-2-LLOYD,0,0.0,535.7581649132362
60578,LEMUR-2-SQUIRRELCOMM,0,0.0,543.295749680703
60579,LEMUR-2-SIERRINI,0,0.0,530.2426892201765
60580,SEDNA-1,0,0.0,543.4296815115549
60583,STARLINK-31844,1,1.0,470.7015174195431
60584,STARLINK-32204,1,1.0,462.79864091825766
60585,STARLINK-32130,1,1.0,475.2764376595151
60586,STARLINK-32173,1,1.0,462.7327217242582
60587,STARLINK-31911,1,1.0,462.7449287525151
60588,STARLINK-31994,1,1.0,462.7508465206547
60589,STARLINK-32169,1,1.0,475.14978823363526
60590,STARLINK-32209,1,1.0,462.7331348660328
60591,STARLINK-32170,1,1.0,475.2234536139995
60592,STARLINK-31497,1,1.0,462.7791188271413
60593,STARLINK-32161,1,1.0,462.6831392196982
60594,STARLINK-32210,1,1.0,462.7543121808676
60595,STARLINK-32202,1,1.0,470.82443485898057
60596,STARLINK-31930,1,1.0,462.7651520572245
60597,STARLINK-32162,1,1.0,475.237782644248
60598,STARLINK-32208,1,1.0,475.1843156484183
60599,STARLINK-32165,1,1.0,475.2302045814113
60600,STARLINK-31923,1,1.0,475.23805137026375
60601,STARLINK-31988,1,1.0,462.7138926311327
60602,STARLINK-31983,1,1.0,462.7320797198954
60603,STARLINK-31874,1,1.0,462.721694725823
60604,STARLINK-32039,1,1.0,462.7331081158427
60606,ZHONGXING-4A,0,0.0,35786.848947791834
60720,STARLINK-11247 [DTC],1,1.0,359.7354611966766
60721,STARLINK-11259 [DTC],1,1.0,359.7001174799025
60722,STARLINK-11188 [DTC],1,1.0,359.65817835867256
60723,STARLINK-11272 [DTC],1,1.0,359.7195219843752
60724,STARLINK-11261 [DTC],1,1.0,359.7233107580769
60725,STARLINK-11263 [DTC],1,1.0,359.7304276004179
60726,STARLINK-11235 [DTC],1,1.0,359.7382770385939
60727,STARLINK-11080 [DTC],1,1.0,359.7186577784323
60728,STARLINK-11249 [DTC],1,1.0,359.8009331438943
60729,STARLINK-11146 [DTC],1,1.0,359.71255397414006
60730,STARLINK-11255 [DTC],1,1.0,359.7249619096119
60731,STARLINK-11254 [DTC],1,1.0,359.7299582945934
60732,STARLINK-11266 [DTC],1,1.0,359.71973946670914
60733,STARLINK-32253,1,1.0,462.6869555129151
60734,STARLINK-32179,1,1.0,462.6479517014768
60737,STARLINK-32289,1,1.0,462.7358871646311
60738,STARLINK-32304,1,1.0,462.727692694124
60739,STARLINK-32235,1,1.0,462.7127156313518
60740,STARLINK-32315,1,1.0,462.7581345178896
60745,2024-153A,1,1.0,409.84217280871417
60746,2024-153B,1,1.0,462.2668861040938
60747,2024-153C,1,1.0,434.4615224254249
60748,2024-153D,1,1.0,478.0568953006477
60749,2024-153E,1,1.0,481.73583559705
60750,2024-153F,1,1.0,484.1215947683904
60903,STARLINK-11242 [DTC],1,1.0,359.7427612156862
60904,STARLINK-11256 [DTC],1,1.0,359.6322786446344
60905,STARLINK-11159 [DTC],1,1.0,359.72830427837926
60906,STARLINK-11264 [DTC],1,1.0,359.72081543219974
60907,STARLINK-11226 [DTC],1,1.0,359.7264070257352
60908,STARLINK-11229 [DTC],1,1.0,359.7234738700563
60909,STARLINK-11265 [DTC],1,1.0,359.7278063567419
60910,STARLINK-11250 [DTC],1,1.0,359.71879799725866
60911,STARLINK-11190 [DTC],1,1.0,359.7430988885444
60912,STARLINK-11225 [DTC],1,1.0,359.7186119926937
60913,STARLINK-11273 [DTC],1,1.0,359.6337723568786
60915,STARLINK-11271 [DTC],1,1.0,359.751028489628
60916,STARLINK-32371,1,1.0,470.7544826710591
60917,STARLINK-32369,1,1.0,470.7053538483751
60918,STARLINK-32317,1,1.0,465.1944770686096
60919,STARLINK-32367,1,1.0,475.1570286836632
60920,STARLINK-32345,1,1.0,465.194706137263
60921,STARLINK-32356,1,1.0,470.7285782187346
60922,STARLINK-32274,1,1.0,462.7259866304448
60923,STARLINK-32373,1,1.0,462.72258936743583
60924,STARLINK-11239 [DTC],1,1.0,359.65627829385085
60925,STARLINK-11245 [DTC],1,1.0,359.7261637883148
60926,STARLINK-11244 [DTC],1,1.0,359.7504847775126
60927,STARLINK-11243 [DTC],1,1.0,359.7331776197216
60928,STARLINK-11238 [DTC],1,1.0,359.73792505819256
60929,STARLINK-11240 [DTC],1,1.0,359.7312259928294
60930,STARLINK-11251 [DTC],1,1.0,359.7448301780205
60931,STARLINK-11204 [DTC],1,1.0,359.71709820217984
60932,STARLINK-11246 [DTC],1,1.0,359.7319070589456
60933,STARLINK-11207 [DTC],1,1.0,359.80237830075475
60934,STARLINK-11237 [DTC],1,1.0,359.7208097089788
60935,STARLINK-11253 [DTC],1,1.0,359.73616229525214
60936,STARLINK-11241 [DTC],1,1.0,359.779811048591
60937,STARLINK-32259,1,1.0,462.7169807718574
60939,STARLINK-32258,1,1.0,462.7279899178693
60940,STARLINK-32251,1,1.0,462.7520978434322
60941,STARLINK-32224,1,1.0,462.7046549797833
60942,STARLINK-32184,1,1.0,462.70913113513416
60943,STARLINK-32288,1,1.0,462.715280659304
60944,STARLINK-32276,1,1.0,462.7245421243979
60945,YAOGAN-43 02A,1,1.0,404.14915568664856
60946,YAOGAN-43 02B,1,1.0,496.9408253773181
60947,YAOGAN-43 02C,1,1.0,496.612359793814
60948,YAOGAN-43 02D,1,0.99,496.9305989816312
60949,YAOGAN-43 02E,1,1.0,496.8406907977069
60950,YAOGAN-43 02F,1,1.0,496.9029626234424
60989,SENTINEL-2C,0,0.0,788.9878305466073
60991,STARLINK-11289 [DTC],1,1.0,359.7489423526895
60992,STARLINK-11282 [DTC],1,1.0,359.7060610066901
60993,STARLINK-11283 [DTC],1,1.0,359.7234738700563
60994,STARLINK-11267 [DTC],1,1.0,359.7382283908919
60995,STARLINK-11269 [DTC],1,1.0,359.750662199348
60996,STARLINK-11281 [DTC],1,1.0,359.7436769387905
60997,STARLINK-11260 [DTC],1,1.0,359.78214617522644
60998,STARLINK-11287 [DTC],1,1.0,359.7577791139138
60999,STARLINK-11270 [DTC],1,1.0,359.70559742829846
61000,STARLINK-11290 [DTC],1,1.0,359.77084544024365
61001,STARLINK-11274 [DTC],1,1.0,359.7438743916264
61002,STARLINK-11288 [DTC],1,1.0,359.75217600871383
61003,STARLINK-32279,1,1.0,462.7418435525024
61004,STARLINK-32336,1,1.0,462.7475592003593
61005,STARLINK-32284,1,1.0,462.6862421866754
61006,STARLINK-32282,1,1.0,462.741900025304
61007,STARLINK-32360,1,1.0,462.7567969965521
61008,STARLINK-32340,1,1.0,462.6759673372653
61010,STARLINK-32347,1,1.0,462.72281822929017
61011,GEESAT-3 01,0,0.0,615.5466823671568
61012,GEESAT-3 02,0,0.0,615.4987130943218
61013,GEESAT-3 03,0,0.0,615.567441456903
61014,GEESAT-3 04,0,0.0,618.7465679020679
61015,GEESAT-3 05,0,0.0,615.5488528140258
61016,GEESAT-3 06,0,0.0,615.4943974077742
61017,GEESAT-3 07,0,0.0,615.5202790629583
61018,GEESAT-3 08,0,0.0,615.5730607921505
61019,GEESAT-3 09,0,0.0,615.5745716382644
61020,GEESAT-3 10,0,0.0,615.5341151673783
61045,SPACEMOBILE-003,0,0.0,503.698745628285
61046,SPACEMOBILE-005,0,0.0,503.8243859629574
61047,SPACEMOBILE-001,0,0.0,503.8277077679904
61048,SPACEMOBILE-002,0,0.05,504.2967983511962
61049,SPACEMOBILE-004,1,0.95,503.9146674724734
61050,STARLINK-11286 [DTC],1,1.0,359.7756616251245
61051,STARLINK-11252 [DTC],1,1.0,359.75254229919847
61053,STARLINK-11230 [DTC],1,1.0,359.6709838003435
61054,STARLINK-11294 [DTC],1,1.0,359.7495347123968
61055,STARLINK-11268 [DTC],1,1.0,359.69314951983506
61056,STARLINK-11156 [DTC],1,1.0,359.7809070697858
61057,STARLINK-11231 [DTC],1,1.0,359.50518450614345
61058,STARLINK-11299 [DTC],1,1.0,359.7340189373208
61059,STARLINK-11154 [DTC],1,1.0,359.7321846363611
61060,STARLINK-11297 [DTC],1,1.0,359.71589632752057
61061,STARLINK-11233 [DTC],1,1.0,359.72236642576445
61062,STARLINK-11236 [DTC],1,1.0,359.7599511072649
61063,STARLINK-32350,1,1.0,470.7004711217032
61064,STARLINK-32378,1,1.0,470.7176143597535
61065,STARLINK-32321,1,1.0,475.2341100579879
61066,STARLINK-32381,1,1.0,475.18676100844914
61068,STARLINK-32385,1,1.0,470.7180346700152
61069,STARLINK-32380,1,1.0,470.7259967297714
61070,STARLINK-32375,1,1.0,475.2347968013855
61072,CHAMRAN-1,0,0.01,531.9244163448666
61180,2024-166B,1,1.0,343.38266127374027
61182,GSAT0232 (GALILEO 32),0,0.0,23222.21894226737
61183,GSAT0226 (GALILEO 31),0,0.0,23222.219752568355
61186,BEIDOU-3 M25,0,0.0,21528.16494882025
61187,BEIDOU-3 M27,0,0.0,21528.158555277823
61189,JILIN-01 KUANFU 02B 1,0,0.01,538.6487008680306
61190,JILIN-01 KUANFU 02B 2,0,0.0,538.7631704004398
61191,JILIN-01 KUANFU 02B 3,0,0.0,538.6231793056113
61192,JILIN-01 KUANFU 02B 4,0,0.0,538.6473137209132
61193,JILIN-01 KUANFU 02B 5,0,0.0,538.5664295806746
61194,JILIN-01 KUANFU 02B 6,0,0.0,538.6971872909771
61195,TIANQI-29,0,0.0,901.7131952346944
61196,TIANQI-30,0,0.0,901.7258169227262
61197,TIANQI-31,0,0.0,901.7083201874448
61198,TIANQI-32,0,0.0,901.7356712525424
61200,STARLINK-11209 [DTC],1,1.0,359.7600798816293
61201,STARLINK-11257 [DTC],1,1.0,359.7208783876422
61202,STARLINK-11309 [DTC],1,1.0,359.7416051157088
61203,STARLINK-11292 [DTC],1,1.0,359.7628556860891
61204,STARLINK-11302 [DTC],1,1.0,359.7552293848221
61205,STARLINK-11277 [DTC],1,1.0,359.7473455576037
61206,STARLINK-11279 [DTC],1,1.0,359.77659739110004
61207,STARLINK-11091 [DTC],1,1.0,359.7358131767551
61208,STARLINK-11291 [DTC],1,1.0,359.743230523738
61209,STARLINK-11304 [DTC],1,1.0,359.7459719711924
61210,STARLINK-11307 [DTC],1,1.0,359.75577023624646
61211,STARLINK-11298 [DTC],1,1.0,359.7387348993452
61212,STARLINK-11310 [DTC],1,1.0,359.7248760611528
61213,STARLINK-32386,1,1.0,462.7279869456306
61214,STARLINK-32392,1,1.0,462.65600326953154
61215,STARLINK-32436,1,1.0,462.7367461439171
61216,STARLINK-32425,1,1.0,470.705988782337
61217,STARLINK-32342,1,1.0,470.6991774092576
61218,STARLINK-32423,1,1.0,470.69774955682806
61219,STARLINK-32248,1,1.0,470.9422272186576
61220,KINEIS-3C,0,0.0,653.8017265801618
61221,KINEIS-3D,0,0.01,653.7996250411952
61222,KINEIS-3E,0,0.0,653.5882469003445
61223,KINEIS-3A,0,0.0,653.7357135334287
61224,KINEIS-3B,0,0.0,653.8030671081096
61227,2024-173A,1,1.0,294.3886643601263
61229,2024-173C,1,1.0,408.670711349132
61230,2024-173D,1,1.0,471.4704158945242
61231,2024-173E,0,0.0,508.3723393590917
61232,XINGSHIDAI 21 (SCA-2),1,1.0,144.36460272409022
61238,2024-174A,0,0.0,508.2472740296553
61239,2024-174B,0,0.0,534.7559705576223
61240,2024-174C,0,0.0,508.3972140901287
61241,2024-174D,1,1.0,474.80720394149466
61242,2024-174E,1,1.0,481.4675717028349
61243,STARLINK-11300 [DTC],1,1.0,359.73088259821543
61244,STARLINK-11276 [DTC],1,1.0,359.91358616066555
61245,STARLINK-11280 [DTC],1,1.0,359.88090442465545
61246,STARLINK-11308 [DTC],1,1.0,359.7454625997425
61247,STARLINK-11305 [DTC],1,1.0,359.7491798688834
61248,STARLINK-11317 [DTC],1,1.0,359.7323906732236
61249,STARLINK-11293 [DTC],1,1.0,359.71888098391355
61251,STARLINK-11319 [DTC],1,1.0,359.735999182506
61252,STARLINK-11318 [DTC],1,1.0,359.6797344589422
61253,STARLINK-11311 [DTC],1,1.0,359.70534846956525
61254,STARLINK-11306 [DTC],1,1.0,359.7204176683117
61255,STARLINK-11313 [DTC],1,1.0,359.8108546621397
61256,STARLINK-32431,1,1.0,462.7407824585043
61257,STARLINK-32432,1,1.0,462.7376675406849
61258,STARLINK-32382,1,1.0,462.7375783732423
61259,STARLINK-32435,1,1.0,462.7328733086415
61260,STARLINK-32474,1,1.0,462.7269942184466
61261,STARLINK-32447,1,1.0,462.7389188574352
61262,STARLINK-32446,1,1.0,462.7319370522801
61503,HULIANWAN GAOGUI-03 (H*),0,0.0,35785.50729141516
61509,STARLINK-32174,1,1.0,462.7309770183101
61510,STARLINK-32139,1,1.0,470.7456828802669
61511,STARLINK-32140,1,1.0,470.7229502182136
61512,STARLINK-32201,1,1.0,462.729907011807
61513,STARLINK-32030,1,1.0,462.7344218476456
61514,STARLINK-31837,1,1.0,462.74821606964906
61515,STARLINK-32136,1,1.0,470.682198235254
61516,STARLINK-32047,1,1.0,470.7246702150269
61517,STARLINK-31756,1,1.0,462.73822929564
61518,STARLINK-32172,1,1.0,470.7246195391963
61519,STARLINK-32338,1,1.0,462.71416013115504
61520,STARLINK-32306,1,1.0,470.7380128959676
61521,STARLINK-32297,1,1.0,462.729143146309
61522,STARLINK-32260,1,1.0,458.37325669937854
61523,STARLINK-32305,1,1.0,462.7097582730221
61524,STARLINK-32296,1,1.0,470.74015023494667
61525,STARLINK-32298,1,1.0,470.7186606641408
61526,STARLINK-32293,1,1.0,462.7197568320362
61527,STARLINK-32313,1,1.0,462.7275589434476
61528,STARLINK-32319,1,1.0,470.7283129154848
61529,STARLINK-32351,1,1.0,474.1591107559425
61530,STARLINK-32261,1,1.0,470.7375031542815
61531,STARLINK-32358,1,1.0,462.7640731205274
61532,STARLINK-11354 [DTC],1,1.0,359.7837887777732
61533,STARLINK-11323 [DTC],1,1.0,359.7463468457481
61534,STARLINK-11338 [DTC],1,1.0,359.75175534704704
61535,STARLINK-11362 [DTC],1,1.0,359.7289366962241
61536,STARLINK-11295 [DTC],1,1.0,359.7432820331651
61538,STARLINK-11325 [DTC],1,1.0,359.7386204341501
61539,STARLINK-11332 [DTC],1,1.0,359.76646995947885
61540,STARLINK-11350 [DTC],1,1.0,359.75493749679754
61541,STARLINK-11357 [DTC],1,1.0,359.7578821333209
61542,STARLINK-11322 [DTC],1,1.0,359.76235489641294
61543,STARLINK-11364 [DTC],1,1.0,359.74594049317966
61544,STARLINK-11349 [DTC],1,1.0,359.744538291121
61545,STARLINK-32406,1,1.0,462.6716665945687
61546,STARLINK-32445,1,1.0,457.2802208576222
61547,STARLINK-32411,1,1.0,462.7321896928552
61548,STARLINK-32424,1,1.0,462.7192366920681
61549,STARLINK-32389,1,1.0,462.7180686066668
61550,STARLINK-32476,1,1.0,462.7255378229284
61551,STARLINK-32366,1,1.0,462.7188711080325
61552,QIANFAN-19,0,0.0,843.9883436825658
61553,QIANFAN-20,0,0.0,862.6280472133021
61554,QIANFAN-21,0,0.0,815.5619554523983
61555,QIANFAN-22,0,0.0,941.219387277717
61556,QIANFAN-23,0,0.0,837.1092637847878
61557,QIANFAN-24,0,0.0,811.4506991807884
61558,QIANFAN-25,0,0.0,872.7266594767798
61559,QIANFAN-26,0,0.0,971.2314166402784
61560,QIANFAN-27,0,0.0,799.8576093903011
61561,QIANFAN-28,0,0.0,796.9398270421016
61562,QIANFAN-29,0,0.0,1068.2736932169437
61563,QIANFAN-30,0,0.0,1072.0166840657848
61564,QIANFAN-31,0,0.0,1042.7777406853947
61565,QIANFAN-32,0,0.0,1069.3233215164828
61566,QIANFAN-33,0,0.0,905.1361621295064
61567,QIANFAN-34,0,0.0,885.1674025041111
61568,QIANFAN-35,0,0.0,797.3525200287286
61569,QIANFAN-36,0,0.01,1051.569102860005
61571,GAOFEN-12 05,0,0.0,626.1894435895147
61574,STARLINK-11356 [DTC],1,1.0,359.7424664673763
61575,STARLINK-11376 [DTC],1,1.0,359.76172819403564
61576,STARLINK-11372 [DTC],1,1.0,359.69204781116514
61577,STARLINK-11375 [DTC],1,1.0,359.78938908701093
61578,STARLINK-11285 [DTC],1,1.0,359.70709404277386
61579,STARLINK-11275 [DTC],1,1.0,359.75123452793014
61580,STARLINK-11342 [DTC],1,1.0,359.72056647206136
61581,STARLINK-11374 [DTC],1,1.0,359.7374185498911
61582,STARLINK-11373 [DTC],1,1.0,359.7841035623478
61583,STARLINK-11368 [DTC],1,1.0,359.7841894126923
61584,STARLINK-11370 [DTC],1,1.0,359.7869337634902
61585,STARLINK-11361 [DTC],1,1.0,359.6015232363243
61586,STARLINK-11360 [DTC],1,1.0,359.77633411746046
61587,STARLINK-32353,1,1.0,462.699215836722
61588,STARLINK-32325,1,1.0,462.7272349696168
61589,STARLINK-32416,1,1.0,462.7040100097957
61590,STARLINK-32413,1,1.0,462.6923232988329
61591,STARLINK-32409,1,1.0,462.6996468066791
61592,STARLINK-32422,1,1.0,462.7081413870064
61593,STARLINK-32397,1,1.0,462.7287835054294
61594,ONEWEB-0015,0,0.01,1217.6963985825787
61595,ONEWEB-0687,0,0.01,1193.7141946254096
61596,ONEWEB-0688,1,0.97,1193.679317482287
61597,ONEWEB-0689,0,0.07,1217.681705999109
61598,ONEWEB-0690,0,0.04,1217.6823624336475
61599,ONEWEB-0691,0,0.05,1217.6733770155397
61600,ONEWEB-0692,1,0.99,1217.6893554009794
61601,ONEWEB-0693,0,0.0,1193.711681496221
61602,ONEWEB-0695,0,0.02,1217.6798139238772
61603,ONEWEB-0697,1,0.99,1217.6929966929365
61604,ONEWEB-0698,1,0.96,1217.6798563990233
61605,ONEWEB-0699,1,1.0,1221.7158980284466
61606,ONEWEB-0700,1,0.99,1221.7157936327249
61607,ONEWEB-0701,0,0.06,1221.7309271832792
61608,ONEWEB-0702,1,1.0,1217.6845248072486
61609,ONEWEB-0704,1,0.99,1221.72345706153
61610,ONEWEB-0705,1,0.98,1221.724767811379
61611,ONEWEB-0706,1,1.0,1221.7104539896643
61612,ONEWEB-0707,1,0.98,1221.7206422378067
61613,ONEWEB-0708,0,0.02,1221.7307106577528
61614,TIANPING 3A-01,0,0.0,563.987684085384
61615,TIANPING 3B-01,0,0.0,563.749580983962
61616,TIANPING 3B-02,0,0.0,563.7565150785395
61617,YAOGAN-43 03A,1,1.0,497.06016222075687
61618,YAOGAN-43 03B,1,1.0,497.529960659952
61619,YAOGAN-43 03C,1,1.0,496.80335606548215
61621,STARLINK-32302,1,1.0,483.0794679986348
61622,STARLINK-32364,1,1.0,483.0669544592938
61623,STARLINK-32331,1,1.0,483.0530935128281
61624,STARLINK-32398,1,1.0,483.067161071468
61625,STARLINK-32365,1,1.0,483.0574353442216
61626,STARLINK-32333,1,1.0,483.0625167928574
61627,STARLINK-32399,1,1.0,483.063480981582
61628,STARLINK-32421,1,1.0,483.1007761811252
61629,STARLINK-32403,1,1.0,483.4056216786767
61630,STARLINK-32390,1,1.0,483.0616065031945
61631,STARLINK-32348,1,1.0,483.06234311914886
61632,STARLINK-32455,1,1.0,483.0662986903199
61633,STARLINK-32396,1,1.0,483.3244532087792
61634,STARLINK-32355,1,1.0,483.04988355638034
61635,STARLINK-32370,1,1.0,483.0627623315686
61636,STARLINK-32405,1,1.0,483.0790607612316
61637,STARLINK-32419,1,1.0,483.016014552536
61638,STARLINK-32320,1,1.0,483.04368224256814
61639,STARLINK-32341,1,1.0,483.0638612672883
61640,STARLINK-32339,1,1.0,483.0484762072556
61641,STARLINK-32327,1,1.0,483.0583037113247
61642,STARLINK-32264,1,1.0,358.7794354709968
61643,STARLINK-32337,1,1.0,483.0457213982909
61661,STARLINK-32238,1,1.0,475.1680073324169
61662,STARLINK-32310,1,1.0,470.7307870928608
61663,STARLINK-32308,1,1.0,462.7395876136543
61664,STARLINK-32301,1,1.0,470.7096046297193
61665,STARLINK-32439,1,1.0,475.2657213334878
61666,STARLINK-32428,1,1.0,470.7683590923598
61667,STARLINK-32414,1,1.0,475.2363524251123
61668,STARLINK-32441,1,1.0,475.23405631285823
61669,STARLINK-32400,1,1.0,462.7456688443645
61670,STARLINK-32449,1,1.0,470.7256867127862
61671,STARLINK-32453,1,1.0,470.71965629318765
61672,STARLINK-32443,1,1.0,470.74518804192303
61673,STARLINK-32417,1,1.0,470.72908497782464
61674,STARLINK-32326,1,1.0,470.7287391892578
61675,STARLINK-32294,1,1.0,470.7224911551221
61676,STARLINK-32309,1,1.0,462.7304004036423
61677,STARLINK-32323,1,1.0,462.7174533557791
61678,STARLINK-32363,1,1.0,462.6202573415303
61679,STARLINK-32395,1,1.0,475.2682473848327
61680,STARLINK-32412,1,1.0,470.7324444948599
61681,STARLINK-32426,1,1.0,475.2691401624006
61682,STARLINK-32429,1,1.0,470.7222765282477
61687,STARLINK-11335 [DTC],1,1.0,359.743313511146
61688,STARLINK-11344 [DTC],1,1.0,359.7283386178051
61689,STARLINK-11312 [DTC],1,1.0,359.7530745651475
61690,STARLINK-11340 [DTC],1,1.0,359.718869537478
61691,STARLINK-11339 [DTC],1,1.0,359.7233937448718
61692,STARLINK-11315 [DTC],1,1.0,359.724352385616
61693,STARLINK-11366 [DTC],1,1.0,359.7178078808038
61694,STARLINK-11348 [DTC],1,1.0,359.75302305553487
61695,STARLINK-11327 [DTC],1,1.0,359.7245240825023
61696,STARLINK-11341 [DTC],1,1.0,359.7318555497359
61697,STARLINK-11346 [DTC],1,1.0,359.7447987000205
61699,STARLINK-11296 [DTC],1,1.0,359.73041615393413
61700,STARLINK-32349,1,1.0,475.2336502385906
61701,STARLINK-32461,1,1.0,462.7219057542179
61702,STARLINK-32299,1,1.0,462.6917496645092
61704,STARLINK-32387,1,1.0,462.8064818947896
61705,STARLINK-32515,1,1.0,462.8088805604084
61706,STARLINK-32533,1,1.0,462.7053534497573
61707,STARLINK-32376,1,1.0,462.6959791059016
61708,STARLINK-32402,1,1.0,462.7477821197836
61709,STARLINK-32314,1,1.0,462.7309205457359
61710,STARLINK-32404,1,1.0,462.7385621875201
61711,STARLINK-32312,1,1.0,462.7835505198327
61712,STARLINK-32343,1,1.0,462.7976808608864
61713,STARLINK-32467,1,1.0,462.73202324729664
61714,STARLINK-32440,1,1.0,462.79136470236426
61715,STARLINK-32459,1,1.0,462.7213261692305
61716,STARLINK-32465,1,1.0,462.72376042700034
61717,STARLINK-32457,1,1.0,462.7247412640745
61718,STARLINK-32591,1,1.0,462.7370909246074
61719,STARLINK-32344,1,1.0,462.7479663998565
61720,STARLINK-32322,1,1.0,462.730278541796
61721,STARLINK-32469,1,1.0,462.7593442321959
61722,STARLINK-32438,1,1.0,462.7217303925927
61723,STARLINK-32540,1,1.0,462.6927186013127
61724,STARLINK-32528,1,1.0,462.7543656816597
61725,STARLINK-32573,1,1.0,462.7057071431318
61726,STARLINK-32478,1,1.0,462.7229252296456
61727,STARLINK-32511,1,1.0,462.7402474532828
61728,STARLINK-32475,1,1.0,462.6808833292471
61729,STARLINK-32442,1,1.0,462.7290658681004
61730,COSMOS 2579,1,1.0,490.17095387665
61733,DSN-3 (KIRAMEKI-3),0,0.0,35786.66981114915
61735,IONOSFERA-M 1,0,0.0,816.0245990422663
61736,IONOSFERA-M 2,0,0.0,816.0137107905593
61737,SITRO-AIS 16,0,0.0,573.6461110860519
61738,SITRO-AIS 15,0,0.0,573.5732532264619
61739,SITRO-AIS 21,0,0.0,581.3345483650819
61740,SITRO-AIS 22,0,0.02,578.9155827949589
61741,SITRO-AIS 24,0,0.01,578.136143203953
61742,SITRO-AIS 23,0,0.02,578.824920106199
61743,SITRO-AIS 13,0,0.0,572.7286102444459
61744,2024-199K,1,1.0,402.69279826780894
61745,POLYTECH UNIVERSE-5,1,1.0,365.8000457460776
61746,COLIBRI-S (RS67S),1,1.0,417.2927614184919
61747,POLYTECH UNIVERSE-4,1,1.0,424.5542078768349
61748,SITRO-AIS 44,1,1.0,334.57969988869445
61749,VIZARD-ION (RS68S),1,1.0,391.32173435428376
61750,2024-199R,1,1.0,390.68553617911766
61751,2024-199S,1,1.0,453.0751007566223
61752,SITRO-AIS 14,0,0.0,573.3967926996547
61753,HORS 3 (RS81S),1,1.0,391.7206438156127
61754,HORS 4 (RS82S),1,1.0,373.64732981592624
61755,SITRO-AIS 43,1,1.0,331.40856302633074
61756,SITRO-AIS 42,1,1.0,338.3321721549792
61758,SITRO-AIS 20,0,0.0,572.5448822628323
61759,SITRO-AIS 19,0,0.0,572.6291141584197
61760,SITRO-AIS 41,1,1.0,338.1178793274876
61761,2024-199AC,1,1.0,384.2847490950408
61763,SIT-HSE,1,1.0,398.5137585668763
61764,SIT-2086,1,1.0,397.1544229843821
61768,2024-199AK,1,1.0,411.2380282546701
61769,KOSAR,1,1.0,395.6428410021508
61771,SITRO-AIS 48,1,1.0,379.048534028886
61772,HYPERVIEW 1G (RS66S),1,1.0,269.85065643323287
61773,SITRO-AIS 47,1,1.0,376.04294869460864
61774,SITRO-AIS 46,1,1.0,369.44577407246106
61775,2024-199AS,1,1.0,428.81713592532105
61776,SITRO-AIS 40,1,1.0,368.1896352617314
61777,2024-199AU,1,1.0,424.434979590319
61778,SITRO-AIS 39,1,1.0,379.3879633392862
61779,ALTAIR (RS65S),1,1.0,452.267360612088
61780,SITRO-AIS 37,1,1.0,375.0865534143432
61781,ASRTU-1 (AO-123),1,1.0,456.8714000545151
61784,SAMSAT-IONOSPHERE (RS7*),1,1.0,380.8003437629477
61785,RTU MIREA 1 (RS51S),1,1.0,366.6308441739757
61786,SITRO-AIS 38,1,1.0,411.6073913275313
61787,2024-199BE,1,1.0,454.0731396801102
61788,SITRO-AIS 45,1,1.0,378.3188538910381
61789,SITRO-AIS 17,0,0.0,572.5134208367917
61790,SITRO-AIS 18,0,0.0,572.6668435014244
61845,STARLINK-32362,1,1.0,483.0701584469425
61846,STARLINK-32472,1,1.0,483.0618071262197
61847,STARLINK-32352,1,1.0,483.05686940856685
61848,STARLINK-32427,1,1.0,483.05032372742335
61849,STARLINK-32346,1,1.0,483.0717215151717
61850,STARLINK-32330,1,1.0,483.02211998525945
61851,STARLINK-32379,1,1.0,483.0645350019395
61852,STARLINK-32433,1,1.0,483.0558303629887
61853,STARLINK-32394,1,1.0,483.083558342365
61854,STARLINK-32486,1,1.0,483.05434216294543
61855,STARLINK-32391,1,1.0,483.0499314661493
61856,STARLINK-32483,1,1.0,483.0349956358205
61857,STARLINK-32451,1,1.0,483.05733653005154
61858,STARLINK-32556,1,1.0,483.10881021137175
61859,STARLINK-32466,1,1.0,483.0607201688117
61860,STARLINK-32316,1,1.0,483.0676611328836
61861,STARLINK-32415,1,1.0,483.0898256231703
61862,STARLINK-32393,1,1.0,483.0733205169254
61863,STARLINK-32324,1,1.0,483.0654812251069
61864,STARLINK-32318,1,1.0,483.06365764973816
61865,STARLINK-32401,1,1.0,483.059067275728
61866,STARLINK-32588,1,1.0,483.05948349327537
61867,STARLINK-32569,1,1.0,483.0692721097976
61869,2024-203A,1,1.0,471.8869522995519
61870,2024-203B,1,1.0,471.1790435541288
61871,2024-203C,1,1.0,487.96617550500014
61872,2024-203D,1,1.0,481.5409939805795
61874,STARLINK-11402 [DTC],1,1.0,359.7293859705296
61875,STARLINK-11316 [DTC],1,1.0,359.7355527687241
61877,STARLINK-11321 [DTC],1,1.0,359.7402315322224
61878,STARLINK-11314 [DTC],1,1.0,359.7457401785541
61879,STARLINK-11324 [DTC],1,1.0,359.7227040960679
61880,STARLINK-11328 [DTC],1,1.0,359.7280438710759
61881,STARLINK-11329 [DTC],1,1.0,359.62671013847194
61882,STARLINK-11398 [DTC],1,1.0,359.7210901468625
61883,STARLINK-11383 [DTC],1,1.0,359.68154583165324
61884,STARLINK-11359 [DTC],1,1.0,359.73583320814305
61885,STARLINK-11301 [DTC],1,1.0,359.72893955784366
61886,STARLINK-11351 [DTC],1,1.0,359.7342564522023
61887,STARLINK-32410,1,1.0,462.7596652375569
61888,STARLINK-32377,1,1.0,462.8225414024519
61889,STARLINK-32292,1,1.0,462.7473778925733
61890,STARLINK-32501,1,1.0,462.7247917920549
61891,STARLINK-32383,1,1.0,462.7233264810111
61892,STARLINK-32239,1,1.0,462.69169022054393
61893,STARLINK-32489,1,1.0,462.73569396863513
61894,2024-205A,0,0.01,528.4688716111168
61895,2024-205B,1,1.0,471.4412874038544
61896,2024-205C,0,0.0,527.0150705423157
61897,2024-205D,0,0.0,510.1988704971072
61898,2024-205E,0,0.0,531.1331423905986
61899,2024-205F,0,0.0,517.643356735698
61900,2024-205G,0,0.0,532.0311461375541
61901,2024-205H,1,1.0,467.10786280864704
61902,2024-205J,0,0.0,527.8343220957895
61903,2024-205K,1,1.0,469.8389819796839
61904,2024-205L,0,0.0,540.5312602755994
61905,2024-205M,1,1.0,474.49213655974654
61906,2024-205N,1,1.0,446.2431592068615
61907,2024-205P,0,0.0,513.2778285731692
61908,2024-205Q,0,0.0,512.3775302804288
61910,KOREASAT 6A,0,0.0,35786.96921430487
61912,STARLINK-32303,1,1.0,483.02045513810754
61913,STARLINK-32434,1,1.0,483.0017735861829
61914,STARLINK-32460,1,1.0,483.0335224187902
61915,STARLINK-32559,1,1.0,352.12468272871683
61916,STARLINK-32541,1,1.0,483.0244585582332
61917,STARLINK-32544,1,1.0,483.03081852861214
61918,STARLINK-32555,1,1.0,483.0309442908874
61919,STARLINK-32547,1,1.0,483.0074657718169
61920,STARLINK-32616,1,1.0,483.0386038231518
61921,STARLINK-32605,1,1.0,483.0261174191419
61922,STARLINK-32579,1,1.0,483.02203913834273
61923,STARLINK-32537,1,1.0,483.0007405500765
61924,STARLINK-32564,1,1.0,483.0841572218988
61925,STARLINK-32536,1,1.0,483.04478416500297
61926,STARLINK-32624,1,1.0,483.0334505545652
61927,STARLINK-32622,1,1.0,483.0381906031171
61928,STARLINK-32620,1,1.0,483.04443083113074
61929,STARLINK-32609,1,1.0,483.0245723428834
61930,STARLINK-32567,1,1.0,483.1053366806873
61931,STARLINK-32420,1,1.0,483.031662932568
61932,STARLINK-32354,1,1.0,483.0334834923342
61933,STARLINK-32361,1,1.0,483.0331840580793
61935,STARLINK-32500,1,1.0,483.041876647796
61936,HAIYANG-4 01,0,0.0,650.5482031924557
61939,STARLINK-11407 [DTC],1,1.0,359.5467263698165
61940,STARLINK-11337 [DTC],1,1.0,359.6517685068084
61941,STARLINK-11353 [DTC],1,1.0,359.7200714134651
61942,STARLINK-11320 [DTC],1,1.0,359.68881708886056
61943,STARLINK-11425 [DTC],1,1.0,359.68712017426697
61944,STARLINK-11422 [DTC],1,1.0,359.70135368660976
61945,STARLINK-11421 [DTC],1,1.0,359.61253425025006
61946,STARLINK-11410 [DTC],1,1.0,359.64027659627754
61947,STARLINK-11390 [DTC],1,1.0,359.6782521674895
61948,STARLINK-11414 [DTC],1,1.0,359.71073399578927
61949,STARLINK-11424 [DTC],1,1.0,359.6854719074872
61950,STARLINK-11423 [DTC],1,1.0,359.60062186893174
61951,STARLINK-11395 [DTC],1,1.0,359.6841727534802
61952,STARLINK-32572,1,1.0,462.6845183156984
61953,STARLINK-32585,1,1.0,462.6717646763937
61954,STARLINK-32574,1,1.0,462.69438303343486
61955,STARLINK-32583,1,1.0,462.697304708694
61956,STARLINK-32273,1,1.0,462.6811537982285
61957,STARLINK-32359,1,1.0,462.67718890397646
61958,STARLINK-32566,1,1.0,462.6458087816709
61959,STARLINK-32499,1,1.0,483.0406040485459
61960,STARLINK-32372,1,1.0,483.10308188251656
61961,STARLINK-32452,1,1.0,483.0553273093619
61962,STARLINK-32458,1,1.0,483.0993598226587
61963,STARLINK-32487,1,1.0,483.02901294230287
61964,STARLINK-32513,1,1.0,483.0106846616063
61965,STARLINK-32514,1,1.0,483.0199251420154
61966,STARLINK-32498,1,1.0,483.0000788083116
61967,STARLINK-32518,1,1.0,483.0293393251459
61968,STARLINK-32471,1,1.0,482.9552484210181
61969,STARLINK-32450,1,1.0,483.0315281872381
61970,STARLINK-32613,1,1.0,483.03857687401705
61971,STARLINK-32610,1,1.0,483.01544263677806
61972,STARLINK-32612,1,1.0,483.00183347234633
61973,STARLINK-32601,1,1.0,483.03388173994426
61974,STARLINK-32593,1,1.0,483.0309023701284
61975,STARLINK-32586,1,1.0,483.0208923101045
61976,STARLINK-32611,1,1.0,483.0254766315966
61977,STARLINK-32607,1,1.0,483.0306688116261
61978,STARLINK-32606,1,1.0,483.0203922572118
61979,STARLINK-32578,1,1.0,483.00587579136936
61980,STARLINK-32517,1,1.0,483.03083948899166
61981,STARLINK-32522,1,1.0,483.0073250390469
61982,STARLINK-32560,1,1.0,483.03794806095175
62006,OPTUS-X (ADS-01),0,0.0,35786.57505732504
62008,STARLINK-11433 [DTC],1,1.0,359.6709838003435
62009,STARLINK-11262 [DTC],1,1.0,359.7231476461084
62010,STARLINK-11326 [DTC],1,1.0,359.5923092727562
62011,STARLINK-11330 [DTC],1,1.0,359.6751674014004
62012,STARLINK-11363 [DTC],1,1.0,359.73018150101143
62013,STARLINK-11377 [DTC],1,1.0,359.6463201447113
62014,STARLINK-11385 [DTC],1,1.0,359.6867682005459
62015,STARLINK-11396 [DTC],1,1.0,359.6439736896382
62016,STARLINK-11393 [DTC],1,1.0,359.582216871172
62017,STARLINK-11343 [DTC],1,1.0,359.67792308745084
62018,STARLINK-11411 [DTC],1,1.0,359.61492073892896
62019,STARLINK-11404 [DTC],1,1.0,359.67771705475207
62020,STARLINK-11378 [DTC],1,1.0,359.6855606162644
62021,STARLINK-32520,1,1.0,462.6794329026416
62022,STARLINK-32539,1,1.0,475.2298641961024
62023,STARLINK-32334,1,1.0,475.2172908701177
62024,STARLINK-32504,1,1.0,462.7676933560852
62025,STARLINK-32493,1,1.0,462.6833561894964
62026,STARLINK-32561,1,1.0,462.7032342626844
62027,STARLINK-32512,1,1.0,465.1937035901783
62028,GSAT-N2 (GSAT-20),0,0.0,35785.91796261126
62032,STARLINK-32637,1,1.0,483.01037624688615
62033,STARLINK-32582,1,1.0,483.0345345068281
62034,STARLINK-32615,1,1.0,483.0018394609615
62035,STARLINK-32592,1,1.0,483.019458026899
62036,STARLINK-32225,1,1.0,482.99721325870905
62037,STARLINK-32595,1,1.0,483.0220091950405
62039,STARLINK-32480,1,1.0,483.0058698027451
62040,STARLINK-32510,1,1.0,483.0151971022997
62041,STARLINK-32456,1,1.0,482.9980336978933
62042,STARLINK-32509,1,1.0,483.05506979385245
62043,STARLINK-32491,1,1.0,483.0083311287936
62044,STARLINK-32577,1,1.0,483.0023215446236
62045,STARLINK-32618,1,1.0,482.9997644061723
62046,STARLINK-32598,1,1.0,483.0110020593156
62047,STARLINK-32630,1,1.0,483.001249582313
62048,STARLINK-32599,1,1.0,483.1268067640249
62049,STARLINK-32473,1,1.0,482.9433253141242
62050,STARLINK-32492,1,1.0,483.02776729804646
62051,STARLINK-32496,1,1.0,483.0176135218335
62052,STARLINK-32495,1,1.0,483.0327319124162
62053,STARLINK-32494,1,1.0,483.039244613763
62054,STARLINK-32408,1,1.0,483.01291542930267
62055,STARLINK-32571,1,1.0,483.02346443990064
62057,STARLINK-11465 [DTC],1,1.0,359.6340699548182
62058,STARLINK-11426 [DTC],1,1.0,359.66811365918875
62059,STARLINK-11454 [DTC],1,1.0,359.7105851925817
62060,STARLINK-11473 [DTC],1,1.0,359.70374025393903
62061,STARLINK-11429 [DTC],1,1.0,359.66467407231903
62062,STARLINK-11470 [DTC],1,1.0,359.6846248818965
62063,STARLINK-11427 [DTC],1,1.0,359.64892700146265
62064,STARLINK-11456 [DTC],1,1.0,359.6766182139545
62065,STARLINK-11474 [DTC],1,1.0,359.6398158907268
62066,STARLINK-11463 [DTC],1,1.0,359.6389145105295
62067,STARLINK-11472 [DTC],1,1.0,359.6741229313093
62068,STARLINK-11467 [DTC],1,1.0,359.63607301873435
62069,STARLINK-11460 [DTC],1,1.0,359.66677445179903
62070,STARLINK-32604,1,1.0,462.6947931972172
62071,STARLINK-32553,1,1.0,462.7270536631777
62072,STARLINK-32603,1,1.0,462.7340414003629
62073,STARLINK-32444,1,1.0,462.7165616880702
62074,STARLINK-32619,1,1.0,462.7140769089228
62075,STARLINK-32580,1,1.0,475.2237193527826
62076,STARLINK-32617,1,1.0,462.69845792420256
62079,SUPERVIEW NEO-2 03,0,0.0,506.6891343143716
62080,SUPERVIEW NEO-2 04,0,0.0,506.68632249200346
62081,KINEIS-5C,0,0.0,653.6032240503991
62082,KINEIS-5D,0,0.0,652.9987314316213
62083,KINEIS-5E,0,0.0,653.6574786800329
62084,KINEIS-5A,0,0.0,653.4908878174892
62085,KINEIS-5B,0,0.0,634.2886864133752
62088,STARLINK-11384 [DTC],1,1.0,356.211832969766
62089,STARLINK-11379 [DTC],1,1.0,356.2171229231599
62090,STARLINK-11387 [DTC],1,1.0,356.5158320946793
62091,STARLINK-11389 [DTC],1,1.0,356.27743941476274
62092,STARLINK-11388 [DTC],1,1.0,356.2553132082621
62093,STARLINK-11345 [DTC],1,1.0,357.289325944721
62094,STARLINK-11381 [DTC],1,1.0,356.16041722162936
62095,STARLINK-11369 [DTC],1,1.0,356.34336755655386
62096,STARLINK-11303 [DTC],1,1.0,356.1234685637155
62097,STARLINK-11367 [DTC],1,1.0,356.3981936312284
62098,STARLINK-11386 [DTC],1,1.0,356.21454796345733
62099,STARLINK-11380 [DTC],1,1.0,356.3994340401332
62100,STARLINK-33566,1,1.0,483.0031359967152
62101,STARLINK-33545,1,1.0,483.029959153223
62102,STARLINK-33562,1,1.0,483.01550252323887
62103,STARLINK-33554,1,1.0,483.0704698627642
62104,STARLINK-33555,1,1.0,483.01221775276827
62107,STARLINK-33559,1,1.0,483.00787000428136
62108,STARLINK-33553,1,1.0,483.0259587194087
62109,STARLINK-33556,1,1.0,483.0465119084074
62110,STARLINK-33551,1,1.0,483.012645940491
62111,GUANGCHUAN 01,0,0.0,521.1539443148431
62112,GUANGCHUAN 02,0,0.0,521.1759379643672
62114,STARLINK-32311,1,1.0,482.9812806179407
62115,STARLINK-32470,1,1.0,483.00982828683846
62116,STARLINK-32502,1,1.0,483.0123255482731
62117,STARLINK-32521,1,1.0,483.0108433604573
62118,STARLINK-32549,1,1.0,483.01279266217534
62119,STARLINK-32535,1,1.0,483.0080137313944
62120,STARLINK-32548,1,1.0,482.8983760860674
62121,STARLINK-32525,1,1.0,483.0145503286594
62122,STARLINK-32628,1,1.0,482.9945064100039
62123,STARLINK-32626,1,1.0,483.0147210050227
62124,STARLINK-32608,1,1.0,483.0050284010358
62125,STARLINK-32488,1,1.0,483.00930428143056
62126,STARLINK-32490,1,1.0,483.030004068306
62127,STARLINK-32557,1,1.0,483.0260605267831
62128,STARLINK-32568,1,1.0,482.96427312752985
62129,STARLINK-32462,1,1.0,483.03379190965006
62130,STARLINK-32463,1,1.0,482.997093486586
62131,STARLINK-32550,1,1.0,482.9264887297986
62132,STARLINK-32507,1,1.0,483.0279918732913
62133,STARLINK-32245,1,1.0,483.0164786727418
62134,STARLINK-32546,1,1.0,483.00725018119465
62135,STARLINK-32545,1,1.0,482.98898492601074
62136,STARLINK-32554,1,1.0,482.9997554232541
62137,STARLINK-32570,1,1.0,482.9621412101087
62138,KONDOR-FKA NO. 2,0,0.0,506.5740452373093
62139,STARLINK-32529,1,1.0,483.0072561698216
62140,STARLINK-32464,1,1.0,483.0064237506285
62141,STARLINK-32482,1,1.0,483.02615335115934
62142,STARLINK-32454,1,1.0,483.0003602731149
62143,STARLINK-32485,1,1.0,483.040008172864
62144,STARLINK-32388,1,1.0,483.0095498153796
62145,STARLINK-32374,1,1.0,483.0100977753737
62146,STARLINK-32384,1,1.0,483.03803489703387
62147,STARLINK-32295,1,1.0,483.0982878224468
62148,STARLINK-32479,1,1.0,483.00294436090553
62149,STARLINK-32468,1,1.0,483.0099270992978
62150,STARLINK-32629,1,1.0,483.0669364930173
62151,STARLINK-32644,1,1.0,483.0115649911932
62152,STARLINK-32623,1,1.0,483.0238926293787
62153,STARLINK-32639,1,1.0,483.0031988772171
62154,STARLINK-32625,1,1.0,483.0163079962704
62155,STARLINK-32635,1,1.0,482.9836550875734
62156,STARLINK-32532,1,1.0,483.1039682305818
62157,STARLINK-32503,1,1.0,482.99506634419686
62158,STARLINK-32508,1,1.0,483.0083970037304
62159,STARLINK-32524,1,1.0,482.94684355348727
62160,STARLINK-32484,1,1.0,483.02349438321926
62161,STARLINK-32497,1,1.0,483.0309263248482
62162,STARLINK-32526,1,1.0,483.04659874475874
62165,STARLINK-32523,0,0.0,572.0360809884296
62166,STARLINK-32551,1,1.0,572.0966523984307
62167,STARLINK-32506,0,0.0,572.0397300174845
62168,STARLINK-32562,0,0.0,572.0545240962128
62169,STARLINK-32558,0,0.0,572.0347419815116
62170,STARLINK-32538,0,0.0,572.0447891877229
62171,STARLINK-32257,0,0.0,572.0434532690142
62172,STARLINK-32407,0,0.0,572.035413031087
62173,STARLINK-32575,0,0.0,572.0327319261478
62174,STARLINK-32552,0,0.0,572.043205876731
62175,STARLINK-32534,0,0.0,572.0514038502315
62176,STARLINK-32516,0,0.0,572.0413875441272
62177,STARLINK-32542,0,0.0,571.9926981108183
62178,STARLINK-32600,0,0.0,572.0910828784154
62179,STARLINK-32584,0,0.0,572.0356820694415
62180,STARLINK-32587,0,0.0,572.0357655641092
62181,STARLINK-32602,0,0.0,572.0538406723645
62182,STARLINK-32565,0,0.0,572.0359201838692
62183,STARLINK-32589,0,0.0,572.0289035477999
62184,STARLINK-32581,0,0.0,572.0370117996235
62185,2024-226A,0,0.02,1035.1272801488522
62186,2024-226B,0,0.0,1103.6773507093776
62188,TJS-13,1,1.0,20176.984353852116
62190,HAISHAO-1,1,1.0,372.7021394934518
62192,STARLINK-32686,1,1.0,483.0660262018882
62193,STARLINK-32688,1,1.0,483.0393524103301
62194,STARLINK-32684,1,1.0,482.99644671721126
62195,STARLINK-32672,1,1.0,483.0311598833714
62196,STARLINK-32682,1,1.0,483.00881620791097
62197,STARLINK-32663,1,1.0,483.0258718837104
62198,STARLINK-32640,1,1.0,483.0095797585464
62199,STARLINK-32653,1,1.0,483.0038606197341
62200,STARLINK-32647,1,1.0,483.012621985933
62201,STARLINK-32667,1,1.0,483.0135592082379
62202,STARLINK-32655,1,1.0,483.0188052636022
62203,STARLINK-32665,1,1.0,483.00027044391936
62204,STARLINK-32664,1,1.0,356.11524099049893
62205,STARLINK-32660,1,1.0,482.98391858496143
62206,STARLINK-32448,1,1.0,483.0201946315419
62207,STARLINK-32430,1,1.0,483.02324884802056
62208,STARLINK-32675,1,1.0,483.0127507416937
62209,STARLINK-32671,1,1.0,483.01324779887454
62210,STARLINK-32670,1,1.0,483.0273720456589
62211,STARLINK-32642,1,1.0,483.017679396994
62212,STARLINK-32668,1,1.0,483.00909168497856
62213,STARLINK-32669,1,1.0,483.0028006340599
62214,STARLINK-32666,1,1.0,482.9864218114035
62215,STARLINK-32662,1,1.0,482.9826100811388
62216,COSMOS 2580,0,0.0,905.331271395843
62218,STARLINK-11394 [DTC],1,1.0,359.65237515285025
62219,STARLINK-11490 [DTC],1,1.0,359.64094333177945
62220,STARLINK-11466 [DTC],1,1.0,359.62378281430665
62221,STARLINK-11468 [DTC],1,1.0,359.6522864451654
62222,STARLINK-11488 [DTC],1,1.0,359.63612166459006
62223,STARLINK-11483 [DTC],1,1.0,359.6626337870066
62224,STARLINK-11492 [DTC],1,1.0,359.71598789890413
62225,STARLINK-11471 [DTC],1,1.0,359.6701854257781
62226,STARLINK-11475 [DTC],1,1.0,359.65107029172395
62227,STARLINK-11469 [DTC],1,1.0,359.64396224352004
62228,STARLINK-11476 [DTC],1,1.0,359.7083216678884
62229,STARLINK-11485 [DTC],1,1.0,359.6749069992302
62230,STARLINK-11481 [DTC],1,1.0,359.6708750611415
62231,STARLINK-32650,1,1.0,470.6847230460753
62232,STARLINK-32636,1,1.0,475.1502032527287
62233,STARLINK-32643,1,1.0,470.6904940509776
62234,STARLINK-32652,1,1.0,470.7125676607284
62235,STARLINK-32631,1,1.0,470.74113990990463
62236,STARLINK-32641,1,1.0,475.219070420706
62238,QIANFAN-37,0,0.0,1068.4906826478682
62239,QIANFAN-38,0,0.0,1068.4958564297076
62240,QIANFAN-39,0,0.0,806.6803825630068
62241,QIANFAN-40,0,0.01,1068.4951950082332
62242,QIANFAN-41,0,0.0,1068.4918732048254
62243,QIANFAN-42,0,0.0,809.7459290695269
62244,QIANFAN-43,0,0.0,1068.4927073298904
62245,QIANFAN-44,0,0.0,1068.527053642778
62246,QIANFAN-45,0,0.0,1068.495566139154
62247,QIANFAN-46,0,0.0,1068.4908773994366
62248,QIANFAN-47,0,0.0,1068.49576824017
62249,QIANFAN-48,0,0.0,1068.5173159616888
62250,QIANFAN-49,0,0.0,1068.5248782788076
62251,QIANFAN-50,0,0.0,1068.4921671695784
62252,QIANFAN-51,0,0.0,1068.4951362152196
62253,QIANFAN-52,0,0.0,1068.524136009707
62254,QIANFAN-53,0,0.0,1068.4990937224902
62255,QIANFAN-54,0,0.0,1068.52749826973
62256,PROBA-3 CSC,1,1.0,30603.155354956984
62258,PROBA-3 OSC,1,1.0,30603.16403915608
62259,SXM-9,0,0.0,35786.19324405542
62261,SENTINEL-1C,0,0.0,695.7646951031502
62262,STARLINK-32632,1,1.0,470.74895895084046
62267,STARLINK-11496 [DTC],1,1.0,356.4353661331106
62268,STARLINK-11501 [DTC],1,1.0,356.4853180261798
62269,STARLINK-11491 [DTC],1,1.0,356.4925377904892
62270,STARLINK-11479 [DTC],1,1.0,356.11269184821776
62271,STARLINK-11489 [DTC],1,1.0,356.060574991634
62272,STARLINK-11494 [DTC],1,1.0,356.2845357295055
62273,STARLINK-11333 [DTC],1,1.0,356.3172138856871
62274,STARLINK-11504 [DTC],1,1.0,356.2400690379145
62275,STARLINK-11495 [DTC],1,1.0,356.4777210029169
62276,STARLINK-11498 [DTC],1,1.0,356.365085785259
62277,STARLINK-11484 [DTC],1,1.0,356.4885391933767
62278,STARLINK-11487 [DTC],1,1.0,356.30753100430775
62279,STARLINK-11499 [DTC],1,1.0,356.47905290988547
62280,STARLINK-33548,1,1.0,483.021128862104
62281,STARLINK-33544,1,1.0,483.0140592598855
62282,STARLINK-33560,1,1.0,482.9474244376979
62283,STARLINK-33547,1,1.0,483.0141341179251
62284,STARLINK-33563,1,1.0,483.0319713496792
62285,STARLINK-33550,1,1.0,482.949753964268
62286,STARLINK-33564,1,1.0,482.9748938138482
62287,STARLINK-33546,1,1.0,483.05854924965934
62288,STARLINK-33565,1,1.0,483.0045523055224
62289,STARLINK-33549,1,1.0,483.0262371925328
62290,GJZ 01,0,0.0,980.8611402819924
62291,GJZ 02,0,0.0,980.9183941605534
62292,GJZ 03,0,0.0,980.9149408450248
62293,GJZ 04,0,0.0,980.9433951442252
62294,GJZ 05,0,0.0,980.9802370207236
62301,STARLINK-32648,1,1.0,462.7012666598839
62302,STARLINK-32594,1,1.0,462.7185411907758
62303,STARLINK-32621,1,1.0,462.7058379205255
62304,STARLINK-32597,1,1.0,462.7000213047668
62305,STARLINK-32649,1,1.0,462.69404420252704
62306,STARLINK-32633,1,1.0,462.7305252377355
62307,STARLINK-32646,1,1.0,462.62275095185487
62308,STARLINK-32706,1,1.0,462.7212221411701
62309,STARLINK-32678,1,1.0,444.4718276673812
62310,STARLINK-32696,1,1.0,462.6674074690373
62311,STARLINK-32700,1,1.0,462.70582305945663
62312,STARLINK-32698,1,1.0,462.66848636762097
62313,STARLINK-32634,1,1.0,462.71161590979045
62314,STARLINK-32651,1,1.0,462.7053237276277
62315,STARLINK-32627,1,1.0,462.71928127548927
62316,STARLINK-32596,1,1.0,462.719501220382
62317,STARLINK-32519,1,1.0,470.7224822123353
62319,STARLINK-32527,1,1.0,470.7093542328794
62320,STARLINK-32481,1,1.0,475.2115401826522
62321,STARLINK-32645,1,1.0,462.7757601379317
62322,STARLINK-32654,1,1.0,462.6971947371376
62323,HULIANWANG DIGUI-01,0,0.0,1167.9129895915585
62324,HULIANWANG DIGUI-02,0,0.0,1167.9135745512458
62325,HULIANWANG DIGUI-03,0,0.0,1167.9181554732268
62326,HULIANWANG DIGUI-04,0,0.0,1167.9172058619615
62327,HULIANWANG DIGUI-05,0,0.0,1167.9146533083658
62328,HULIANWANG DIGUI-06,0,0.01,1167.924119038792
62329,HULIANWANG DIGUI-07,0,0.0,1167.9146039286306
62330,HULIANWANG DIGUI-08,0,0.0,1167.9132858698267
62331,HULIANWANG DIGUI-09,0,0.0,1167.9189531469185
62332,HULIANWANG DIGUI-10,0,0.0,1167.91584222071
62333,PIESAT-2 09,0,0.01,521.2640661267169
62334,PIESAT-2 10,0,0.01,521.1456011043656
62335,PIESAT-2 11,0,0.01,521.8293361714132
62336,PIESAT-2 12,0,0.02,521.4955275339598
62339,NAVSTAR 83 (USA 440),0,0.02,20181.427310835017
62362,O3B MPOWER F7,0,0.0,8065.89322195269
62363,O3B MPOWER F8,0,0.0,8065.902406244507
62365,TIANQI-33,0,0.0,896.4904874297763
62366,TIANQI-34,0,0.0,896.4521810689866
62367,TIANQI-35,0,0.0,896.5369777214637
62368,TIANQI-36,0,0.0,896.5780615744061
62374,TJS-12,0,0.0,35786.94566554949
62377,KORSAT-2,0,0.0,570.4966211776537
62378,TANSTAAFL-2,1,1.0,474.4353648163524
62379,HAWK-11B,1,1.0,472.9746707151317
62380,BANDWAGON-2 OBJECT D,1,1.0,470.72435721726015
62381,HAWK-11C,1,1.0,472.97962014726
62382,HAWK-11A,1,1.0,472.9766307965883
62383,LIZZIESAT-2 (LS-2),1,1.0,474.13782715858815
62384,ICEYE-X49,0,0.03,525.5743076129929
62385,BANDWAGON-2 OBJECT J,1,1.0,399.8551791362279
62386,TOMORROW-S4,1,1.0,476.6027727621731
62387,BANDWAGON-2 OBJECT L,1,1.0,393.1622765324301
62388,GITAI-SC1,0,0.07,500.30797189809255
62389,ICEYE-X47,0,0.04,525.0951496532871
62391,LASARSAT,1,1.0,418.040762041107
62392,TOMORROW-S3,1,1.0,476.710605598214
62394,CROCUBE,1,1.0,410.9651071925182
62395,BANDWAGON-2 OBJECT U,1,1.0,412.6466271355812
62396,BANDWAGON-2 OBJECT V,1,1.0,394.9051361783904
62399,BANDWAGON-2 OBJECT Y,1,1.0,410.0308404447651
62400,XCUBE-1,1,1.0,474.8861204941832
62401,CTC-0,1,1.0,442.38381453227794
62402,DJIBOUTI-1B,1,1.0,382.156317535726
62403,BANDWAGON-2 OBJECT AC,1,1.0,443.5333292953228
62404,BANDWAGON-2 OBJECT AD,1,1.0,398.2089601144362
62405,BANDWAGON-2 OBJECT AE,1,1.0,354.7812633671483
62406,STRIX-2,0,0.0,538.0053592380737
62409,STARLINK-11444 [DTC],1,1.0,356.4708042434095
62410,STARLINK-11493 [DTC],1,1.0,356.16490116393834
62411,STARLINK-11453 [DTC],1,1.0,356.449010850768
62413,STARLINK-11441 [DTC],1,1.0,356.2219470496302
62414,STARLINK-11445 [DTC],1,1.0,355.9075795345143
62415,STARLINK-11355 [DTC],1,1.0,356.2659304494855
62416,STARLINK-11446 [DTC],1,1.0,356.1407296881844
62417,STARLINK-11428 [DTC],1,1.0,356.06786506099434
62418,STARLINK-11447 [DTC],1,1.0,356.2663619990717
62420,STARLINK-11434 [DTC],1,1.0,356.34128405625506
62421,STARLINK-11461 [DTC],1,1.0,356.16067442653093
62422,STARLINK-32692,1,1.0,483.0356903238017
62423,STARLINK-32680,1,1.0,483.03453750117205
62424,STARLINK-32638,1,1.0,483.0394212803594
62425,STARLINK-32283,1,1.0,483.0182183756315
62426,STARLINK-32676,1,1.0,483.0990394203173
62427,STARLINK-32659,1,1.0,483.0582468182984
62428,STARLINK-32614,1,1.0,483.0453021884741
62429,STARLINK-32418,1,1.0,483.0429965356234
62430,RESURS-P 5,1,1.0,468.8234006260891
62432,STARLINK-32702,1,1.0,462.6683763972224
62433,STARLINK-32712,1,1.0,475.2018392839427
62434,STARLINK-32674,1,1.0,462.6467866186558
62435,STARLINK-32711,1,1.0,475.1885136671035
62436,STARLINK-32697,1,1.0,475.1643497684572
62437,STARLINK-32693,1,1.0,462.684931450196
62438,STARLINK-32721,1,1.0,462.6653269495555
62439,STARLINK-32709,1,1.0,462.6986927284506
62440,STARLINK-32689,1,1.0,462.6703915311709
62441,STARLINK-32724,1,1.0,462.6766449946445
62442,STARLINK-32291,1,1.0,475.08578945846966
62443,STARLINK-32736,1,1.0,475.2547154206313
62444,STARLINK-32737,1,1.0,462.76352027709527
62445,STARLINK-32683,1,1.0,462.6765944675526
62446,STARLINK-32726,1,1.0,462.6742048344295
62448,STARLINK-32719,1,1.0,462.676927351934
62449,STARLINK-32723,1,1.0,462.6565442026031
62450,STARLINK-32722,1,1.0,462.6882157230602
62451,STARLINK-32720,1,1.0,462.6646374063039
62452,STARLINK-32656,1,1.0,462.5858225688708
62453,STARLINK-32690,1,1.0,462.6990969484696
62454,ASTRANIS UTILITYSAT,1,0.93,35780.84456208883
62455,NUVIEW ALPHA,0,0.0,35786.84642472732
62456,AGILA,0,0.0,35786.26136429161
62457,NUVIEW BRAVO,0,0.0,35787.28656502509
62459,SDX01,1,1.0,332.4602974583213
62460,SDX02,1,1.0,332.68486495868365
62462,STARLINK-11518 [DTC],1,1.0,356.4943756037346
62463,STARLINK-11455 [DTC],1,1.0,356.4302415219827
62465,STARLINK-11178 [DTC],1,1.0,356.3357394954064
62466,STARLINK-11506 [DTC],1,1.0,356.2718864114713
62467,STARLINK-11486 [DTC],1,1.0,356.32775134661824
62468,STARLINK-11511 [DTC],1,1.0,356.61160952906084
62469,STARLINK-11505 [DTC],1,1.0,356.0883779531605
62470,STARLINK-11497 [DTC],1,1.0,356.1998527355436
62471,STARLINK-11477 [DTC],1,1.0,356.17700413024977
62472,STARLINK-11500 [DTC],1,1.0,356.32549923596343
62473,STARLINK-11464 [DTC],1,1.0,356.4477132562952
62474,STARLINK-11502 [DTC],1,1.0,356.40797972991004
62475,STARLINK-32657,1,1.0,483.06870317732137
62476,STARLINK-32734,1,1.0,483.0383522979064
62477,STARLINK-32733,1,1.0,483.00125257661966
62478,STARLINK-32707,1,1.0,483.05022491351065
62479,STARLINK-32705,1,1.0,483.04352054746687
62480,STARLINK-32743,1,1.0,483.0529557720829
62481,STARLINK-32753,1,1.0,483.01575704071365
62482,STARLINK-32699,1,1.0,483.0479971098457
62483,THURAYA-4,0,0.0,35787.54897260408
62485,SHIJIAN-25 (SJ-25),0,0.0,35784.76110081376
62487,STARLINK-32713,1,1.0,483.0270097310222
62488,STARLINK-32732,1,1.0,483.0152360284974
62489,STARLINK-32328,1,1.0,483.0240962439784
62490,STARLINK-32332,1,1.0,483.0919995614713
62491,STARLINK-32717,1,1.0,483.03920568722606
62492,STARLINK-32757,1,1.0,483.0327169407056
62493,STARLINK-32731,1,1.0,483.1243812650228
62494,STARLINK-32694,1,1.0,483.05039559209126
62495,STARLINK-32708,1,1.0,483.04079568698216
62496,STARLINK-32718,1,1.0,483.0408316191915
62497,STARLINK-32729,1,1.0,483.1111159195152
62498,STARLINK-32739,1,1.0,483.0220271610215
62499,STARLINK-32714,1,1.0,483.0255215466068
62500,STARLINK-32685,1,1.0,483.01255910521377
62501,STARLINK-32691,1,1.0,483.0232069273807
62502,STARLINK-32788,1,1.0,483.0314353626818
62503,STARLINK-32768,1,1.0,483.0372982876024
62504,STARLINK-32792,1,1.0,483.0196915844472
62505,STARLINK-32725,1,1.0,483.0204251948244
62506,STARLINK-32681,1,1.0,483.06201673238047
62507,STARLINK-32679,1,1.0,483.0034474049317
62508,STARLINK-32749,1,1.0,483.0326840029456
62509,STARLINK-32744,1,1.0,483.0328187483319
62510,STARLINK-32701,1,1.0,483.0004291421683
62511,STARLINK-11452 [DTC],1,1.0,356.2244734321039
62512,STARLINK-11443 [DTC],1,1.0,356.2259766879579
62513,STARLINK-11440 [DTC],1,1.0,356.25959153704025
62514,STARLINK-11514 [DTC],1,1.0,356.3139529114169
62515,STARLINK-11508 [DTC],1,1.0,356.2117643804868
62516,STARLINK-11510 [DTC],1,1.0,356.2830295830099
62517,STARLINK-11512 [DTC],1,1.0,356.25951437273307
62518,STARLINK-11450 [DTC],1,1.0,356.3765837419305
62519,STARLINK-11507 [DTC],1,1.0,356.2993886082695
62520,STARLINK-11482 [DTC],1,1.0,356.3973562126366
62521,STARLINK-11528 [DTC],1,1.0,356.37077045121623
62522,STARLINK-11516 [DTC],1,1.0,356.10991408605605
62523,STARLINK-11527 [DTC],1,1.0,356.3952012185491
62524,STARLINK-32748,1,1.0,482.9969138284123
62525,STARLINK-32777,1,1.0,483.00488766839135
62526,STARLINK-32741,1,1.0,483.00147415538777
62527,STARLINK-32754,1,1.0,483.044125406972
62528,STARLINK-32786,1,1.0,483.0174727885433
62529,STARLINK-32789,1,1.0,483.018817240908
62530,STARLINK-32791,1,1.0,482.9438972148537
62531,STARLINK-32785,1,1.0,483.0151551817826
62554,STARLINK-11538 [DTC],1,1.0,356.29515308590817
62555,STARLINK-11534 [DTC],1,1.0,356.3065078447308
62556,STARLINK-11515 [DTC],1,1.0,356.4097917625986
62557,STARLINK-11478 [DTC],1,1.0,356.26222941448304
62558,STARLINK-11358 [DTC],1,1.0,356.4818967907049
62559,STARLINK-11517 [DTC],1,1.0,356.4093887709978
62560,STARLINK-11519 [DTC],1,1.0,356.18312565127235
62561,STARLINK-11451 [DTC],1,1.0,356.1972120613118
62562,STARLINK-11530 [DTC],1,1.0,356.477500923932
62563,STARLINK-11536 [DTC],1,1.0,356.37707247048365
62564,STARLINK-11540 [DTC],1,1.0,356.39507546297773
62565,STARLINK-11523 [DTC],1,1.0,356.2105754999302
62566,STARLINK-11525 [DTC],1,1.0,356.52429812360515
62567,STARLINK-32752,1,1.0,483.0721856447972
62568,STARLINK-32760,1,1.0,483.0433828072
62569,STARLINK-32715,1,1.0,483.02915667052366
62570,STARLINK-32764,1,1.0,483.04983864097176
62571,STARLINK-32773,1,1.0,483.0320701629371
62572,STARLINK-32750,1,1.0,483.09382016126256
62573,STARLINK-32771,1,1.0,483.022578117836
62574,STARLINK-32766,1,1.0,483.037786366187
62576,CENTISPACE-1 S7,0,0.0,961.6936049884098
62577,CENTISPACE-1 S8,0,0.0,961.6850527901388
62578,CENTISPACE-1 S9,0,0.0,961.6970889619416
62579,CENTISPACE-1 S10,0,0.0,961.6916556662644
62580,CENTISPACE-1 S11,0,0.0,961.6883028351996
62581,CENTISPACE-1 S12,0,0.0,961.6995061260686
62582,CENTISPACE-1 S13,0,0.0,961.6857864423082
62583,CENTISPACE-1 S14,0,0.0,961.6950333107316
62584,CENTISPACE-1 S15,0,0.0,961.837238149401
62585,CENTISPACE-1 S16,0,0.0,962.0162852613466
62587,STARLINK-11547 [DTC],1,1.0,356.2579139283516
62588,STARLINK-11185 [DTC],1,1.0,356.2858046657275
62589,STARLINK-11513 [DTC],1,1.0,356.0323922434436
62590,STARLINK-11397 [DTC],1,1.0,356.620430290669
62591,STARLINK-11420 [DTC],1,1.0,356.3614274847032
62592,STARLINK-11415 [DTC],1,1.0,356.2199693853645
62593,STARLINK-11413 [DTC],1,1.0,356.38300295559566
62595,STARLINK-11535 [DTC],1,1.0,356.5250469768707
62597,STARLINK-11521 [DTC],1,1.0,356.3626507283989
62598,STARLINK-11258 [DTC],1,1.0,356.3201804897208
62599,STARLINK-11529 [DTC],1,1.0,356.3904368013982
62600,STARLINK-32747,1,1.0,483.0457423587841
62601,STARLINK-32767,1,1.0,483.01834114300254
62602,STARLINK-32769,1,1.0,483.0139305040648
62603,STARLINK-32778,1,1.0,483.0619149236727
62604,STARLINK-32710,1,1.0,483.0209701626591
62605,STARLINK-32742,1,1.0,483.0249616062001
62606,STARLINK-32783,1,1.0,482.9788582418305
62607,STARLINK-32784,1,1.0,370.9015231988742
62609,BUZZER-1,1,1.0,499.765768264052
62610,EDISON-1,1,1.0,467.5671418677148
62611,BALKAN-1,1,1.0,488.8869971849972
62612,GESAT GEN1,1,1.0,477.6640961832845
62613,FLOCK 4G-8,1,1.0,473.8591439837364
62615,TRANSPORTER-12 OBJECT G,1,1.0,486.6629082495383
62616,INNOCUBE (TUBSAT-31),1,1.0,484.2969706811282
62617,SCOT-1 (SCOT),1,1.0,384.23059252200346
62618,AE1D,1,1.0,346.4084460606409
62619,IRIS-F3,1,1.0,482.38781447335714
62620,TRANSPORTER-12 OBJECT M,1,1.0,344.587473100386
62621,FLOCK 4G-13,1,1.0,408.0408062234728
62622,FLOCK 4G-9,1,1.0,479.1824829971711
62623,OTTER,1,1.0,473.53334470447135
62624,FLOCK 4G-7,1,1.0,475.0112470258509
62625,FLOCK 4G-12,1,1.0,475.180317683541
62626,MBZ-SAT,0,0.0,512.3131824134616
62627,RAY 1.0,0,0.0,502.7752280508476
62628,ION SCV-016,1,1.0,715.1708800359193
62629,FLOCK 4G-11,1,1.0,474.8199306269171
62630,ION SCV-014,0,0.0,550.3739825715147
62631,PELICAN-2,1,1.0,444.0495747474606
62632,SIGI,1,1.0,490.36680520607024
62633,FLOCK 4G-26,1,1.0,474.1498493413528
62634,FLOCK 4G-28,1,1.0,459.0011826254804
62635,GARAI-A,0,0.0,510.4487879090857
62637,FLOCK 4G-24,1,1.0,473.5100846137448
62639,FLOCK 4G-3,1,1.0,474.95667382773263
62640,NUSAT-45 (UZMASAT-1),1,1.0,475.3410350910908
62641,FLOCK 4G-27,1,1.0,475.1415893801132
62642,FLOCK 4G-29,1,1.0,473.2849478807357
62644,ANSER LEADER-S,1,1.0,406.629629783175
62645,FLOCK 4G-22,1,1.0,475.20084501094425
62646,FLOCK 4G-25,1,1.0,474.5187631781282
62647,FLOCK 4G-23,1,1.0,456.1720934170198
62648,LIME,1,1.0,470.271466045132
62649,AE1C,1,1.0,420.55068329057485
62650,FLOCK 4G-34,1,1.0,475.4018447788176
62651,FLOCK 4G-21,1,1.0,462.5792483287223
62652,FLOCK 4G-31,1,1.0,475.8188238640114
62653,PAUSAT-1,1,1.0,494.0387628475446
62654,BRO-16,1,1.0,492.9470110060611
62655,TRANSPORTER-12 OBJECT AY,1,1.0,434.7301711544351
62656,TRANSPORTER-12 OBJECT AZ,1,1.0,463.3177186541234
62657,TRANSPORTER-12 OBJECT BA,1,1.0,476.50894826160857
62658,TROLL,1,1.0,472.8448699024884
62659,FLOCK 4G-4,1,1.0,464.7132669712682
62660,FLOCK 4G-6,1,1.0,474.7407771554699
62661,FLOCK 4G-2,1,1.0,473.57823619333067
62663,FLOCK 4G-5,1,1.0,472.0900265066121
62664,LYRA-1,0,0.0,506.7586636515671
62665,JAY-D2,1,1.0,497.8138657769268
62666,FLOCK 4G-1,1,1.0,473.919055326628
62667,FLOCK 4G-14,1,1.0,475.3088466641402
62668,JAY-C,1,1.0,497.8204888736009
62669,JAY-D1,1,1.0,497.808332492933
62670,FLOCK 4G-10,1,1.0,474.9734108066332
62671,SKYBEE-A01,0,0.0,502.1292226453006
62672,TRANSPORTER-12 OBJECT BR,1,1.0,495.87777266812463
62673,LEO EXPRESS 2,0,0.02,500.1610177974262
62674,TRANSPORTER-12 OBJECT BT,1,1.0,472.3259697220847
62675,FLOCK 4G-36,1,1.0,475.0282888708025
62676,FOSSASAT-2E19 (TAT-E),0,0.0,501.6572755635516
62677,ELEVATION-1,1,1.0,432.5396160751079
62678,FLOCK 4G-15,1,1.0,474.6545569848877
62679,FLOCK 4G-30,1,1.0,458.89788855445113
62680,FLOCK 4G-18,1,1.0,464.4137291160614
62681,FLOCK 4G-17,1,1.0,474.242745462986
62682,FOREST-3,1,1.0,489.63040340503176
62684,IRIS-F2,1,1.0,481.8627386414246
62685,FLOCK 4G-33,1,1.0,487.6601633630644
62686,FOSSASAT-2E18 (TAT-A),0,0.0,501.9706205833463
62688,BLUEBON,1,1.0,471.3938547541056
62691,TRANSPORTER-12 OBJECT CL,1,1.0,416.769287812228
62694,LEMUR-2-WILSON,0,0.0,581.2633567006051
62695,CONNECTA IOT-8,0,0.0,587.7052674475963
62696,LEMUR-2-STAR-FOX,0,0.0,557.1949702885104
62697,IRIDE-MS2-HEO-1,0,0.0,583.7207189094534
62698,ICEYE-X42,0,0.0,592.1635830780842
62699,LEMUR-2-ARIANNA,0,0.0,557.1701477778515
62700,ICEYE-X41,0,0.0,576.0506278608118
62701,FIREFLY-1,0,0.0,589.2347310413224
62702,NORSAT 4,0,0.0,581.7219007730264
62703,CONNECTA IOT-5,0,0.0,584.6907537108564
62704,FIREFLY-2,0,0.0,589.2624551950585
62705,ICEYE-X45,0,0.0,564.3174632970085
62706,LEMUR-2-ALISIA,0,0.0,556.2094596691959
62707,ICEYE-X44,0,0.0,578.3973919961545
62708,CENTAURI-7,0,0.0,572.7899236542307
62709,CONNECTA IOT-6,0,0.0,584.5248813471699
62710,FIREFLY-3,0,0.0,589.6076082142154
62711,LEMUR-2-ROUNDTRIPPER,0,0.0,552.9178532809365
62712,LEMUR-2-MYNAMEISJEFF,0,0.0,552.8813649114709
62713,SATGUS,0,0.0,561.276284135125
62714,CENTAURI-8,0,0.0,572.8732287890853
62715,CONNECTA IOT-7,0,0.0,584.6481547247131
62725,PRSC-EO1,0,0.0,512.7285283079918
62726,2025-012B,0,0.0,500.8862616161923
62727,2025-012C,1,1.0,480.2917332938414
62729,2025-013A,1,1.0,451.7242958972629
62730,2025-013B,0,0.0,531.2811195217655
62731,2025-013C,0,0.0,531.3937424915348
62732,2025-013D,0,0.0,531.2247000586785
62733,2025-013E,0,0.0,532.0189324754765
62735,STARLINK-32806,1,1.0,483.09589828157823
62736,STARLINK-32329,1,1.0,483.00968156531326
62737,STARLINK-32774,1,1.0,483.0151881193314
62738,STARLINK-32802,1,1.0,483.0207186390289
62739,STARLINK-32796,1,1.0,483.0927062415085
62740,STARLINK-32805,1,1.0,483.0085018047703
62741,STARLINK-32770,1,1.0,482.9988571316271
62742,STARLINK-32775,1,1.0,483.0177093402481
62743,STARLINK-32800,1,1.0,483.03787020791606
62744,STARLINK-32758,1,1.0,483.0201916372144
62745,STARLINK-32746,1,1.0,483.0194640155551
62746,STARLINK-32780,1,1.0,483.0138676233155
62747,STARLINK-32765,1,1.0,482.99721325870905
62748,STARLINK-32762,1,1.0,483.0357831485017
62749,STARLINK-32761,1,1.0,483.03174078542816
62750,STARLINK-32763,1,1.0,483.0027048161646
62751,STARLINK-32759,1,1.0,483.0403974383698
62752,STARLINK-32756,1,1.0,483.0252221132196
62753,STARLINK-32751,1,1.0,483.0844057569448
62754,STARLINK-32740,1,1.0,483.0007136013137
62755,STARLINK-32745,1,1.0,483.09810216882033
62756,USA 485,1,1.0,340.6978188034309
62757,USA 486,1,1.0,340.6944687292489
62758,STARLINK-33596,1,1.0,470.703356639222
62759,STARLINK-33589,1,1.0,470.68847598641423
62760,STARLINK-33575,1,1.0,462.77972220272113
62761,STARLINK-33584,1,1.0,462.65227321198745
62762,STARLINK-33577,1,1.0,470.7013892405839
62763,STARLINK-33597,1,1.0,470.6781233683878
62764,STARLINK-33579,1,1.0,470.6844845750602
62765,STARLINK-33592,1,1.0,462.6568681680637
62766,STARLINK-33595,1,1.0,462.6391690102928
62767,STARLINK-33572,1,1.0,462.6605536494062
62768,STARLINK-33601,1,1.0,462.6693304648807
62769,STARLINK-33569,1,1.0,462.6657668306853
62770,STARLINK-33594,1,1.0,470.6547861532508
62771,STARLINK-33598,1,1.0,462.6958275235593
62772,STARLINK-33600,1,1.0,470.7036129973303
62773,STARLINK-33567,1,1.0,462.6547817122792
62774,STARLINK-33574,1,1.0,462.6966894624738
62775,STARLINK-33576,1,1.0,462.6838941557835
62776,STARLINK-33570,1,1.0,462.6434548411844
62777,STARLINK-33591,1,1.0,462.691467305689
62778,STARLINK-33573,1,1.0,462.6641886088519
62779,STARLINK-33568,1,1.0,462.7017332966743
62780,STARLINK-33593,1,1.0,462.4833500309196
62781,STARLINK-33588,1,1.0,462.624162710792
62782,STARLINK-33585,1,1.0,470.69573744872105
62783,STARLINK-33582,1,1.0,415.0532972169485
62784,STARLINK-33581,1,1.0,470.6881689545644
62785,QIANFAN-55,0,0.0,1068.4916012874528
62786,QIANFAN-56,0,0.0,1068.4889592807694
62787,QIANFAN-57,0,0.0,1068.4925419746824
62788,QIANFAN-58,0,0.0,1068.517643000274
62789,QIANFAN-59,0,0.0,1068.5022318053443
62790,QIANFAN-60,0,0.0,1068.491134618508
62791,QIANFAN-61,0,0.0,1068.4914947252482
62792,QIANFAN-62,0,0.0,1068.5189621787476
62793,QIANFAN-63,0,0.0,1068.507052847739
62794,QIANFAN-64,0,0.0,1068.4918842285024
62795,QIANFAN-65,0,0.0,1068.5053184474418
62796,QIANFAN-66,0,0.0,1068.4840611021164
62797,QIANFAN-67,0,0.0,1068.4852296091212
62798,QIANFAN-68,0,0.0,1068.5116607720763
62799,QIANFAN-69,0,0.0,1068.502136266473
62800,QIANFAN-70,0,0.0,1068.5073798851963
62801,QIANFAN-71,0,0.0,1068.493361401689
62802,QIANFAN-72,0,0.0,1068.51665086086
62804,TJS-14,0,0.0,35787.75755589969
62806,STARLINK-32883,1,1.0,462.6580808097642
62807,STARLINK-32886,1,1.0,462.69133950117975
62808,STARLINK-32848,1,1.0,470.6913674530888
62809,STARLINK-32787,1,1.0,462.6483410532446
62810,STARLINK-32851,1,1.0,475.2185061000091
62811,STARLINK-32847,1,1.0,475.2065717894893
62812,STARLINK-32837,1,1.0,462.67267713474666
62813,STARLINK-32855,1,1.0,462.6561994320609
62814,STARLINK-32843,1,1.0,470.6677141529635
62815,STARLINK-32845,1,1.0,461.0512611748554
62816,STARLINK-32854,1,1.0,462.6811300207346
62817,STARLINK-32824,1,1.0,475.1965335129898
62818,STARLINK-32853,1,1.0,462.6650683708149
62819,STARLINK-32856,1,1.0,462.6778576451079
62820,STARLINK-32844,1,1.0,470.707142395122
62821,STARLINK-32782,1,1.0,462.65970658269
62822,STARLINK-32842,1,1.0,462.6481805570893
62824,STARLINK-32852,1,1.0,475.183655789735
62825,STARLINK-32825,1,1.0,475.186596790064
62826,STARLINK-32704,1,1.0,416.89100965909256
62828,STARLINK-32727,1,1.0,462.67380953462543
62829,STARLINK-11548 [DTC],1,1.0,356.460440570052
62830,STARLINK-11480 [DTC],1,1.0,356.018563886616
62831,STARLINK-11559 [DTC],1,1.0,356.2199522379915
62832,STARLINK-11549 [DTC],1,1.0,356.4656566996173
62833,STARLINK-11554 [DTC],1,1.0,356.15052056722106
62834,STARLINK-11520 [DTC],1,1.0,356.2378713009357
62835,STARLINK-11546 [DTC],1,1.0,355.4979417554059
62836,STARLINK-11533 [DTC],1,1.0,356.31399292334754
62837,STARLINK-11557 [DTC],1,1.0,356.4259629221651
62838,STARLINK-11556 [DTC],1,1.0,356.3448508725651
62839,STARLINK-11524 [DTC],1,1.0,356.4760032440417
62840,STARLINK-11551 [DTC],1,1.0,356.3926918244215
62841,STARLINK-11531 [DTC],1,1.0,356.47670921136705
62842,STARLINK-32755,1,1.0,483.0343698179204
62843,STARLINK-32797,1,1.0,483.0460298169846
62844,STARLINK-32794,1,1.0,483.0351842795217
62845,STARLINK-32807,1,1.0,483.0162211608768
62846,STARLINK-32804,1,1.0,483.031237736217
62847,STARLINK-32799,1,1.0,483.0243327962553
62848,STARLINK-32781,1,1.0,483.0192963332238
62849,STARLINK-32809,1,1.0,483.0360616226217
62852,SPAINSAT NG I,0,0.0,35786.948468971015
62854,STARLINK-32868,1,1.0,462.66766307582657
62855,STARLINK-32867,1,1.0,462.65894570895216
62856,STARLINK-32860,1,1.0,462.8027724383455
62857,STARLINK-32873,1,1.0,462.6643074955855
62858,STARLINK-32866,1,1.0,462.6625984992597
62859,STARLINK-32869,1,1.0,462.6667684521708
62860,STARLINK-32831,1,1.0,462.68205437096185
62861,STARLINK-32859,1,1.0,462.6743772208292
62862,STARLINK-32864,1,1.0,462.6789187147051
62863,STARLINK-32808,1,1.0,462.673839256413
62864,STARLINK-32862,1,1.0,462.7016144083127
62865,STARLINK-32841,1,1.0,462.6604674566406
62866,STARLINK-32695,1,1.0,462.663644702101
62867,STARLINK-32846,1,1.0,462.6742642780154
62868,STARLINK-32822,1,1.0,462.6839268498725
62869,STARLINK-32813,1,1.0,462.7029845969928
62870,STARLINK-32861,1,1.0,462.6837098800279
62871,STARLINK-32814,1,1.0,462.7307273500883
62872,STARLINK-32849,1,1.0,462.7002709701874
62873,STARLINK-32833,1,1.0,462.6695325727133
62874,STARLINK-32793,1,1.0,462.7924941790534
62875,STARLINK-32834,1,1.0,462.6932030698436
62876,QZS-6 (MICHIBIKI-6),0,0.0,35786.36340499556
62879,STARLINK-11371 [DTC],1,1.0,356.18236831948707
62880,STARLINK-11352 [DTC],1,1.0,356.33753718939806
62881,STARLINK-11382 [DTC],1,1.0,356.44044216579186
62882,STARLINK-11432 [DTC],1,1.0,356.2190834379708
62883,STARLINK-11419 [DTC],1,1.0,356.16737033612026
62884,STARLINK-11437 [DTC],1,1.0,356.40253506489535
62885,STARLINK-11442 [DTC],1,1.0,356.49986618545245
62886,STARLINK-11365 [DTC],1,1.0,356.27338969378525
62887,STARLINK-11436 [DTC],1,1.0,356.0417369265033
62888,STARLINK-11438 [DTC],1,1.0,356.4520862093259
62889,STARLINK-11391 [DTC],1,1.0,355.916149382203
62890,STARLINK-11431 [DTC],1,1.0,356.3575491199281
62891,STARLINK-11435 [DTC],1,1.0,356.42096122759085
62892,STARLINK-32878,1,1.0,483.0262731245493
62893,STARLINK-32892,1,1.0,483.0181105798947
62894,STARLINK-32909,1,1.0,483.04820671495145
62895,STARLINK-32901,1,1.0,482.9950843100014
62896,STARLINK-32890,1,1.0,483.0364598706056
62897,STARLINK-32893,1,1.0,483.03545676489193
62898,STARLINK-32902,1,1.0,483.0311898267746
62899,STARLINK-32661,1,1.0,483.0155923529328
62900,LEGION 5,0,0.01,518.3783742176483
62901,LEGION 6,0,0.0,518.4289660348923
62902,COSMOS 2581,0,0.0,582.049491801662
62903,COSMOS 2582,0,0.0,582.0517667017202
62904,COSMOS 2583,0,0.0,582.0434709291694
62907,STARLINK-11552 [DTC],1,1.0,356.4693494396415
62908,STARLINK-11561 [DTC],1,1.0,356.49468714607247
62909,STARLINK-11567 [DTC],1,1.0,356.47515436859703
62910,STARLINK-11569 [DTC],1,1.0,356.4150278008101
62911,STARLINK-11537 [DTC],1,1.0,355.93131742220794
62912,STARLINK-11565 [DTC],1,1.0,356.4265659842531
62913,STARLINK-11564 [DTC],1,1.0,356.40816550607724
62914,STARLINK-11566 [DTC],1,1.0,356.4271347490949
62915,STARLINK-11555 [DTC],1,1.0,356.46364455857747
62916,STARLINK-11430 [DTC],1,1.0,356.4838432073475
62917,STARLINK-11560 [DTC],1,1.0,356.3234157494844
62918,STARLINK-11562 [DTC],1,1.0,355.9779193876584
62919,STARLINK-11457 [DTC],1,1.0,356.46692000484563
62920,STARLINK-32921,1,1.0,482.07048021877927
62921,STARLINK-32917,1,1.0,483.0286416444369
62922,STARLINK-32916,1,1.0,483.03115389469167
62923,STARLINK-32905,1,1.0,483.0193622084244
62924,STARLINK-32871,1,1.0,483.01422095325415
62925,STARLINK-32920,1,1.0,482.9982732422268
62926,STARLINK-32922,1,1.0,483.00912761677137
62927,STARLINK-32891,1,1.0,483.0077232828608
62929,KINEIS-2C,0,0.0,649.9571432997991
62930,KINEIS-2D,0,0.0,642.5186250118022
62931,KINEIS-2E,0,0.0,638.3623565737307
62932,KINEIS-2A,0,0.0,649.9158411715061
62934,KINEIS-2B,0,0.0,649.9134754355155
62948,STARLINK-32728,1,1.0,462.70271709806457
62949,STARLINK-32857,1,1.0,462.7004314693968
62950,STARLINK-32850,1,1.0,470.7060722478445
62951,STARLINK-32875,1,1.0,462.7007762455096
62952,STARLINK-32865,1,1.0,470.77046664520185
62953,STARLINK-32884,1,1.0,462.7000777767034
62954,STARLINK-32874,1,1.0,462.70364740000696
62955,STARLINK-32880,1,1.0,470.73041447564265
62956,STARLINK-32815,1,1.0,462.70219398912377
62957,STARLINK-32879,1,1.0,470.6736162805655
62958,STARLINK-32885,1,1.0,462.6539465359783
62959,STARLINK-32896,1,1.0,462.7238941774895
62960,STARLINK-32877,1,1.0,462.699667612128
62961,STARLINK-32889,1,1.0,462.7051721447688
62962,STARLINK-32858,1,1.0,465.1550269724048
62963,STARLINK-32882,1,1.0,462.7190524139305
62964,STARLINK-32887,1,1.0,462.7065482796588
62965,STARLINK-32836,1,1.0,462.7203720834432
62966,STARLINK-32888,1,1.0,462.6942076735732
62967,STARLINK-32897,1,1.0,462.7153222704383
62968,STARLINK-32863,1,1.0,470.7008198876047
62969,STARLINK-32894,1,1.0,462.71312579788446
62970,STARLINK-32826,1,1.0,462.7196171372934
62971,HULIANWANG DIGUI-11,0,0.0,1149.3086594669758
62972,HULIANWANG DIGUI-12,0,0.0,1149.317157162368
62973,HULIANWANG DIGUI-13,0,0.0,1149.3094182562163
62974,HULIANWANG DIGUI-14,0,0.0,1149.308742518525
62975,HULIANWANG DIGUI-15,0,0.0,1149.308731193314
62976,HULIANWANG DIGUI-16,0,0.0,1149.304684320501
62977,HULIANWANG DIGUI-17,0,0.0,1149.3040387843885
62978,HULIANWANG DIGUI-18,0,0.0,1149.313608588298
62979,HULIANWANG DIGUI-19,0,0.0,1149.3293582489578
62981,STARLINK-11543 [DTC],1,1.0,356.40079734735536
62982,STARLINK-11458 [DTC],1,1.0,356.37901023719587
62983,STARLINK-11417 [DTC],1,1.0,356.42205302527145
62984,STARLINK-11544 [DTC],1,1.0,356.30129202332046
62985,STARLINK-11582 [DTC],1,1.0,356.3175082595453
62986,STARLINK-11571 [DTC],1,1.0,356.4021806618857
62987,STARLINK-11539 [DTC],1,1.0,356.31392718946336
62988,STARLINK-11542 [DTC],1,1.0,356.33257281319493
62989,STARLINK-11573 [DTC],1,1.0,356.43931034686466
62990,STARLINK-11572 [DTC],1,1.0,356.29687358744195
62991,STARLINK-11583 [DTC],1,1.0,356.4328567015691
62992,STARLINK-11570 [DTC],1,1.0,356.5406328899908
62993,STARLINK-11576 [DTC],1,1.0,356.61664587742143
62994,STARLINK-32899,1,1.0,483.02541375058354
62995,STARLINK-32819,1,1.0,483.0031150365485
62996,STARLINK-32703,1,1.0,482.9982822251395
62997,STARLINK-32881,1,1.0,483.0183920465479
62998,STARLINK-32898,1,1.0,483.01577800097857
62999,STARLINK-32658,1,1.0,483.0207725369482
63000,STARLINK-32673,1,1.0,482.9559430888139
63001,STARLINK-32437,1,1.0,483.0517161056832
63003,FOSSASAT-2E20 (TAT-O),1,1.0,472.99372861376287
63005,STARLINK-11448 [DTC],1,1.0,356.32890026673795
63006,STARLINK-11553 [DTC],1,1.0,356.3296919358618
63007,STARLINK-11526 [DTC],1,1.0,356.3234414715289
63008,STARLINK-11405 [DTC],1,1.0,356.4402535292711
63009,STARLINK-11586 [DTC],1,1.0,356.28967435330105
63010,STARLINK-11574 [DTC],1,1.0,356.2938098379673
63011,STARLINK-11580 [DTC],1,1.0,356.3476145868472
63012,STARLINK-11449 [DTC],1,1.0,356.43203927904324
63013,STARLINK-11577 [DTC],1,1.0,356.3911341720677
63014,STARLINK-11578 [DTC],1,1.0,356.3131755368895
63015,STARLINK-11541 [DTC],1,1.0,356.3327728742352
63016,STARLINK-11545 [DTC],1,1.0,355.8663623485527
63017,STARLINK-11400 [DTC],1,1.0,356.4805991803905
63018,STARLINK-32870,1,1.0,483.00902581002447
63019,STARLINK-32872,1,1.0,483.0625167928574
63020,STARLINK-32677,1,1.0,483.0323785800956
63021,STARLINK-32929,1,1.0,483.0828097431295
63022,STARLINK-32944,1,1.0,483.0900472090889
63023,STARLINK-32943,1,1.0,483.0417868172408
63024,STARLINK-32803,1,1.0,483.0324115178519
63025,STARLINK-32926,1,1.0,483.01143922980646
63027,GLOBAL-31,1,1.0,449.561948447792
63029,STARLINK-32798,1,1.0,462.6970550435444
63030,STARLINK-32779,1,1.0,462.6954797758672
63031,STARLINK-32716,1,1.0,462.7597544057189
63032,STARLINK-32776,1,1.0,462.7384908535423
63033,STARLINK-32772,1,1.0,470.689745846661
63034,STARLINK-32830,1,1.0,470.6882792475553
63035,STARLINK-32801,1,1.0,462.6981339538179
63036,STARLINK-32818,1,1.0,475.2413985043058
63037,STARLINK-32810,1,1.0,462.6969004889397
63038,STARLINK-32812,1,1.0,475.2040756530532
63039,STARLINK-32811,1,1.0,462.70636994680535
63040,STARLINK-32832,1,1.0,470.72175784670617
63041,STARLINK-32820,1,1.0,475.2060821166124
63042,STARLINK-32795,1,1.0,462.7492058322741
63043,STARLINK-32827,1,1.0,462.7674199062712
63044,STARLINK-32735,1,1.0,462.6999707772429
63045,STARLINK-32828,1,1.0,462.6776139260992
63046,STARLINK-32738,1,1.0,462.7251425157074
63047,STARLINK-32590,1,1.0,470.6602083343123
63048,STARLINK-32790,1,1.0,462.6547817122792
63049,STARLINK-32829,1,1.0,462.6930544598554
63050,STARLINK-32816,1,1.0,462.69037056486286
63051,STARLINK-32835,1,1.0,462.7288102555758
63052,STARLINK-11550 [DTC],1,1.0,356.4791786693768
63053,STARLINK-11563 [DTC],1,1.0,356.31224668894265
63054,STARLINK-11347 [DTC],1,1.0,356.2565506934425
63055,STARLINK-11558 [DTC],1,1.0,356.30448439062275
63056,STARLINK-11392 [DTC],1,1.0,356.4369752573002
63057,STARLINK-11406 [DTC],1,1.0,356.4818853580109
63058,STARLINK-11418 [DTC],1,1.0,356.43849006425444
63059,STARLINK-11509 [DTC],1,1.0,356.30166641893175
63060,STARLINK-11403 [DTC],1,1.0,356.4505170900684
63061,STARLINK-11409 [DTC],1,1.0,356.3481947671453
63062,STARLINK-11412 [DTC],1,1.0,356.443406047405
63063,STARLINK-11399 [DTC],1,1.0,356.3562544275519
63064,STARLINK-11408 [DTC],1,1.0,356.19069612298426
63065,STARLINK-33635,1,1.0,483.00779215209786
63066,STARLINK-33622,1,1.0,483.01952689643167
63067,STARLINK-33628,1,1.0,483.029671696705
63068,STARLINK-33627,1,1.0,482.9428582120445
63069,STARLINK-33620,1,1.0,483.0470778419249
63070,STARLINK-33604,1,1.0,483.01042715028416
63071,STARLINK-33624,1,1.0,469.6474095384283
63072,STARLINK-33623,1,1.0,482.92027871214304
63073,STARLINK-33586,1,1.0,483.0379959705142
63074,STARLINK-33605,1,1.0,483.0232937629935
63075,ZHONGXING-10R,0,0.0,35788.008756410774
63077,STARLINK-32839,0,0.0,572.0443748054622
63078,STARLINK-32821,0,0.0,572.0430172401293
63079,STARLINK-32817,0,0.0,572.0245123610312
63080,STARLINK-32906,0,0.0,572.0397362022832
63081,STARLINK-32895,0,0.0,572.0422441394403
63082,STARLINK-32933,0,0.0,572.0364551683078
63083,STARLINK-32932,0,0.0,572.0293179277542
63084,STARLINK-32908,0,0.0,572.0385116123352
63085,STARLINK-32505,0,0.0,572.0456457840846
63086,STARLINK-32914,0,0.0,572.039488810331
63087,STARLINK-32918,0,0.0,572.0398753602649
63088,STARLINK-32912,0,0.0,572.0786821548836
63089,STARLINK-32910,0,0.0,571.9926548179592
63090,STARLINK-32903,0,0.0,571.9995383912792
63091,STARLINK-32925,0,0.0,572.0391177224428
63092,STARLINK-32924,0,0.0,572.0400578118533
63093,STARLINK-32900,0,0.0,572.0501823475543
63094,STARLINK-32927,0,0.0,572.0490690797596
63095,STARLINK-32907,0,0.0,572.0416194742411
63096,STARLINK-32911,0,0.0,572.0381776333516
63097,STARLINK-32923,0,0.0,572.0341389647501
63098,STARLINK-32913,0,0.0,572.0443840826756
63104,STARLINK-11629 [DTC],1,1.0,356.43173631830905
63105,STARLINK-11624 [DTC],1,1.0,356.30117198809694
63106,STARLINK-11584 [DTC],1,1.0,356.4172942768382
63107,STARLINK-11627 [DTC],1,1.0,356.2825751670598
63108,STARLINK-11632 [DTC],1,1.0,356.3818111413948
63109,STARLINK-11625 [DTC],1,1.0,356.2285402269681
63110,STARLINK-11601 [DTC],1,1.0,356.4362378610158
63111,STARLINK-11630 [DTC],1,1.0,356.22818298894435
63112,STARLINK-11590 [DTC],1,1.0,356.42655740991086
63113,STARLINK-11598 [DTC],1,1.0,356.2467394235473
63114,STARLINK-11600 [DTC],1,1.0,356.2132762029132
63115,STARLINK-11597 [DTC],1,1.0,356.41114650076725
63116,STARLINK-11591 [DTC],1,1.0,356.4208840586598
63117,STARLINK-32955,1,1.0,320.5895755563806
63118,STARLINK-32945,1,1.0,483.0424096424794
63119,STARLINK-32941,1,1.0,483.0373132593377
63120,STARLINK-32942,1,1.0,483.043493598283
63121,STARLINK-32947,1,1.0,482.9889669602471
63122,STARLINK-32961,1,1.0,483.05390797998734
63123,STARLINK-32948,1,1.0,483.0452153521637
63124,STARLINK-32957,1,1.0,483.01417603842856
63125,SUPERVIEW NEO-1 03,0,0.0,500.8736938530483
63126,SUPERVIEW NEO-1 04,0,0.0,500.9005955667162
63130,COSMOS 2584 [GLONASS-K2],0,0.0,19129.748179037084
63132,STARLINK-11609 [DTC],1,1.0,356.4144647547282
63133,STARLINK-11604 [DTC],1,1.0,356.13353087133873
63134,STARLINK-11605 [DTC],1,1.0,356.4548071614636
63135,STARLINK-11610 [DTC],1,1.0,356.44931381344395
63136,STARLINK-11613 [DTC],1,1.0,356.40987178930664
63137,STARLINK-11616 [DTC],1,1.0,356.4129613936839
63138,STARLINK-11611 [DTC],1,1.0,356.4953330963572
63139,STARLINK-11628 [DTC],1,1.0,356.31751683353923
63140,STARLINK-11607 [DTC],1,1.0,356.2386772328837
63141,STARLINK-11522 [DTC],1,1.0,356.48155380994376
63142,STARLINK-11503 [DTC],1,1.0,356.4431373829775
63143,STARLINK-11579 [DTC],1,1.0,356.4358234329593
63144,STARLINK-11581 [DTC],1,1.0,356.579791001006
63145,STARLINK-32949,1,1.0,483.0382355183365
63146,STARLINK-32952,1,1.0,483.0438109997849
63147,STARLINK-32936,1,1.0,483.0274079776928
63148,STARLINK-32937,1,1.0,483.0522371248262
63149,STARLINK-32939,1,1.0,482.9937039376719
63150,STARLINK-32919,1,1.0,483.0254167449175
63151,STARLINK-32876,1,1.0,483.0445326391901
63152,STARLINK-32915,1,1.0,483.0498266635286
63153,SEDNA-2,0,0.0,528.5146957514416
63157,TJS-15,0,0.0,35785.56699930228
63159,QIANFAN-73,0,0.0,1068.5062370915412
63160,QIANFAN-74,0,0.0,1068.4769214607895
63161,QIANFAN-75,0,0.0,1068.5169521772386
63162,QIANFAN-76,0,0.0,1068.5086402658444
63163,QIANFAN-77,0,0.0,906.8628407895758
63164,QIANFAN-78,0,0.0,1068.5359425198349
63165,QIANFAN-79,0,0.0,1068.486556122345
63166,QIANFAN-80,0,0.0,1068.4965031530692
63167,QIANFAN-81,0,0.0,1068.5131820500992
63168,QIANFAN-82,0,0.0,1068.4909288432482
63169,QIANFAN-83,0,0.0,1028.220633421096
63170,QIANFAN-84,0,0.0,1068.5087798998848
63171,QIANFAN-85,0,0.0,1068.4978958135143
63172,QIANFAN-86,0,0.0,1068.5139279910543
63173,QIANFAN-87,0,0.0,1068.5229785112333
63174,QIANFAN-88,0,0.0,1068.4963745432988
63175,QIANFAN-89,0,0.0,1068.5142072596382
63176,QIANFAN-90,0,0.0,1068.4973703505248
63178,PUNCH-NFI (SMEX 15A),0,0.0,645.7320504705576
63179,PUNCH-WFI 1 (SMEX 15B),0,0.01,647.0602069379011
63180,PUNCH-WFI 3 (SMEX 15D),0,0.01,647.0561473418702
63181,PUNCH-WFI 2 (SMEX 15C),0,0.01,647.0545082578119
63182,SPHEREX (MIDEX 9),0,0.0,647.8436535559913
63183,STARLINK-11602 [DTC],1,1.0,356.4760804145508
63184,STARLINK-11617 [DTC],1,1.0,356.47976459435176
63185,STARLINK-11618 [DTC],1,1.0,356.4801418729403
63186,STARLINK-11646 [DTC],1,1.0,356.5128166856712
63187,STARLINK-11622 [DTC],1,1.0,356.49427556721093
63188,STARLINK-11642 [DTC],1,1.0,356.1702310349647
63189,STARLINK-11639 [DTC],1,1.0,356.44544103840417
63190,STARLINK-11637 [DTC],1,1.0,356.44701872911355
63191,STARLINK-11647 [DTC],1,1.0,356.3535278588852
63192,STARLINK-11643 [DTC],1,1.0,356.520962585063
63193,STARLINK-11635 [DTC],1,1.0,356.43974192422775
63194,STARLINK-11636 [DTC],1,1.0,356.0213272661558
63195,STARLINK-11631 [DTC],1,1.0,356.3852694046791
63196,STARLINK-32946,1,1.0,483.0418706590917
63197,STARLINK-32960,1,1.0,483.0187992749479
63198,STARLINK-32904,1,1.0,482.9702107658168
63199,STARLINK-32931,1,1.0,483.0247310425375
63200,STARLINK-32934,1,1.0,483.04559264098407
63201,STARLINK-32938,1,1.0,482.8460949397813
63202,STARLINK-32935,1,1.0,483.02238348634
63203,STARLINK-32930,1,1.0,483.0218205522442
63205,QPS-SAR-9 (SUSANOO-I),0,0.04,555.8828499030014
63208,SUPERVIEW NEO-3 02,1,0.99,497.9253556928543
63209,TIANYAN 23,1,1.0,411.1974874808184
63210,JINJUSAT-1B,1,1.0,460.8028862073088
63211,NUSHSAT1,1,1.0,452.2673013943222
63212,IOD-1,1,1.0,385.2441533594738
63213,TEVEL2-4,1,1.0,456.9156068568855
63214,TEVEL2-5,1,1.0,457.51822530354366
63215,TEVEL2-6,1,1.0,457.6227637174952
63216,BOTSAT-1,1,1.0,481.94546522690416
63217,TEVEL2-1,1,1.0,459.4232801114304
63218,TEVEL2-3,1,1.0,459.191910401084
63219,TEVEL2-2,1,1.0,459.3860475650136
63220,AEROCUBE 18A,1,1.0,490.80531542017707
63221,TRANSPORTER-13 OBJECT M,1,1.0,499.0357869384279
63222,AEROCUBE 18B,1,1.0,491.0805325076599
63223,DROID.002,1,1.0,496.1232550832847
63225,TOMORROW-S6,1,1.0,497.3414392900922
63226,ETIHAD-SAT,1,1.0,498.4510626504898
63228,TRANSPORTER-13 OBJECT U,1,1.0,493.5215905520136
63229,SPACEEYE-T1,1,1.0,497.1068546366978
63230,ION SCV-017,1,1.0,481.2596064480895
63231,M-SEL/CORTEZ,1,1.0,485.11498441419553
63232,SPHINX/FRAZIER,1,1.0,492.2393664187976
63233,LIZZIESAT-3 (LS-3),1,1.0,499.2411323084707
63234,TOMORROW-S5,1,1.0,497.19976328508255
63235,OTP-2,1,1.0,491.8848344052758
63236,ORBASTRO-TR5,1,1.0,498.4032061864482
63237,TEVEL2-9,1,1.0,465.63394037606486
63238,TEVEL2-7,1,1.0,466.6304059724607
63239,TEVEL2-8,1,1.0,466.6930109556315
63240,AL MUNTHER,1,1.0,465.4912768742725
63241,TRANSPORTER-13 OBJECT AH,1,1.0,479.7802776903727
63242,HERMES-1,1,1.0,499.76964552393656
63243,HERMES-2,1,1.0,472.3824144259679
63244,PANDORE,0,0.0,581.6017885484835
63245,BUCCANEER MM,0,0.0,582.6203327511221
63246,LEMUR-2-LEIA-PHILIP,0,0.0,574.7916385387462
63247,EZIE-A,0,0.0,574.0231044988559
63248,LEMUR-2-LIA-MARTIN,0,0.0,572.4942849665886
63249,EZIE-C,0,0.0,574.2260221361239
63250,EZIE-B,0,0.0,574.4054879510932
63251,UVSQ-SAT NG,0,0.0,580.5054373709972
63252,ARVAKER-1,0,0.0,583.187527721132
63253,ICEYE-X48,0,0.0,572.3688302843029
63254,YAM-8,0,0.0,534.2600078716923
63255,ICEYE-X50,0,0.0,581.0489394619426
63256,FIRESAT 0 (MUSAT-4),0,0.0,588.5130292786125
63257,ICEYE-X51,0,0.0,564.1947640187173
63258,ICEYE-X46,0,0.0,581.0222617887657
63259,LEMUR-2-DELOITTE-1,0,0.0,573.3263514654891
63260,TRANSPORTER-13 OBJECT BC,0,0.0,582.9649959180642
63261,LEMUR-2-EMERSONROSE,0,0.0,568.6663124611423
63262,LEMUR-2-MARACHE-FRAN,0,0.0,565.4033394552007
63263,SOAP,0,0.0,576.09982506099
63264,LEMUR-2-THEFALCONER,0,0.0,574.0040913033408
63265,STARLINK-11654 [DTC],1,1.0,356.294581490959
63266,STARLINK-11659 [DTC],1,1.0,356.1566848954817
63267,STARLINK-11653 [DTC],1,1.0,356.01855245589013
63268,STARLINK-11641 [DTC],1,1.0,355.766096690244
63269,STARLINK-11638 [DTC],1,1.0,356.4300071562848
63270,STARLINK-11614 [DTC],1,1.0,356.2999716361601
63271,STARLINK-11620 [DTC],1,1.0,356.364191215991
63272,STARLINK-11619 [DTC],1,1.0,356.2805803105248
63273,STARLINK-11621 [DTC],1,1.0,356.2885454556872
63274,STARLINK-11615 [DTC],1,1.0,356.3073623830087
63275,STARLINK-11608 [DTC],1,1.0,356.1241401451334
63276,STARLINK-11623 [DTC],1,1.0,356.2708947028759
63278,STARLINK-33660,1,1.0,483.0395290769329
63279,STARLINK-33611,1,1.0,483.0045014022335
63280,STARLINK-33646,1,1.0,483.0096336562465
63281,STARLINK-33665,1,1.0,483.03474111656215
63282,STARLINK-33603,1,1.0,483.0205419736367
63283,STARLINK-33669,1,1.0,483.0437451239986
63284,STARLINK-33673,1,1.0,483.090613151584
63285,STARLINK-33662,1,1.0,483.0089749066528
63286,STARLINK-33613,1,1.0,483.00524099717313
63287,STARLINK-33680,1,1.0,483.0064477051346
63288,COSMOS 2585 (RODNIK-S *),0,0.03,1494.4635378115445
63289,COSMOS 2586 (RODNIK-S *),0,0.03,1494.426073266114
63290,COSMOS 2587 (RODNIK-S *),0,0.0,1494.3572810419855
63291,2025-055A,0,0.03,526.1303659346322
63292,2025-055B,0,0.01,529.2135007482557
63293,2025-055C,0,0.0,533.8149597921592
63294,2025-055D,0,0.0,513.7209920318764
63295,2025-055E,0,0.0,524.9095823181133
63296,2025-055F,0,0.0,513.8912066874755
63297,2025-055G,1,1.0,485.2873101247578
63298,2025-055H,1,1.0,437.2215060370872
63300,KINEIS-4E,0,0.0,653.5314497126537
63301,KINEIS-4C,0,0.0,653.6183732131512
63302,KINEIS-4D,0,0.0,653.8431558757075
63303,KINEIS-4A,0,0.0,653.5896446369525
63304,KINEIS-4B,0,0.0,653.6257313163878
63307,STARLINK-11568 [DTC],1,1.0,356.48985681478644
63308,STARLINK-11575 [DTC],1,1.0,356.4035896999376
63309,STARLINK-11585 [DTC],1,1.0,356.4449694462519
63310,STARLINK-11587 [DTC],1,1.0,356.4412510164766
63311,STARLINK-11589 [DTC],1,1.0,356.4247225010449
63312,STARLINK-11650 [DTC],1,1.0,356.45422410005904
63313,STARLINK-11648 [DTC],1,1.0,356.40544745914394
63314,STARLINK-11640 [DTC],1,1.0,356.3816396573802
63315,STARLINK-11652 [DTC],1,1.0,356.3848264037633
63316,STARLINK-11645 [DTC],1,1.0,356.4423028085448
63317,STARLINK-11633 [DTC],1,1.0,356.37025885936964
63318,STARLINK-11593 [DTC],1,1.0,356.4260715304945
63319,STARLINK-11588 [DTC],1,1.0,356.4048987055212
63320,STARLINK-33671,1,1.0,483.0224523559455
63321,STARLINK-33650,1,1.0,483.04340376767504
63322,STARLINK-33689,1,1.0,483.0383253487744
63323,STARLINK-33607,1,1.0,483.0336571642174
63324,STARLINK-33619,1,1.0,483.0324773933671
63325,STARLINK-33612,1,1.0,483.04373614093765
63326,STARLINK-33672,1,1.0,482.9952789395629
63327,STARLINK-33625,1,1.0,483.0306119191737
63328,STARLINK-33699,1,1.0,483.0556836390042
63329,STARLINK-33674,1,1.0,483.0226469874451
63344,YUNYAO-1 43,0,0.0,532.5478606060024
63345,YUNYAO-1 44,0,0.0,532.1947632055953
63346,YUNYAO-1 45,0,0.0,532.2292606759838
63347,YUNYAO-1 46,0,0.0,532.5630704023733
63348,YUNYAO-1 47,0,0.01,531.7147970803899
63349,YUNYAO-1 48,0,0.0,531.5181974602456
63351,LEMUR-2-UNTITLED-SC,0,0.0,524.6555605990125
63352,LEMUR-2-ESPERANZA,0,0.0,524.3396081540568
63353,LEMUR-2-KREMPEL-BRO2,0,0.0,523.0115497404067
63354,LEMUR-2-THERMORAPTOR,0,0.0,522.7682652937292
63355,LEMUR-2-NEUROSPICY,0,0.0,522.4055445483436
63356,LEMUR-2-TILLINFINITY,0,0.0,520.5961766759283
63357,LEMUR-2-KREMPEL-BRO1,0,0.0,521.2143695855038
63358,LEMUR-2-LANGER2SPACE,0,0.0,522.1525336841278
63361,TIANLIAN 2-04,0,0.0,35787.03761801889
63363,STARLINK-32840,1,1.0,462.7347933782476
63364,STARLINK-32543,1,1.0,462.6953341379567
63365,STARLINK-33741,1,1.0,462.6905013415244
63366,STARLINK-33742,1,1.0,462.6808714405015
63367,STARLINK-33734,1,1.0,462.6985678958099
63368,STARLINK-33578,1,1.0,462.69455839330567
63369,STARLINK-33626,1,1.0,462.699040476552
63370,STARLINK-33657,1,1.0,462.6753253462193
63371,STARLINK-33648,1,1.0,470.7060275341792
63372,STARLINK-33614,1,1.0,462.68369501908
63373,STARLINK-33617,1,1.0,462.6843726783727
63374,STARLINK-33618,1,1.0,462.66388247553095
63375,STARLINK-33621,1,1.0,462.6939580087064
63376,STARLINK-33539,1,1.0,462.67968553836727
63377,STARLINK-33634,1,1.0,462.6978813163878
63378,STARLINK-33640,1,1.0,462.6886199415312
63379,STARLINK-33636,1,1.0,429.1731962046788
63380,STARLINK-33653,1,1.0,470.69271481798296
63381,STARLINK-33643,1,1.0,462.6850800597422
63383,STARLINK-33748,1,1.0,462.69980433364617
63384,STARLINK-33658,1,1.0,462.68742511945857
63385,STARLINK-33616,1,1.0,462.68366529718514
63386,STARLINK-33571,1,1.0,462.6740859472648
63387,STARLINK-33533,1,1.0,462.6916991371381
63388,STARLINK-33629,1,1.0,462.6673183038838
63389,STARLINK-33656,1,1.0,470.6646021271681
63395,LEMUR-2-BALTO,0,0.0,565.2671945632928
63397,TJS-16,0,0.0,35786.9694946474
63399,STARLINK-33531,1,1.0,483.02045813243694
63400,STARLINK-33652,1,1.0,483.0030880877612
63401,STARLINK-33707,1,1.0,482.9896496593956
63402,STARLINK-33668,1,1.0,483.0185776947828
63403,STARLINK-33676,1,1.0,482.99882419427286
63404,STARLINK-33711,1,1.0,483.0509615264109
63405,STARLINK-33708,1,1.0,483.0069896758796
63406,STARLINK-33690,1,1.0,221.66245038360285
63407,STARLINK-33694,1,1.0,483.0427659704456
63408,STARLINK-33692,1,1.0,482.9881525123592
63409,STARLINK-33693,1,1.0,483.0334236054805
63410,STARLINK-33677,1,1.0,483.0483594272537
63411,STARLINK-33647,1,1.0,483.03894218453024
63412,STARLINK-33645,1,1.0,483.0108523434119
63413,STARLINK-33670,1,1.0,483.0061452795162
63414,STARLINK-33644,1,1.0,483.0203443479577
63415,STARLINK-33664,1,1.0,483.0239824593491
63416,STARLINK-33649,1,1.0,483.03389371731646
63417,STARLINK-33535,1,1.0,483.0150264259091
63418,STARLINK-33703,1,1.0,483.025614370963
63419,STARLINK-33709,1,1.0,483.09125095993295
63420,STARLINK-33698,1,1.0,483.041460432918
63421,STARLINK-33606,1,1.0,483.0811209040048
63422,STARLINK-33686,1,1.0,483.0053967013955
63423,STARLINK-33675,1,1.0,482.99123364185016
63424,STARLINK-33655,1,1.0,482.99605146933663
63425,STARLINK-33608,1,1.0,482.96642301222346
63426,STARLINK-33615,1,1.0,483.0357052955269
63429,HJS-6B,0,0.01,508.183663179726
63430,HJS-6C,0,0.0,508.19379851082886
63431,HJS-6D,0,0.01,508.1196519009072
63432,TIANPING-3A 02,1,0.94,614.9163409029734
63433,STARLINK-33682,1,1.0,462.7011745214204
63434,STARLINK-33710,1,1.0,462.6915237774492
63435,STARLINK-33733,1,1.0,462.6674253020674
63436,STARLINK-33638,1,1.0,462.6738452007703
63437,STARLINK-33726,1,1.0,418.6793953443912
63438,STARLINK-33681,1,1.0,462.70507703395833
63439,STARLINK-33730,1,1.0,462.6732388763603
63440,STARLINK-33743,1,1.0,462.6663642369276
63441,STARLINK-33715,1,1.0,462.6888874390816
63442,STARLINK-33762,1,1.0,462.74610873840993
63443,STARLINK-33753,1,1.0,462.6606101205307
63444,STARLINK-33747,1,1.0,462.6794923463394
63445,STARLINK-33659,1,1.0,462.6958839954104
63446,STARLINK-33746,1,1.0,462.6650743151549
63447,STARLINK-33799,1,1.0,462.7165200769186
63448,STARLINK-33797,1,1.0,462.701694657957
63449,STARLINK-33798,1,1.0,462.68215542534654
63450,STARLINK-33736,1,1.0,462.6268405965902
63451,STARLINK-33740,1,1.0,462.7063669745903
63452,STARLINK-33763,1,1.0,462.7105964385755
63453,STARLINK-33784,1,1.0,462.7157056873439
63454,STARLINK-33768,1,1.0,462.6744663862119
63455,STARLINK-33761,1,1.0,462.70036608082864
63456,STARLINK-33737,1,1.0,462.69265321292914
63457,STARLINK-33795,1,1.0,462.6808298298911
63458,STARLINK-33756,1,1.0,462.6944097832448
63459,STARLINK-33780,1,1.0,462.6747279380197
63460,STARLINK-33679,1,1.0,483.0356334312446
63461,STARLINK-33706,1,1.0,483.0158648363577
63462,STARLINK-33691,1,1.0,483.022096030616
63463,STARLINK-33696,1,1.0,483.02843204082455
63464,STARLINK-33701,1,1.0,483.0062800235992
63465,STARLINK-33685,1,1.0,483.03821755224726
63466,STARLINK-33654,1,1.0,483.0156702053373
63467,STARLINK-33697,1,1.0,483.0200479094629
63468,STARLINK-33720,1,1.0,483.0126758836923
63469,STARLINK-33587,1,1.0,483.00610635344856
63470,STARLINK-33637,1,1.0,483.01069364456
63471,STARLINK-33744,1,1.0,483.002749730802
63472,STARLINK-33766,1,1.0,483.0167721165253
63473,STARLINK-33765,1,1.0,483.0247010992052
63474,STARLINK-33735,1,1.0,482.9942369230002
63475,STARLINK-33731,1,1.0,483.0134963274986
63476,STARLINK-33718,1,1.0,482.99100008672303
63477,STARLINK-33630,1,1.0,483.0151551817826
63478,STARLINK-33695,1,1.0,483.1088491388964
63479,STARLINK-33713,1,1.0,483.0212905558874
63480,STARLINK-33721,1,1.0,483.0336661472456
63481,STARLINK-33639,1,1.0,483.0115110934548
63483,STARLINK-33688,1,1.0,483.0454189683451
63484,STARLINK-33700,1,1.0,483.00703459058695
63485,STARLINK-33687,1,1.0,482.99868645625065
63486,STARLINK-33716,1,1.0,482.947205857542
63487,STARLINK-33754,1,1.0,483.0136071173738
63488,POSAT-2,0,0.06,523.6056573417063
63489,HERMES-6,1,1.0,494.8684642480748
63493,STARLINK-33828,1,1.0,462.6864205182183
63494,STARLINK-33819,1,1.0,462.6727336061204
63495,STARLINK-33845,1,1.0,475.1906246220297
63496,STARLINK-33829,1,1.0,470.75168056658913
63497,STARLINK-33815,1,1.0,470.6929026144708
63498,STARLINK-33833,1,1.0,470.6892361139562
63499,STARLINK-33534,1,1.0,470.69532310367777
63500,STARLINK-33838,1,1.0,462.7028211254219
63501,STARLINK-33837,1,1.0,470.7256330560013
63502,STARLINK-33818,1,1.0,464.106649924066
63503,STARLINK-33583,1,1.0,462.7001223598136
63504,STARLINK-33811,1,1.0,462.69641007534847
63505,STARLINK-33825,1,1.0,475.19790996693337
63506,STARLINK-33792,1,1.0,465.23872039867183
63507,STARLINK-33843,1,1.0,470.6802845077045
63508,STARLINK-33809,1,1.0,462.7804652762752
63509,STARLINK-33678,1,1.0,470.7199841950496
63510,STARLINK-33764,1,1.0,462.6732715703192
63511,STARLINK-33804,1,1.0,470.6942708464085
63512,STARLINK-33751,1,1.0,470.68813914565
63513,STARLINK-33750,1,1.0,470.6969089425948
63514,STARLINK-33786,1,1.0,462.7206603897057
63515,STARLINK-33796,1,1.0,462.7423636967696
63516,STARLINK-33785,1,1.0,470.70601262962464
63517,STARLINK-33803,1,1.0,462.6726117468416
63518,STARLINK-33807,1,1.0,462.6895740162472
63519,STARLINK-33787,1,1.0,462.7000450824244
63524,TJS-17,0,0.0,35786.598605562984
63548,STARLINK-11669 [DTC],1,1.0,356.36205911280285
63549,STARLINK-11665 [DTC],1,1.0,356.49464427327166
63550,STARLINK-11667 [DTC],1,1.0,356.17112268197707
63551,STARLINK-11695 [DTC],1,1.0,356.27664204508346
63552,STARLINK-11685 [DTC],1,1.0,356.2752330734329
63553,STARLINK-11697 [DTC],1,1.0,356.4862783737599
63554,STARLINK-11680 [DTC],1,1.0,356.3855980828257
63556,STARLINK-11626 [DTC],1,1.0,356.4271947695115
63557,STARLINK-11668 [DTC],1,1.0,356.31440447466684
63558,STARLINK-11657 [DTC],1,1.0,356.3813224119831
63559,STARLINK-11606 [DTC],1,1.0,356.1557961110748
63560,STARLINK-11592 [DTC],1,1.0,356.2402776658355
63561,STARLINK-32953,1,1.0,483.0058997458709
63562,STARLINK-32951,1,1.0,483.0648613890089
63563,STARLINK-32958,1,1.0,483.0169847135721
63564,STARLINK-32928,1,1.0,483.0253448809044
63565,STARLINK-32687,1,1.0,483.0630438028029
63566,STARLINK-32950,1,1.0,483.0341901573065
63567,STARLINK-32954,1,1.0,482.9483047469921
63568,STARLINK-32940,1,1.0,483.0335194244472
63569,STARLINK-32959,1,1.0,483.0578096403542
63570,STARLINK-32956,1,1.0,483.0472604977422
63571,STARLINK-33722,1,1.0,482.89028278808473
63572,STARLINK-33739,1,1.0,483.0369509433877
63573,STARLINK-33683,1,1.0,483.0902448397874
63575,STARLINK-33732,1,1.0,483.054231371425
63576,STARLINK-33800,1,1.0,483.0085766626571
63577,STARLINK-33632,1,1.0,483.0663346228621
63578,STARLINK-33719,1,1.0,483.029312376103
63579,STARLINK-33755,1,1.0,483.0490301637392
63580,STARLINK-33752,1,1.0,483.0888614251917
63581,STARLINK-33714,1,1.0,483.0294052005884
63582,STARLINK-33814,1,1.0,483.0307526531378
63583,STARLINK-33817,1,1.0,483.046026822627
63584,STARLINK-33820,1,1.0,483.027701422644
63585,STARLINK-33813,1,1.0,483.05448888685805
63586,STARLINK-33834,1,1.0,483.0635139197111
63587,STARLINK-33830,1,1.0,483.04169998104135
63588,STARLINK-33651,1,1.0,483.0320252478196
63589,STARLINK-33788,1,1.0,483.0389990771555
63590,STARLINK-33805,1,1.0,483.0448859730759
63591,STARLINK-33702,1,1.0,483.0164816670667
63592,STARLINK-33666,1,1.0,483.0493834982035
63593,STARLINK-33723,1,1.0,483.01388858356586
63594,STARLINK-33791,1,1.0,483.1248034813616
63595,STARLINK-33831,1,1.0,482.9993871236511
63599,SHIYAN-27 OBJECT A,0,0.0,1045.724831334495
63600,SHIYAN-27 OBJECT B,0,0.0,1045.696009242234
63601,SHIYAN-27 OBJECT C,0,0.0,1045.7205575956605
63602,SHIYAN-27 OBJECT D,0,0.0,1045.6911411659555
63603,SHIYAN-27 OBJECT E,0,0.0,1045.7150622766922
63604,SHIYAN-27 OBJECT F,0,0.0,1045.7178154046978
63630,KORSAT-3,0,0.0,569.5287258927856
63631,TOMORROW-S7,0,0.01,567.6370318728905
63634,STARLINK-33879,1,1.0,483.1122567965968
63635,STARLINK-33854,1,1.0,483.0534917632831
63636,STARLINK-33864,1,1.0,483.03083948899166
63637,STARLINK-33832,1,1.0,483.0383343318172
63638,STARLINK-33856,1,1.0,483.0415891900302
63639,STARLINK-33876,1,1.0,483.0456255788986
63640,STARLINK-33859,1,1.0,483.0315880740509
63641,STARLINK-33826,1,1.0,483.0197125447412
63642,STARLINK-33836,1,1.0,483.0473892551272
63643,STARLINK-33558,1,1.0,483.0647985070928
63644,STARLINK-33852,1,1.0,482.9982762365307
63645,STARLINK-33835,1,1.0,483.034423716108
63646,STARLINK-33661,1,1.0,483.04034952876646
63647,STARLINK-33729,1,1.0,483.0398854045234
63648,STARLINK-33717,1,1.0,483.031447340044
63649,STARLINK-33684,1,1.0,483.018044704725
63650,STARLINK-33704,1,1.0,483.0555369150288
63651,STARLINK-33705,1,1.0,483.036834163876
63652,STARLINK-33663,1,1.0,483.0189400083064
63653,STARLINK-33866,1,1.0,483.0487816318973
63654,STARLINK-33849,1,1.0,483.0327917992545
63655,STARLINK-33873,1,1.0,483.0478324201304
63656,STARLINK-33772,1,1.0,483.0258449347011
63657,STARLINK-33789,1,1.0,483.07631490473705
63658,STARLINK-33822,1,1.0,483.0362263116304
63659,STARLINK-33771,1,1.0,483.05979790225774
63660,STARLINK-33810,1,1.0,483.0637983853967
63661,STARLINK-33823,1,1.0,483.04726349209886
63662,TIANLIAN 2-05,0,0.0,35786.596923544894
63664,STARLINK-11651 [DTC],1,1.0,356.4492595088104
63665,STARLINK-11672 [DTC],1,1.0,356.3196631914798
63667,STARLINK-11666 [DTC],1,1.0,356.39376932024607
63668,STARLINK-11663 [DTC],1,1.0,356.41112935217734
63669,STARLINK-11595 [DTC],1,1.0,356.43737539490303
63670,STARLINK-11599 [DTC],1,1.0,356.5088180584571
63671,STARLINK-11603 [DTC],1,1.0,356.4232534316088
63672,STARLINK-11644 [DTC],1,1.0,356.4696724117275
63673,STARLINK-11634 [DTC],1,1.0,356.1581509617208
63674,STARLINK-11656 [DTC],1,1.0,356.4647449480226
63675,STARLINK-11655 [DTC],1,1.0,356.3910998751444
63676,STARLINK-11661 [DTC],1,1.0,356.3957614025212
63677,STARLINK-33816,1,1.0,483.0373102649901
63678,STARLINK-33861,1,1.0,483.0419095856678
63679,STARLINK-33850,1,1.0,483.0656039945916
63680,STARLINK-33887,1,1.0,483.0363341080774
63681,STARLINK-33886,1,1.0,483.0101935935254
63682,STARLINK-33840,1,1.0,483.0397446700909
63684,STARLINK-33853,1,1.0,483.0262671358796
63685,STARLINK-33847,1,1.0,483.0474251874221
63686,STARLINK-33880,1,1.0,483.01870046216845
63687,HULIANWANG DIGUI-20,0,0.0,1167.9117247115864
63688,HULIANWANG DIGUI-21,0,0.0,1167.916704467336
63689,HULIANWANG DIGUI-22,0,0.0,1167.9154167951529
63690,HULIANWANG DIGUI-23,0,0.0,1167.9163398167502
63691,HULIANWANG DIGUI-24,0,0.0,1167.9138632326913
63692,HULIANWANG DIGUI-25,0,0.0,1167.91631702609
63693,HULIANWANG DIGUI-26,0,0.0,1167.9198533789104
63694,HULIANWANG DIGUI-27,0,0.0,1167.9095596029538
63695,HULIANWANG DIGUI-28,0,0.0,1167.9136201325236
63696,HULIANWANG DIGUI-29,0,0.0,1167.9124995929487
63697,STARLINK-33894,1,1.0,462.7267950786054
63698,STARLINK-33922,1,1.0,475.2128419986966
63699,STARLINK-33919,1,1.0,475.2222682401916
63700,STARLINK-33908,1,1.0,475.2024454024941
63701,STARLINK-33950,1,1.0,470.73319569177966
63702,STARLINK-33939,1,1.0,470.7191078028891
63703,STARLINK-33868,1,1.0,475.114956711217
63704,STARLINK-33937,1,1.0,475.2267320560704
63705,STARLINK-33848,1,1.0,475.20435333319074
63706,STARLINK-33995,1,1.0,475.2130330910122
63707,STARLINK-33982,1,1.0,475.2116118422354
63708,STARLINK-33915,1,1.0,465.2307266779189
63709,STARLINK-33862,1,1.0,475.223608877106
63710,STARLINK-33920,1,1.0,470.7138613794969
63711,STARLINK-33580,1,1.0,470.7133874133324
63712,STARLINK-33783,1,1.0,470.7331509776705
63713,STARLINK-33773,1,1.0,470.7272606455417
63714,STARLINK-33745,1,1.0,475.22079324175866
63715,STARLINK-33728,1,1.0,475.2045563681477
63716,STARLINK-33749,1,1.0,470.7014339541738
63717,STARLINK-33725,1,1.0,475.2407326601888
63718,STARLINK-33641,1,1.0,470.7157691686598
63719,STARLINK-33727,1,1.0,462.710001994893
63720,STARLINK-33757,1,1.0,475.1989878413269
63721,STARLINK-33774,1,1.0,470.7210066529224
63722,STARLINK-33767,1,1.0,475.212029856505
63723,STARLINK-33806,1,1.0,475.2139049498701
63724,KUIPER-00008,0,0.0,629.5593838359491
63725,KUIPER-00009,1,0.96,543.5158714176141
63726,KUIPER-00010,0,0.0,629.5772702025533
63727,KUIPER-00011,0,0.0,629.5437199425578
63728,KUIPER-00012,0,0.0,629.5535753686963
63729,KUIPER-00013,0,0.0,629.5878896948252
63730,KUIPER-00014,0,0.0,629.5747131964536
63731,KUIPER-00015,0,0.01,629.5427508170033
63732,KUIPER-00016,0,0.0,629.5764304941213
63733,KUIPER-00018,0,0.0,629.5612684336165
63734,KUIPER-00019,0,0.0,629.6978246387234
63735,KUIPER-00020,0,0.0,629.5400044369571
63736,KUIPER-00021,0,0.0,629.5472334200986
63737,KUIPER-00023,0,0.0,629.5526409642189
63738,KUIPER-00024,0,0.0,629.5352408945009
63739,KUIPER-00025,0,0.0,629.5835238285372
63740,KUIPER-00027,0,0.0,629.610574630854
63741,KUIPER-00028,0,0.0,629.5311907849155
63742,KUIPER-00029,0,0.0,629.572266680455
63743,KUIPER-00030,0,0.0,629.5865291095906
63744,KUIPER-00031,0,0.0,629.5210292340935
63745,KUIPER-00032,1,1.0,441.5567217038933
63746,KUIPER-00033,0,0.0,629.5633014013656
63747,KUIPER-00034,0,0.0,629.5580358916604
63748,KUIPER-00035,0,0.0,629.5920124930935
63749,KUIPER-00037,0,0.0,629.5263578091171
63750,KUIPER-00038,0,0.0,629.5726739068405
63751,STARLINK-11677 [DTC],1,1.0,356.4101461666096
63752,STARLINK-11702 [DTC],1,1.0,356.45186327429474
63753,STARLINK-11706 [DTC],1,1.0,356.2761476188434
63754,STARLINK-11662 [DTC],1,1.0,356.3643598408471
63755,STARLINK-11681 [DTC],1,1.0,356.1337080551675
63756,STARLINK-11688 [DTC],1,1.0,356.4100604237001
63757,STARLINK-11676 [DTC],1,1.0,356.17916466549286
63758,STARLINK-11705 [DTC],1,1.0,356.1541471452829
63759,STARLINK-11703 [DTC],1,1.0,356.45218338614177
63760,STARLINK-11701 [DTC],1,1.0,356.4632958638331
63761,STARLINK-11660 [DTC],1,1.0,356.4168741354879
63762,STARLINK-11699 [DTC],1,1.0,356.4624641413084
63763,STARLINK-11693 [DTC],1,1.0,356.4063534744828
63764,STARLINK-33760,1,1.0,483.1370627557199
63765,STARLINK-33941,1,1.0,483.0458920765932
63766,STARLINK-33824,1,1.0,483.0339895362995
63767,STARLINK-33808,1,1.0,483.03542682144325
63768,STARLINK-33844,1,1.0,483.03271095202217
63769,STARLINK-33907,1,1.0,483.03504653967593
63770,STARLINK-33884,1,1.0,483.0008722995881
63771,STARLINK-33841,1,1.0,483.0347261448424
63772,BIOMASS,0,0.0,668.9475883949235
63773,STARLINK-33769,1,1.0,483.0380438800767
63774,STARLINK-33914,1,1.0,483.0399812237156
63775,STARLINK-33932,1,1.0,483.0363820176117
63776,STARLINK-33930,1,1.0,483.0420832580821
63777,STARLINK-33911,1,1.0,483.0427150664473
63778,STARLINK-33938,1,1.0,483.03977760793714
63779,STARLINK-33881,1,1.0,483.0367652939112
63780,STARLINK-33846,1,1.0,483.02893209518334
63781,STARLINK-33883,1,1.0,483.0037648018033
63782,STARLINK-33842,1,1.0,483.0226889080786
63783,STARLINK-33892,1,1.0,482.9935063139237
63784,STARLINK-33933,1,1.0,483.0347740543484
63786,STARLINK-33923,1,1.0,483.0306807889856
63787,STARLINK-33947,1,1.0,483.0083251401629
63788,STARLINK-33882,1,1.0,483.04130472664747
63789,STARLINK-33875,1,1.0,483.06046265279474
63790,STARLINK-33869,1,1.0,482.9170599283853
63791,STARLINK-33935,1,1.0,483.14030275872665
63792,STARLINK-33916,1,1.0,483.03218394790383
63793,STARLINK-33925,1,1.0,483.04212218466
63794,STARLINK-33870,1,1.0,483.0387625236162
63795,STARLINK-33867,1,1.0,483.0164457351775
63796,STARLINK-33918,1,1.0,483.0469520789102
63797,STARLINK-33712,1,1.0,483.0232578310152
63798,STARLINK-33827,1,1.0,483.04447874080506
63799,STARLINK-33899,1,1.0,483.0240722893204
63800,STARLINK-33900,1,1.0,483.0272552665574
63802,STARLINK-33975,1,1.0,483.0269708046581
63803,STARLINK-33951,1,1.0,483.0322168856592
63804,STARLINK-33909,1,1.0,483.01273876441246
63805,STARLINK-34029,1,1.0,483.0198922044083
63806,STARLINK-34102,1,1.0,483.03276485017705
63807,STARLINK-34109,1,1.0,483.03098321730704
63808,STARLINK-34091,1,1.0,483.0230482278148
63809,STARLINK-34095,1,1.0,483.0139125381356
63810,STARLINK-34127,1,1.0,483.02356025851896
63812,STARLINK-34101,1,1.0,483.0047738845578
63813,STARLINK-34065,1,1.0,483.0220121893717
63814,STARLINK-34057,1,1.0,483.0353429797897
63815,STARLINK-34060,1,1.0,483.027710405654
63816,STARLINK-34048,1,1.0,483.0406878903596
63817,STARLINK-33959,1,1.0,483.0379989648618
63818,STARLINK-34058,1,1.0,483.0074118741586
63819,STARLINK-34055,1,1.0,434.5288247973576
63820,STARLINK-33794,1,1.0,483.0330732674138
63821,STARLINK-34047,1,1.0,483.0341182930624
63822,STARLINK-34094,1,1.0,483.0111188377287
63823,STARLINK-34043,1,1.0,483.0563573716481
63824,STARLINK-34025,1,1.0,483.04535908123125
63825,STARLINK-33874,1,1.0,483.02298834118847
63826,STARLINK-33781,1,1.0,483.0110679343179
63827,STARLINK-33891,1,1.0,483.0442032601859
63828,STARLINK-33903,1,1.0,483.06195684490376
63829,STARLINK-33889,1,1.0,483.0315671136659
63830,STARLINK-33984,1,1.0,483.0218235465745
63831,STARLINK-33940,1,1.0,483.01279266217534
63832,STARLINK-33978,1,1.0,483.024281892599
63833,HERMES-4,1,1.0,471.43664190188247
63834,HERMES-5,1,1.0,476.7942166061039
63835,HERMES-3,1,1.0,458.8610163565036
63836,STARLINK-34018,1,1.0,482.9784450307907
63837,STARLINK-34053,1,1.0,483.0093641677568
63838,STARLINK-34042,1,1.0,483.0095378381138
63839,STARLINK-34040,1,1.0,483.0062321145915
63840,STARLINK-33990,1,1.0,483.0271384874586
63841,STARLINK-34056,1,1.0,483.025946742072
63842,STARLINK-34026,1,1.0,483.0114721673117
63843,STARLINK-33777,1,1.0,483.0098222982042
63844,STARLINK-34041,1,1.0,482.9890567890716
63845,STARLINK-34011,1,1.0,483.0104331389193
63846,STARLINK-34044,1,1.0,483.0622173554357
63847,STARLINK-34037,1,1.0,483.0293692685291
63848,STARLINK-34010,1,1.0,483.0417778341862
63849,STARLINK-34009,1,1.0,483.0317318024054
63850,STARLINK-33958,1,1.0,483.0669005604677
63851,STARLINK-33776,1,1.0,483.0385469305347
63853,STARLINK-34032,1,1.0,483.0100768151533
63854,STARLINK-34015,1,1.0,483.0083999980461
63855,STARLINK-33969,1,1.0,483.0194280836249
63856,STARLINK-34002,1,1.0,483.0254886089324
63857,STARLINK-33999,1,1.0,483.0267073031364
63858,STARLINK-33976,1,1.0,483.0308634437097
63859,STARLINK-33821,1,1.0,482.99579994799024
63860,STARLINK-33888,1,1.0,483.01759855020737
63861,STARLINK-33896,1,1.0,482.9969767087714
63862,STARLINK-33878,1,1.0,483.0296387589824
63863,STARLINK-33954,1,1.0,483.0459849016379
63864,STARLINK-33863,0,0.0,572.0512894309704
63865,STARLINK-33897,0,0.0,572.0414586693596
63866,STARLINK-34022,0,0.0,572.0472909446235
63867,STARLINK-33979,0,0.0,572.0512987082075
63868,STARLINK-34007,0,0.0,572.076344269065
63869,STARLINK-34006,0,0.0,572.0204953589273
63870,STARLINK-33986,0,0.0,572.0107791237988
63871,STARLINK-34013,0,0.0,572.0290179661388
63872,STARLINK-34059,0,0.0,572.0807881092705
63873,STARLINK-33987,0,0.0,572.0372808381317
63874,STARLINK-34052,0,0.0,572.0480176605852
63875,STARLINK-34023,0,0.0,572.0408927599519
63877,STARLINK-33778,0,0.0,572.0359820317763
63878,STARLINK-33901,0,0.0,572.0481908354805
63879,STARLINK-33812,0,0.0,572.0467497732861
63880,STARLINK-33779,0,0.0,572.070861377887
63881,STARLINK-33905,0,0.0,572.0464714566397
63882,STARLINK-34003,1,1.0,432.04904847575017
63883,STARLINK-33968,0,0.0,572.0275057890049
63884,STARLINK-33943,0,0.0,572.0935877694346
63885,STARLINK-33858,0,0.0,572.0548426150781
63886,STARLINK-33885,0,0.0,572.0557053993725
63887,STARLINK-33904,0,0.0,572.0408092651305
63888,STARLINK-33981,0,0.0,572.0535932791563
63889,STARLINK-33738,0,0.0,572.045265418159
63890,STARLINK-34116,1,1.0,483.0402507152112
63891,STARLINK-34123,1,1.0,482.9595302123789
63893,STARLINK-33972,1,1.0,483.0247370312036
63894,STARLINK-33973,1,1.0,483.00679803980256
63895,STARLINK-34119,1,1.0,483.03883139363097
63896,STARLINK-34143,1,1.0,483.00760650459415
63897,STARLINK-33957,1,1.0,483.0047529243775
63898,STARLINK-34120,1,1.0,482.9984529004896
63899,STARLINK-34134,1,1.0,483.0956916672403
63900,STARLINK-34118,1,1.0,482.94736155847386
63901,STARLINK-34125,1,1.0,483.0548122783648
63902,STARLINK-33955,1,1.0,483.0210120832671
63903,STARLINK-34097,1,1.0,483.0135651968794
63904,STARLINK-34092,1,1.0,483.07153586334425
63905,STARLINK-34114,1,1.0,482.94779871882656
63906,STARLINK-33770,1,1.0,483.0259138043921
63907,STARLINK-34106,1,1.0,483.0612771221404
63908,STARLINK-34083,1,1.0,483.030932313528
63909,STARLINK-34066,1,1.0,483.0244226262385
63910,STARLINK-34071,1,1.0,483.0298483626866
63911,STARLINK-34038,1,1.0,483.01808662528856
63912,STARLINK-34031,1,1.0,483.0283721540818
63913,STARLINK-34070,1,1.0,483.0152360284974
63914,STARLINK-34068,1,1.0,483.010055854932
63915,STARLINK-34076,1,1.0,483.0012046676993
63916,STARLINK-33910,1,1.0,483.032444455609
63917,STARLINK-34075,1,1.0,483.0116248775694
63918,YAOGAN-40 02A,0,0.0,850.9760738221948
63919,YAOGAN-40 02B,0,0.0,850.9726242167862
63920,YAOGAN-40 02C,0,0.0,850.9737911451575
63924,TJS-19,0,0.0,35787.74914523303
63926,STARLINK-34012,0,0.0,572.0418204803545
63927,STARLINK-33956,0,0.0,572.0753361337211
63928,STARLINK-33997,0,0.0,572.0199232690311
63929,STARLINK-33989,0,0.0,572.0594224874558
63930,STARLINK-33980,0,0.0,572.0407195855096
63931,STARLINK-33994,0,0.0,572.0519512072997
63932,STARLINK-33971,0,0.0,572.0110976376527
63933,STARLINK-33877,0,0.0,572.0506987802664
63934,STARLINK-33895,0,0.0,572.0657434040604
63935,STARLINK-34005,0,0.0,572.0406391830938
63936,STARLINK-34027,0,0.0,572.0468239910624
63937,STARLINK-34035,0,0.0,572.0423090798904
63938,STARLINK-33988,0,0.0,572.0440315485621
63939,STARLINK-34020,0,0.0,572.0527737893135
63940,STARLINK-34021,0,0.0,572.048178465845
63941,STARLINK-34004,0,0.0,572.0550961932295
63942,STARLINK-34014,0,0.0,572.0449901940656
63943,STARLINK-33985,0,0.0,572.0417864639339
63944,STARLINK-33996,0,0.0,572.0394393319439
63945,STARLINK-34036,0,0.0,572.0405711502835
63946,STARLINK-34039,0,0.0,572.0450767814173
63947,STARLINK-34034,0,0.0,572.0448108345599
63948,STARLINK-33983,0,0.0,572.0549199254874
63949,STARLINK-33993,0,0.0,572.1041887406136
63950,STARLINK-33962,0,0.0,572.0835527566578
63951,STARLINK-33998,0,0.0,572.0462457109352
63952,STARLINK-34159,1,1.0,483.0304202814468
63953,STARLINK-34137,1,1.0,483.0657087978161
63954,STARLINK-33974,1,1.0,483.0187723260078
63955,STARLINK-34170,1,1.0,483.0110888945446
63956,STARLINK-34187,1,1.0,483.0528779186207
63957,STARLINK-34142,1,1.0,483.1000515325168
63958,STARLINK-34144,1,1.0,483.0407148395152
63959,STARLINK-34099,1,1.0,482.8664222197676
63960,STARLINK-34107,1,1.0,483.025287988562
63961,STARLINK-34121,1,1.0,483.04106817291
63962,STARLINK-34103,1,1.0,483.0253269149016
63963,STARLINK-33801,1,1.0,483.1224768006414
63964,STARLINK-34135,1,1.0,483.00675911372673
63965,STARLINK-34147,1,1.0,483.0135622025591
63966,STARLINK-33960,1,1.0,483.0358729788604
63967,STARLINK-34153,1,1.0,483.0172751630853
63968,STARLINK-33963,1,1.0,483.0159426887694
63969,STARLINK-34112,1,1.0,483.003639040774
63970,STARLINK-34084,1,1.0,483.0897747182989
63971,STARLINK-34138,1,1.0,483.0218415125546
63972,STARLINK-34115,1,1.0,483.0428078913865
63973,STARLINK-34028,1,1.0,482.9525266424307
63974,STARLINK-33942,1,1.0,483.019458026899
63975,STARLINK-34139,1,1.0,483.0350165962327
63976,STARLINK-34090,1,1.0,482.89324104591833
63977,STARLINK-34105,1,1.0,483.04975180451584
63978,STARLINK-33642,1,1.0,483.0104241559666
63979,STARLINK-34045,1,1.0,482.9882543183312
63982,SCS-01 A,0,0.0,502.5480053225083
63983,SCS-01 B,1,1.0,441.60295228845735
63984,SCS-01 C,0,0.0,502.597661947555
63985,SCS-01 D,1,1.0,472.2650731439553
63986,SCS-01 E,0,0.0,502.10829407893743
63987,SCS-01 F,0,0.0,502.15743620873945
63988,SCS-01 G,1,1.0,484.4483067164056
63989,SCS-01 H,1,1.0,450.6110089852873
63990,SCS-01 J,1,1.0,477.20371643064846
63991,SCS-01 K,0,0.0,502.28629298183387
63992,SCS-01 L,0,0.02,502.22412834894567
63993,SCS-01 M,1,1.0,463.4002707820055
63994,STARLINK-33871,1,1.0,483.0059716093738
63995,STARLINK-34154,1,1.0,483.0288003443248
63996,STARLINK-34158,1,1.0,483.0887446434717
63997,STARLINK-34165,1,1.0,483.0372324119735
63998,STARLINK-34150,1,1.0,483.046152585599
63999,STARLINK-34169,1,1.0,483.0434726378071
64000,STARLINK-34152,1,1.0,483.0349896471325
64001,STARLINK-33927,1,1.0,483.0353160306868
64002,STARLINK-33898,1,1.0,483.0322588064373
64003,STARLINK-33928,1,1.0,483.0707962505385
64004,STARLINK-33758,1,1.0,483.0483025344356
64005,STARLINK-33936,1,1.0,483.04356546277
64006,STARLINK-33931,1,1.0,482.9866523718483
64007,STARLINK-33759,1,1.0,482.9915540316069
64008,STARLINK-34163,1,1.0,483.0342919649856
64009,STARLINK-34077,1,1.0,483.0362592494339
64010,STARLINK-34113,1,1.0,483.0486947954769
64011,STARLINK-34193,1,1.0,483.0166822867932
64012,STARLINK-34078,1,1.0,483.0487666601002
64013,STARLINK-34182,1,1.0,483.0075376353625
64014,STARLINK-34192,1,1.0,483.0197335050361
64015,STARLINK-34093,1,1.0,483.0527761102503
64016,STARLINK-34016,1,1.0,483.0355585726202
64017,STARLINK-34161,1,1.0,483.1095228845916
64018,STARLINK-34162,1,1.0,483.0332259788729
64019,STARLINK-34155,1,1.0,483.0161822346663
64020,STARLINK-34141,1,1.0,483.0375707731818
64021,STARLINK-34062,1,1.0,483.0379390779098
64022,STARLINK-34051,0,0.0,572.0839795145539
64023,STARLINK-34087,1,0.99,572.2595000766123
64024,STARLINK-34184,0,0.0,572.0448664978521
64025,STARLINK-34088,0,0.0,572.0455622891204
64026,STARLINK-33992,0,0.0,572.0755587893491
64027,STARLINK-33967,0,0.0,572.0391486464323
64028,STARLINK-33953,0,0.0,572.0498514595802
64029,STARLINK-33790,0,0.0,572.037562246257
64030,STARLINK-34030,0,0.0,572.0671442745097
64031,STARLINK-34024,0,0.0,572.0403763290606
64032,STARLINK-34019,0,0.0,572.0458900841777
64033,STARLINK-33860,0,0.0,572.0611727985406
64034,STARLINK-33946,0,0.0,572.0455591967147
64035,STARLINK-34046,0,0.0,572.0447489864564
64036,STARLINK-34085,1,1.0,571.9816398991625
64037,STARLINK-34008,0,0.0,572.0508750477411
64038,STARLINK-34079,0,0.0,572.0244041276419
64039,STARLINK-34089,0,0.0,572.0349120631863
64040,STARLINK-34117,0,0.0,572.0435800575679
64041,STARLINK-34111,0,0.0,572.0381714485557
64042,STARLINK-34049,0,0.0,572.0413195112988
64043,STARLINK-34096,0,0.0,572.058872036494
64044,STARLINK-34081,0,0.0,572.0789573823122
64045,STARLINK-34033,0,0.0,572.0365510325819
64046,STARLINK-33952,0,0.0,572.0410597496011
64047,STARLINK-33961,0,0.0,572.0480269378113
64048,TIANYI A,0,0.0,508.3266370460869
64049,TIANYI B,0,0.0,505.54247816973657
64050,TIANYI C,0,0.0,505.5021874038802
64051,TIANYI D,0,0.0,507.81244686937225
64052,TIANYI E,1,1.0,491.3299778134706
64053,TIANYI F,0,0.0,507.8203509965015
64055,QPS-SAR-10 (WADATSUMI-I),0,0.0,560.2127655098438
64058,TIANQI-16,0,0.0,896.6844150541456
64059,TIANQI-17,0,0.0,896.675413176652
64060,TIANQI-18,0,0.0,896.7415916647333
64061,TIANQI-20,0,0.0,896.7320869935947
64062,CHINASAT 3B,0,0.0,35786.851190516165
64064,STARLINK-11741 [DTC],1,1.0,356.2346818704864
64065,STARLINK-11709 [DTC],1,1.0,356.2786054611688
64066,STARLINK-11737 [DTC],1,1.0,356.4021435067325
64067,STARLINK-11726 [DTC],1,1.0,356.4904370257191
64068,STARLINK-11700 [DTC],1,1.0,356.2344846746409
64069,STARLINK-11649 [DTC],1,1.0,356.32189243322773
64070,STARLINK-11713 [DTC],1,1.0,356.4880275791629
64071,STARLINK-11719 [DTC],1,1.0,356.20632011204725
64072,STARLINK-11733 [DTC],1,1.0,356.54121025362474
64073,STARLINK-11729 [DTC],1,1.0,356.4160624340175
64074,STARLINK-11730 [DTC],1,1.0,356.2043967589507
64075,STARLINK-11723 [DTC],1,1.0,356.168101943128
64076,STARLINK-11715 [DTC],1,1.0,356.3225554901037
64077,STARLINK-34201,1,1.0,483.0265156656842
64078,STARLINK-34190,1,1.0,483.0122896164376
64079,STARLINK-34168,1,1.0,483.0158468704176
64080,STARLINK-34098,1,1.0,483.0202066088541
64081,STARLINK-34180,1,1.0,483.0219373311156
64082,STARLINK-34171,1,1.0,483.04140354024094
64083,STARLINK-34126,1,1.0,483.0371755193837
64084,STARLINK-34157,1,1.0,483.0335583509032
64085,STARLINK-34140,1,1.0,483.00941507113566
64086,STARLINK-34132,1,1.0,483.0430893605717
64087,2025-108A,0,0.0,515.9720309886743
64088,2025-108B,0,0.0,508.2091859124621
64089,2025-108C,0,0.0,525.0311034186234
64090,2025-108D,0,0.0,507.9967434164973
64091,2025-108E,1,1.0,488.7952512978764
64092,2025-108F,1,1.0,477.8120661881794
64095,COSMOS 2588,1,1.0,476.6306387314489
64096,STARLINK-34178,1,1.0,470.69938011070553
64097,STARLINK-34174,1,1.0,462.6814361559855
64098,STARLINK-34146,1,1.0,462.7677498294197
64099,STARLINK-34074,1,1.0,475.2013525977163
64100,STARLINK-34082,1,1.0,475.15827971593535
64101,STARLINK-34072,1,1.0,470.6894716044917
64102,STARLINK-34104,1,1.0,462.6906648123586
64103,STARLINK-34179,1,1.0,475.27276502146833
64104,STARLINK-34176,1,1.0,475.1740535202771
64105,STARLINK-33949,1,1.0,470.7333596435146
64106,STARLINK-33970,1,1.0,462.7012101879227
64107,STARLINK-33912,1,1.0,470.7025309278033
64108,STARLINK-34156,1,1.0,470.698876338015
64109,STARLINK-34124,1,1.0,470.7073093262106
64110,STARLINK-34145,1,1.0,462.7362646399242
64111,STARLINK-34148,1,1.0,470.7006857468687
64112,STARLINK-34136,1,1.0,470.6749010383082
64113,STARLINK-33839,1,1.0,470.7194595520896
64114,STARLINK-34064,1,1.0,470.7851629215447
64115,STARLINK-34067,1,1.0,450.05150466124
64116,STARLINK-34080,1,1.0,470.6805647107194
64117,STARLINK-34122,1,1.0,470.6964856546738
64118,STARLINK-33964,1,1.0,470.7102932211456
64119,STARLINK-34160,1,1.0,462.6964903248381
64120,STARLINK-34151,1,1.0,470.7452089085973
64121,STARLINK-34189,1,1.0,475.20174970978405
64122,STARLINK-33991,1,1.0,470.6889946616548
64123,STARLINK-11727 [DTC],1,1.0,356.4750629072869
64124,STARLINK-11724 [DTC],1,1.0,356.4055617828289
64125,STARLINK-11725 [DTC],1,1.0,356.4255685024855
64126,STARLINK-11717 [DTC],1,1.0,356.4456582566354
64127,STARLINK-11721 [DTC],1,1.0,356.2760704540606
64128,STARLINK-11722 [DTC],1,1.0,356.48408615225344
64129,STARLINK-11679 [DTC],1,1.0,356.20055005687664
64130,STARLINK-11735 [DTC],1,1.0,356.4376726400187
64131,STARLINK-11720 [DTC],1,1.0,356.27227223479895
64132,STARLINK-11718 [DTC],1,1.0,356.58906326772103
64133,STARLINK-11716 [DTC],1,1.0,356.4250769070213
64134,STARLINK-11714 [DTC],1,1.0,356.5090752966262
64135,STARLINK-11712 [DTC],1,1.0,356.4394189557315
64136,STARLINK-34254,1,1.0,483.023680031798
64138,STARLINK-34129,1,1.0,483.0667568302706
64139,STARLINK-34212,1,1.0,483.0342440554887
64140,STARLINK-34149,1,1.0,483.0461585743124
64141,STARLINK-34054,1,1.0,483.0228146699801
64142,STARLINK-34195,1,1.0,483.0096546164632
64143,STARLINK-34133,1,1.0,483.0142778453665
64144,STARLINK-34181,1,1.0,483.0325372801999
64145,STARLINK-34186,1,1.0,483.0333098204628
64146,STARLINK-34314,1,0.99,502.04815360402336
64147,STARLINK-33926,1,1.0,485.39736989711946
64148,STARLINK-34213,1,1.0,465.5373696809311
64149,STARLINK-33924,1,1.0,479.58373868408034
64150,STARLINK-34209,1,0.99,519.9525236883674
64151,STARLINK-34338,1,0.99,530.447161246866
64152,STARLINK-34348,1,0.97,503.685456037746
64153,STARLINK-34345,1,1.0,497.0568124601468
64154,STARLINK-33945,0,0.0,549.4782686296412
64155,STARLINK-34346,1,1.0,511.0630612790456
64156,STARLINK-34277,1,1.0,465.5674946592644
64157,STARLINK-34343,0,0.01,547.0883412091334
64158,STARLINK-34166,1,1.0,493.2059096275652
64159,STARLINK-34344,1,1.0,492.7337753805869
64160,STARLINK-34339,1,1.0,477.5445353657569
64161,STARLINK-34341,1,0.97,514.8815143183947
64162,STARLINK-34317,1,1.0,509.7710734790599
64163,STARLINK-34340,1,1.0,468.3447004671252
64164,STARLINK-34263,1,1.0,486.2412981003336
64165,STARLINK-33793,1,1.0,484.7592703939636
64166,STARLINK-34313,1,1.0,516.5555314343183
64167,STARLINK-34309,1,1.0,504.93061473225407
64168,STARLINK-34303,1,0.95,531.7862888249947
64169,STARLINK-34175,1,1.0,477.8399773246765
64170,STARLINK-34177,1,1.0,470.6764212860708
64171,STARLINK-34228,1,1.0,470.6708589718965
64172,STARLINK-34233,1,1.0,470.68047230334014
64173,STARLINK-34172,1,1.0,470.6962799725388
64174,STARLINK-34202,1,1.0,475.1778723292582
64175,STARLINK-34231,1,1.0,470.6669898018172
64176,STARLINK-34191,1,1.0,462.6655171684133
64177,STARLINK-34164,1,1.0,475.193311837158
64178,STARLINK-34227,1,1.0,475.1670369578287
64179,STARLINK-34194,1,1.0,462.7295206206736
64180,STARLINK-34000,1,1.0,470.7484670928616
64181,STARLINK-33917,1,1.0,475.20071960716905
64182,STARLINK-34131,1,1.0,475.1845783976205
64183,STARLINK-34188,1,1.0,470.68861608833686
64184,STARLINK-34197,1,1.0,475.1956437448662
64185,STARLINK-34063,1,1.0,470.6983993935419
64186,STARLINK-34200,1,1.0,470.6747609370877
64187,STARLINK-33934,1,1.0,475.1914337720855
64188,STARLINK-33929,1,1.0,475.2083602905586
64189,STARLINK-33872,1,1.0,462.67811919723954
64190,STARLINK-34214,1,1.0,475.1874089247213
64191,STARLINK-34222,1,1.0,475.1714290252421
64192,STARLINK-34265,1,1.0,475.1917024935592
64193,STARLINK-34245,1,1.0,462.6673866638357
64194,STARLINK-34237,1,1.0,470.75673628056575
64195,STARLINK-33857,1,1.0,470.6761619496274
64196,STARLINK-34173,1,1.0,470.6620505071214
64199,SHIJIAN-26 (SJ-26),1,1.0,493.3804508791518
64202,NAVSTAR 84 (USA 545),0,0.0,20181.47418718892
64203,STARLINK-33966,1,1.0,465.2094587939528
64204,STARLINK-34331,1,1.0,462.692364909617
64205,STARLINK-34251,1,1.0,462.698154759255
64206,STARLINK-34311,1,1.0,462.6938361484808
64207,STARLINK-34324,1,1.0,475.2126538922112
64208,STARLINK-34327,1,1.0,475.19832499331096
64209,STARLINK-33944,1,1.0,475.20652401652296
64210,STARLINK-34310,1,1.0,475.1808700532493
64211,STARLINK-34258,1,1.0,462.6788206326246
64212,STARLINK-34284,1,1.0,475.1970470705628
64213,STARLINK-34332,1,1.0,462.70575767076025
64214,STARLINK-34283,1,1.0,462.6841527363031
64215,STARLINK-34349,1,1.0,462.69206471754296
64216,STARLINK-34296,1,1.0,475.2007106497576
64217,STARLINK-34320,1,1.0,462.6798817025947
64218,STARLINK-34300,1,1.0,475.2039054620154
64219,STARLINK-34323,1,1.0,475.20819009925526
64220,STARLINK-34328,1,1.0,462.6892262693491
64221,STARLINK-34326,1,1.0,462.6819146781427
64222,STARLINK-34318,1,1.0,462.68638187971646
64223,STARLINK-34337,1,1.0,462.6619089566966
64224,STARLINK-34304,1,1.0,475.1699182249158
64225,STARLINK-34289,1,1.0,462.6763715539273
64226,STARLINK-34347,1,1.0,462.6860846604896
64227,STARLINK-34330,1,1.0,475.2079034612934
64228,STARLINK-34167,1,1.0,462.7176703282994
64229,STARLINK-34241,1,1.0,462.7875512358305
64231,GLOBAL-32,1,1.0,452.9892139213725
64233,STARLINK-11686 [DTC],1,1.0,356.2843128083396
64234,STARLINK-11682 [DTC],1,1.0,356.4435032239053
64235,STARLINK-11675 [DTC],1,1.0,355.7733202419704
64236,STARLINK-11691 [DTC],1,1.0,356.44184550759473
64237,STARLINK-11670 [DTC],1,1.0,356.46473065724786
64238,STARLINK-11708 [DTC],1,1.0,356.36439985352627
64239,STARLINK-11683 [DTC],1,1.0,356.51035005502854
64240,STARLINK-11684 [DTC],1,1.0,356.2290803709502
64241,STARLINK-11689 [DTC],1,1.0,356.446235599914
64242,STARLINK-11690 [DTC],1,1.0,356.3203090997968
64243,STARLINK-11694 [DTC],1,1.0,321.6990492805926
64244,STARLINK-11710 [DTC],1,1.0,356.4194407142795
64245,STARLINK-11704 [DTC],1,1.0,356.4247853795214
64246,STARLINK-34203,1,1.0,483.0323246819489
64247,STARLINK-33865,1,1.0,483.032369597071
64248,STARLINK-34234,1,1.0,483.0002973926785
64249,STARLINK-34256,1,1.0,483.0151641647508
64250,STARLINK-34229,1,1.0,482.9870745669987
64251,STARLINK-34224,1,1.0,483.0270306913717
64252,STARLINK-34215,1,1.0,483.0414664216196
64253,STARLINK-33893,1,1.0,483.03213603844415
64254,STARLINK-34183,1,1.0,483.0254347109221
64255,STARLINK-34211,1,1.0,483.0405920711437
64256,STARLINK-34329,1,1.0,462.6684239519891
64257,STARLINK-34352,1,1.0,462.6794626244901
64258,STARLINK-34308,1,1.0,462.6635139267246
64259,STARLINK-34306,1,1.0,462.67567606352986
64260,STARLINK-34281,1,1.0,462.6794566801209
64261,STARLINK-34297,1,1.0,462.75926100859033
64262,STARLINK-34325,1,1.0,462.6722580577453
64263,STARLINK-34276,1,1.0,470.68375127681793
64264,STARLINK-34333,1,1.0,462.6754323447167
64265,STARLINK-34240,1,1.0,462.6619862330099
64266,STARLINK-34315,1,1.0,462.6650475656297
64267,STARLINK-34321,1,1.0,462.6754323447167
64268,STARLINK-34319,1,1.0,462.6699189553774
64269,STARLINK-34298,1,1.0,462.6876391174028
64270,STARLINK-34219,1,1.0,462.6689173327377
64271,STARLINK-34342,1,1.0,462.67566417480793
64272,STARLINK-34001,1,1.0,462.6699694823456
64273,STARLINK-34334,1,1.0,462.6565501469222
64274,STARLINK-34272,1,1.0,462.6426583062257
64275,STARLINK-34293,1,1.0,462.6612877741054
64276,STARLINK-34350,1,1.0,462.7346804329391
64277,STARLINK-34264,1,1.0,462.6565442026031
64278,STARLINK-34353,1,1.0,462.6877223388301
64279,STARLINK-34377,1,1.0,462.6490662582119
64280,STARLINK-34359,1,1.0,462.64787739771145
64281,STARLINK-34366,1,1.0,462.6829846658793
64282,STARLINK-34381,1,1.0,462.6699754266938
64283,HULIANWANG DIGUI-30,0,0.0,1167.922421130707
64284,HULIANWANG DIGUI-31,0,0.0,1167.9040898617468
64285,HULIANWANG DIGUI-32,0,0.0,1167.919344386949
64286,HULIANWANG DIGUI-33,0,0.0,1167.9211296576375
64287,HULIANWANG DIGUI-34,0,0.01,1167.9184441551097
64290,SXM-10,0,0.0,35786.499366782926
64291,STARLINK-34448,0,0.0,572.0426647061895
64292,STARLINK-34362,0,0.0,572.0931579176067
64293,STARLINK-34428,0,0.0,572.0406082590898
64294,STARLINK-34388,0,0.0,572.0433017412388
64295,STARLINK-34424,0,0.0,572.0399495778593
64296,STARLINK-34443,0,0.0,572.0396681694929
64297,STARLINK-34369,1,0.95,572.0130643841958
64298,STARLINK-34391,0,0.0,572.0272862296115
64299,STARLINK-34378,0,0.0,572.0429863160989
64300,STARLINK-34376,0,0.0,572.0444273763433
64301,STARLINK-34372,0,0.0,572.036046972079
64302,STARLINK-34379,1,1.0,431.8897138438933
64303,STARLINK-34356,0,0.0,572.0388424989578
64304,STARLINK-34360,0,0.0,572.0512832461454
64305,STARLINK-34383,0,0.0,572.0341111332109
64306,STARLINK-34355,0,0.0,572.0398939146635
64307,STARLINK-34380,0,0.0,572.0494896475411
64308,STARLINK-34374,0,0.0,572.0418390347659
64309,STARLINK-34370,0,0.0,572.0364922770586
64310,STARLINK-34357,0,0.0,572.03473270433
64311,STARLINK-34368,0,0.0,572.0420276712866
64312,STARLINK-34384,0,0.0,572.005231422344
64313,STARLINK-34358,0,0.0,572.0409360535623
64314,STARLINK-34354,0,0.0,572.0370891095372
64315,STARLINK-34387,0,0.0,572.0370056148286
64316,STARLINK-33590,0,0.0,572.0556528282777
64317,STARLINK-11736 [DTC],1,1.0,356.47949306812825
64318,STARLINK-11673 [DTC],1,1.0,356.32131511659827
64319,STARLINK-11671 [DTC],1,1.0,356.45828552549574
64320,STARLINK-11594 [DTC],1,1.0,356.3529819738751
64321,STARLINK-11596 [DTC],1,1.0,356.4238879323175
64322,STARLINK-11747 [DTC],1,1.0,356.29788816942346
64323,STARLINK-11728 [DTC],1,1.0,356.3852408239718
64324,STARLINK-11696 [DTC],1,1.0,356.3572976123105
64325,STARLINK-11698 [DTC],1,1.0,356.4817310166645
64327,STARLINK-11674 [DTC],1,1.0,356.4025407810741
64328,STARLINK-11707 [DTC],1,1.0,356.2815434430804
64329,STARLINK-11734 [DTC],1,1.0,356.43157626359607
64330,STARLINK-34252,1,1.0,483.02117078271385
64331,STARLINK-34050,1,1.0,483.028500910581
64332,STARLINK-33782,1,1.0,482.9893142983892
64333,STARLINK-34207,1,1.0,482.9893771785746
64334,STARLINK-34260,1,1.0,483.0029772983107
64335,STARLINK-33855,1,1.0,482.9822837038519
64336,STARLINK-34223,1,1.0,483.0036899440474
64337,STARLINK-34216,1,1.0,482.98472704301184
64338,STARLINK-34218,1,1.0,483.0001506716635
64339,STARLINK-34017,1,1.0,483.00649561414593
64340,QPS-SAR-11 (YAMATSUMI-I),0,0.0,560.6862391390323
64344,STARLINK-33977,0,0.0,572.0843475159791
64345,STARLINK-34426,0,0.0,572.0463230211053
64346,STARLINK-34437,0,0.0,572.0388486837564
64347,STARLINK-34407,0,0.0,572.0344172801615
64348,STARLINK-34274,0,0.0,572.0505317900379
64349,STARLINK-34301,0,0.0,572.0562125558563
64350,STARLINK-34425,0,0.0,572.0185286071273
64351,STARLINK-34389,0,0.0,572.0552879230681
64352,STARLINK-34385,0,0.0,572.0278150276154
64353,STARLINK-34431,1,0.81,572.1642111627325
64354,STARLINK-34473,0,0.0,572.0551858733133
64355,STARLINK-34270,0,0.0,572.0239248083981
64356,STARLINK-34397,0,0.0,572.0634890246192
64357,STARLINK-34454,0,0.02,572.0018885819418
64358,STARLINK-34436,0,0.0,572.0408958523531
64359,STARLINK-34291,0,0.0,572.0515801177498
64360,STARLINK-34458,0,0.0,572.0874214121468
64361,STARLINK-34243,0,0.0,572.0799871660784
64362,STARLINK-34335,0,0.0,572.0563671767541
64363,STARLINK-34408,0,0.0,572.0703820506342
64364,STARLINK-34476,0,0.0,572.0540880655917
64365,STARLINK-34479,0,0.0,572.0490876342192
64366,STARLINK-34484,0,0.0,572.0371447726766
64367,STARLINK-34483,0,0.0,572.0515615632739
64368,STARLINK-34457,0,0.0,572.0382518509005
64369,STARLINK-34444,1,0.97,571.993591799308
64370,STARLINK-11732 [DTC],1,1.0,356.3904653821592
64371,STARLINK-11731 [DTC],1,1.0,356.29151774409274
64372,STARLINK-11746 [DTC],1,1.0,356.41664834526546
64373,STARLINK-11748 [DTC],1,1.0,356.3943552266446
64374,STARLINK-11739 [DTC],1,1.0,356.2812462151924
64375,STARLINK-11738 [DTC],1,1.0,356.242858365973
64376,STARLINK-11745 [DTC],1,1.0,356.4469644245273
64377,STARLINK-11742 [DTC],1,1.0,356.32008617567044
64378,STARLINK-11711 [DTC],1,1.0,356.31119780564586
64379,STARLINK-11743 [DTC],1,1.0,356.3404266491916
64380,STARLINK-11744 [DTC],1,1.0,356.4134930003447
64381,STARLINK-11692 [DTC],1,1.0,356.25538465658246
64382,STARLINK-11740 [DTC],1,1.0,356.4788385471311
64383,STARLINK-34299,1,1.0,483.0255754446189
64384,STARLINK-34271,1,1.0,483.11709280314335
64385,STARLINK-34100,1,1.0,483.02680911054085
64386,STARLINK-34269,1,1.0,483.02036231392685
64387,STARLINK-34351,1,1.0,483.0088730999114
64388,STARLINK-34198,1,1.0,483.0195328850869
64389,STARLINK-34279,1,1.0,483.01616127439866
64390,STARLINK-34292,1,1.0,483.0187094451494
64391,STARLINK-34278,1,1.0,483.02204213267305
64392,STARLINK-33802,1,1.0,483.0184579217266
64393,ZHANGHENG 1-02 (CSES-2),0,0.0,500.975831948308
64412,STARLINK-34419,0,0.0,572.0560919515619
64413,STARLINK-34275,0,0.0,572.0455777511497
64414,STARLINK-34225,0,0.0,572.0392135868087
64415,STARLINK-34422,0,0.0,572.0383415304395
64416,STARLINK-34514,0,0.0,572.0350419437445
64417,STARLINK-34487,0,0.0,572.0394424243414
64418,STARLINK-34461,1,1.0,572.1074853169039
64419,STARLINK-34512,0,0.0,572.050933803569
64420,STARLINK-34503,0,0.0,572.0558662050762
64421,STARLINK-34498,0,0.0,572.0506585789135
64422,STARLINK-34434,0,0.0,572.0412050924524
64423,STARLINK-34467,0,0.0,572.0412483860682
64424,STARLINK-34468,0,0.0,572.0437686942068
64425,STARLINK-34452,0,0.0,572.0339410515844
64426,STARLINK-34432,0,0.0,572.0794305261579
64427,STARLINK-34480,0,0.0,572.0463879616518
64428,STARLINK-34495,0,0.0,572.0350388513498
64429,STARLINK-34501,0,0.0,572.0557486932148
64430,STARLINK-34441,0,0.0,572.0363809508062
64431,STARLINK-34524,0,0.0,572.0476342019265
64432,STARLINK-34506,0,0.0,572.0422472318432
64433,STARLINK-34451,0,0.0,572.0514935301953
64434,STARLINK-34472,0,0.0,572.047260020544
64435,STARLINK-34478,0,0.0,572.0491402051885
64436,STARLINK-34396,1,1.0,572.1062947143218
64437,STARLINK-34507,0,0.0,572.0773926065094
64438,STARLINK-34465,1,1.0,462.6896780431061
64439,STARLINK-34456,1,1.0,462.6487482379762
64440,STARLINK-34410,1,1.0,462.66323454298526
64441,STARLINK-34453,1,1.0,462.6572575211003
64442,STARLINK-34404,1,1.0,462.6574388229137
64443,STARLINK-34403,1,1.0,462.6076882723592
64444,STARLINK-34399,1,1.0,462.6549184315545
64445,STARLINK-34398,1,1.0,462.733417229153
64446,STARLINK-34402,1,1.0,462.6909887818592
64447,STARLINK-34450,1,1.0,462.7255526841027
64448,STARLINK-34433,1,1.0,462.7236088431191
64449,STARLINK-34459,1,1.0,462.6625955270947
64450,STARLINK-34361,1,1.0,462.65902595734406
64451,STARLINK-34392,1,1.0,462.6689529988198
64452,STARLINK-34367,1,1.0,462.6677760183675
64453,STARLINK-34221,1,1.0,462.7295889821771
64454,STARLINK-34282,1,1.0,470.6911617713377
64455,STARLINK-34295,1,1.0,462.7469796099394
64456,STARLINK-34430,1,1.0,463.01278671353975
64457,STARLINK-34445,1,1.0,462.66047042880473
64458,STARLINK-34439,1,1.0,462.657905452229
64459,STARLINK-34421,1,1.0,462.6539822018658
64460,STARLINK-34423,1,1.0,462.6761278350496
64461,STARLINK-34418,1,1.0,462.674719021481
64462,STARLINK-34336,1,1.0,470.69004989779296
64463,STARLINK-34400,1,1.0,470.6759413646269
64464,STARLINK-34429,1,1.0,462.61470542587176
64465,STARLINK-34449,1,1.0,462.692929627472
64467,COSMOS 2589,0,0.01,35756.87748209469
64470,CHINASAT 9C,0,0.0,35786.90725872135
64472,STARLINK-34493,1,1.0,462.747716730084
64473,STARLINK-34492,1,1.0,462.6692650770556
64474,STARLINK-34474,1,1.0,462.6577925100965
64475,STARLINK-34523,1,1.0,462.6693780196629
64476,STARLINK-34496,1,1.0,462.6712802116572
64477,STARLINK-34375,1,1.0,462.6527368682664
64478,STARLINK-34490,1,1.0,462.7447890564836
64479,STARLINK-34528,1,1.0,462.6672618326229
64480,STARLINK-34518,1,1.0,462.6542556403447
64481,STARLINK-34526,1,1.0,462.6882662503649
64482,STARLINK-34527,1,1.0,462.6918418026571
64483,STARLINK-34420,1,1.0,462.6802591701635
64484,STARLINK-34509,1,1.0,462.68020864300615
64485,STARLINK-34409,1,1.0,462.69891861610176
64486,STARLINK-34520,1,1.0,462.6732477928945
64487,STARLINK-34477,1,1.0,462.6600513536723
64488,STARLINK-34217,1,1.0,462.696389269925
64489,STARLINK-34307,1,1.0,475.1915173743182
64490,STARLINK-34505,1,1.0,475.1872238057713
64491,STARLINK-34530,1,1.0,462.65250801227376
64492,STARLINK-34522,1,1.0,462.6568533072623
64493,STARLINK-34462,1,1.0,462.6515777277164
64494,STARLINK-34226,1,1.0,470.6823472795113
64495,STARLINK-34364,1,1.0,462.6751321544998
64497,STARLINK-34363,1,1.0,462.6813559069342
64498,STARLINK-34427,1,1.0,462.7055585324642
64500,KUIPER-00039,0,0.0,629.5659783549363
64501,KUIPER-00040,0,0.01,629.5999455821675
64502,KUIPER-00041,0,0.0,629.5632666767488
64503,KUIPER-00042,0,0.0,629.5179798290101
64504,KUIPER-00043,0,0.0,629.5710008065635
64505,KUIPER-00044,0,0.0,629.5658899649188
64506,KUIPER-00046,0,0.0,629.5469871924197
64507,KUIPER-00047,0,0.0,629.5297860327628
64508,KUIPER-00048,0,0.0,629.5622691333956
64509,KUIPER-00049,0,0.0,629.5238860814097
64510,KUIPER-00050,0,0.0,629.5429023414963
64511,KUIPER-00051,0,0.0,629.388455780917
64513,KUIPER-00053,0,0.02,623.8934728570712
64514,KUIPER-00054,0,0.0,629.5366077683457
64515,KUIPER-00055,0,0.0,629.5255338996394
64516,KUIPER-00056,0,0.0,629.5786623513004
64517,KUIPER-00057,0,0.0,629.5296850169043
64518,KUIPER-00058,0,0.0,629.5094124705784
64519,KUIPER-00059,0,0.0,629.533135341866
64520,KUIPER-00060,0,0.0,629.5035441292684
64521,KUIPER-00061,0,0.0,629.5464126612496
64522,KUIPER-00062,0,0.0,629.5455066700288
64523,KUIPER-00063,0,0.0,629.571278604275
64524,KUIPER-00064,0,0.0,629.5690846344514
64525,KUIPER-00065,0,0.0,629.5490454039482
64526,KUIPER-00066,0,0.0,629.5526504345326
64527,COSMOS 2590,1,0.92,35800.755363491626
64528,GOOD ANCESTOR KILAKILA,1,1.0,491.41532983945217
64529,GHGSAT-C12,0,0.0,504.1020737374329
64530,DUTHSAT-2,1,1.0,481.5983858687532
64531,TRANSPORTER-14 OBJECT D,1,1.0,484.15587882375166
64532,TRANSPORTER-14 OBJECT E,1,1.0,484.1297006846344
64533,TPA-1,1,1.0,499.8415008450993
64534,CONNECTA IOT-9,0,0.0,504.98690341128713
64535,ROADS 1,1,1.0,496.7592177125944
64536,FOSSASAT-2E21,0,0.0,505.1867769087403
64537,OTTER PUP 2,1,1.0,495.94522429630615
64538,IOD-2,0,0.0,503.6422932177175
64539,ELARASAT MMS-1,1,1.0,495.9167795494977
64540,ARCSTONE,1,1.0,462.5968936011977
64541,PULSAR-0,0,0.0,504.2389395748114
64542,T1DES 1 (DRAGOON 1),1,1.0,485.4685147619439
64544,SKYBEE-A02,0,0.0,504.8177118462636
64545,ION SCV-020,0,0.0,507.32066804749775
64546,FORGESTAR-1,1,1.0,490.7619549065112
64547,TRANSPORTER-14 OBJECT V,1,1.0,488.28300698998646
64548,GHGSAT-C13,0,0.05,500.918485984831
64549,ROADS 2,1,1.0,492.4985499319973
64550,BRO-18,1,1.0,498.7981395231309
64551,SATMAR,1,1.0,488.82629902332064
64552,HYPERFIELD-1B,1,1.0,497.6597267382258
64553,CONNECTA IOT-12,0,0.02,503.64785333052896
64554,TRANSPORTER-14 OBJECT AC,1,1.0,468.0294700142777
64555,CONNECTA IOT-10,0,0.0,503.7738775212465
64556,TRANSPORTER-14 OBJECT AE,1,1.0,486.03119925703686
64557,CONNECTA IOT-11,0,0.0,503.5587360002846
64558,QUICK3,1,1.0,480.5038163992813
64559,PADRE,0,0.0,589.7153967736194
64560,TRANSPORTER-14 OBJECT AJ,0,0.01,579.2150764818407
64561,LEMUR-2-KRISH,0,0.0,577.2863338175548
64562,HUBBLE 6,0,0.0,586.3504622518794
64563,AE3VA,0,0.0,573.9513538850761
64564,TIME FLIES,0,0.0,581.5371621424001
64565,LEMUR-2-HUBBLE-4,0,0.0,586.2723538055816
64566,ARVAKER-3,0,0.0,586.1002021801469
64567,ARVAKER-2,0,0.0,586.2894710209521
64568,IRIDE-MS2-HEO-3,0,0.0,591.6926788108149
64569,IRIDE-MS2-HEO-2,0,0.0,586.0242452548518
64570,ICEYE-X54,0,0.0,583.054262950578
64571,IRIDE-MS2-HEO-5,0,0.0,591.750281624255
64572,ICEYE-X52,0,0.0,586.3304974388684
64573,MUSAT-3ALPHA,0,0.0,555.1267099027082
64574,ICEYE-X56,0,0.01,579.6246088518528
64575,ION SCV-018,0,0.0,583.1986833425462
64576,IRIDE-MS2-HEO-6,0,0.0,591.7408824680124
64577,LYRA-3,0,0.0,646.3938160729504
64578,ICEYE-X57,0,0.0,564.2729734275563
64579,GRUS-3ALPHA,0,0.0,587.8315086308303
64580,YAM-10,0,0.0,591.7919023907798
64581,ICEYE-X55,0,0.0,580.8639383637283
64582,IRIDE-MS2-HEO-4,0,0.0,591.7752216198587
64583,CAPELLA-17 (ACADIA-7),0,0.0,592.1413650639124
64584,ICEYE-X53,0,0.0,564.1231526273868
64585,IRIDE-MS2-HEO-9,0,0.0,591.6918161479671
64586,LEMUR-2-SEJONG-2,0,0.0,575.8898557690945
64587,IRIDE-MS2-HEO-8,0,0.0,591.6771042060673
64588,BIFROST-DNK,0,0.0,582.7962709435269
64589,SATORO-T3,0,0.0,583.9093199028121
64590,TRANSPORTER-14 OBJECT BQ,0,0.0,584.800638680349
64591,AE2A,0,0.0,574.4582958841083
64592,HUBBLE 7,0,0.0,586.3696190332194
64594,STARLINK-34280,1,1.0,462.7071902780299
64595,STARLINK-34517,1,1.0,462.66815645643874
64596,STARLINK-34510,1,1.0,462.6761218906877
64597,STARLINK-34486,1,1.0,465.1858527964687
64598,STARLINK-34463,1,1.0,462.68925896350174
64599,STARLINK-34294,1,1.0,462.6878144768425
64600,STARLINK-34504,1,1.0,465.3142974667371
64601,STARLINK-34508,1,1.0,475.1893138591613
64602,STARLINK-34435,1,1.0,462.6549184315545
64603,STARLINK-34475,1,1.0,465.230464881728
64604,STARLINK-34488,1,1.0,475.1848142747676
64605,STARLINK-34516,1,1.0,470.6766478328673
64606,STARLINK-34073,1,1.0,475.1977009608672
64607,STARLINK-34532,1,1.0,462.68637890752507
64608,STARLINK-34519,1,1.0,462.701058605292
64609,STARLINK-34513,1,1.0,462.6842240688648
64610,STARLINK-34569,1,1.0,462.6655409457708
64611,STARLINK-34494,1,1.0,462.654065422269
64612,STARLINK-34521,1,1.0,474.9944739889834
64613,STARLINK-34500,1,1.0,462.6795399012999
64614,STARLINK-34440,1,1.0,462.6866404604698
64615,STARLINK-34469,1,1.0,475.1344385428201
64616,STARLINK-34413,1,1.0,462.695476803664
64617,STARLINK-34417,1,1.0,462.6628006065957
64618,STARLINK-34415,1,1.0,462.5016633830601
64619,STARLINK-34416,1,1.0,462.68382282323273
64620,STARLINK-34414,1,1.0,462.67489735227264
64621,HAWK-12C,0,0.0,510.1789842879271
64622,HAWK-12B,0,0.0,510.1816333549514
64623,HAWK-12A,0,0.0,510.17988243022864
64624,KESTREL-0A,1,1.0,494.1770891555034
64664,STARLINK-34464,1,1.0,462.68377824038816
64665,STARLINK-34555,1,1.0,462.6840843759337
64666,STARLINK-34390,1,1.0,462.791519262305
64667,STARLINK-34382,1,1.0,462.69292665527246
64668,STARLINK-34395,1,1.0,462.6951647224396
64669,STARLINK-34394,1,1.0,462.6676363262768
64670,STARLINK-34287,1,1.0,462.69630604823305
64671,STARLINK-34365,1,1.0,462.6969064333471
64672,STARLINK-34442,1,1.0,462.6943889778349
64673,STARLINK-34288,1,1.0,462.6744485531353
64674,STARLINK-34539,1,1.0,462.6738273676974
64675,STARLINK-34590,1,1.0,462.6951587780359
64676,STARLINK-34573,1,1.0,462.80606874193927
64677,STARLINK-34605,1,1.0,462.676472608101
64678,STARLINK-34525,1,1.0,462.6566779498071
64679,STARLINK-34489,1,1.0,462.6548292668085
64680,STARLINK-34502,1,1.0,462.6911195585499
64681,STARLINK-34553,1,1.0,462.7014360757803
64682,STARLINK-34551,1,1.0,462.6901030671679
64683,STARLINK-34550,1,1.0,462.6640132509256
64684,STARLINK-34485,1,1.0,462.6794982907095
64685,STARLINK-34253,1,1.0,462.647880369861
64686,STARLINK-34565,1,1.0,462.68572799746016
64687,STARLINK-34554,1,1.0,462.6915475550341
64688,STARLINK-34262,1,1.0,462.67619025085696
64689,STARLINK-34538,1,1.0,462.6802918642061
64690,STARLINK-34250,1,1.0,462.742057554703
64691,LYRA-4,0,0.0,652.728709958752
64694,GOSAT-GW (IBUKI GW),0,0.0,668.8917418432839
64696,STARLINK-34497,0,0.0,572.0407474171161
64697,STARLINK-34584,0,0.0,572.0402464482531
64698,STARLINK-34535,0,0.0,572.0499968028907
64699,STARLINK-34600,0,0.0,572.0465487668171
64700,STARLINK-34560,0,0.0,572.0428935440059
64701,STARLINK-34576,0,0.0,572.0343430627163
64702,STARLINK-34322,0,0.0,572.0474053637208
64703,STARLINK-34470,0,0.0,572.0688729434332
64704,STARLINK-34405,0,0.0,572.0585906262131
64705,STARLINK-34406,0,0.0,572.0377632520758
64706,STARLINK-34559,0,0.0,572.0354439550356
64707,STARLINK-34316,0,0.0,572.0304002637477
64708,STARLINK-34563,0,0.0,572.0194965209685
64709,STARLINK-34499,0,0.0,572.0350697752929
64710,STARLINK-34447,0,0.0,572.0423647431344
64711,STARLINK-34312,0,0.0,572.0472290964653
64712,STARLINK-34515,0,0.01,571.973930718902
64713,STARLINK-34583,0,0.0,572.0463601299889
64714,STARLINK-34574,0,0.0,572.0634859321945
64715,STARLINK-34533,0,0.0,572.0409855319776
64716,STARLINK-34548,0,0.0,572.0384528567693
64717,STARLINK-34568,0,0.0,572.0450149333101
64718,STARLINK-34546,0,0.0,572.0373365012747
64719,STARLINK-34577,0,0.0,572.0673514673299
64720,STARLINK-34572,0,0.0,572.0437408625712
64721,STARLINK-34558,0,0.0,572.0423554659264
64723,MTG-S1,0,0.0,35787.36169840195
64724,STARLINK-34393,1,1.0,462.67012403542776
64725,STARLINK-34562,1,1.0,475.2182821632568
64726,STARLINK-34557,1,1.0,462.717836772983
64727,STARLINK-34242,1,1.0,475.23013889301546
64728,STARLINK-34239,1,1.0,462.7243845960065
64729,STARLINK-34588,1,1.0,475.2131107222685
64730,STARLINK-34606,1,1.0,462.7118685484875
64731,STARLINK-34552,1,1.0,462.6965527411112
64732,STARLINK-34596,1,1.0,462.70082974525576
64733,STARLINK-34556,1,1.0,462.7022296556397
64734,STARLINK-34591,1,1.0,462.7007465234301
64735,STARLINK-34587,1,1.0,475.2367465564057
64736,STARLINK-34130,1,1.0,462.7397451429197
64737,STARLINK-34619,1,1.0,475.238143931454
64738,STARLINK-34597,1,1.0,462.727101218964
64739,STARLINK-34471,1,1.0,475.224928613864
64740,STARLINK-34208,1,1.0,462.68307383154206
64741,STARLINK-34205,1,1.0,462.73229074908977
64742,STARLINK-34607,1,1.0,475.2021975806056
64743,STARLINK-34236,1,1.0,462.73345586831874
64744,STARLINK-34185,1,1.0,462.7475829784298
64745,STARLINK-34581,1,1.0,475.21778054499646
64746,STARLINK-34592,1,1.0,462.6930217656591
64747,STARLINK-34589,1,1.0,462.6893927123037
64748,STARLINK-34536,1,1.0,475.2099905446357
64749,STARLINK-34595,1,1.0,475.2121074877332
64750,STARLINK-34531,1,1.0,462.7247561252443
64753,SHIYAN-28B 01,0,0.0,793.7014650270721
64755,STARLINK-33965,1,1.0,462.69374103806695
64756,STARLINK-34371,1,1.0,470.7125408324655
64757,STARLINK-34401,1,1.0,462.68973154263495
64758,STARLINK-34593,1,1.0,462.70793333188885
64759,STARLINK-34598,1,1.0,462.7083613310024
64760,STARLINK-34235,1,1.0,462.7035730947282
64761,STARLINK-34635,1,1.0,462.710664799607
64762,STARLINK-34638,1,1.0,462.7125818814084
64763,STARLINK-34534,1,1.0,462.7188324690742
64764,STARLINK-34261,1,1.0,462.72967220488135
64765,STARLINK-34566,1,1.0,462.6926353797335
64766,STARLINK-34645,1,1.0,475.1470652322214
64767,STARLINK-34639,1,1.0,462.73573855232553
64768,STARLINK-34609,1,1.0,462.6233394323326
64769,STARLINK-34246,1,1.0,462.708961718763
64770,STARLINK-34618,1,1.0,462.7049224789016
64771,STARLINK-34541,1,1.0,462.6387796598319
64772,STARLINK-34652,1,1.0,462.7022742387853
64773,STARLINK-34612,1,1.0,462.7150726036453
64774,STARLINK-34621,1,1.0,475.2061179463326
64775,STARLINK-34657,1,1.0,462.72645029921296
64776,STARLINK-34637,1,1.0,462.5971194804442
64777,STARLINK-34547,1,1.0,462.6898563748728
64778,STARLINK-34537,1,1.0,462.7132565756328
64779,STARLINK-34585,1,1.0,462.7327395577131
64780,STARLINK-34491,1,1.0,462.7049492288152
64781,STARLINK-34582,1,1.0,462.70874177471705
64782,STARLINK-34482,1,1.0,462.71630904893937
64784,DROR 1,0,0.0,35786.83885553604
64790,STARLINK-34629,0,0.0,572.0390960756522
64791,STARLINK-34697,0,0.0,572.0283283637846
64792,STARLINK-34632,1,1.0,571.9639548920213
64793,STARLINK-34693,1,0.99,571.9701178831374
64794,STARLINK-34666,0,0.0,572.0434780082442
64795,STARLINK-34567,0,0.0,572.080580915449
64796,STARLINK-34646,0,0.0,572.0728992927479
64797,STARLINK-34641,0,0.0,572.0326824478807
64798,STARLINK-34649,0,0.0,572.0326236924384
64799,STARLINK-34662,1,0.99,571.9860341105514
64800,STARLINK-34660,0,0.0,572.0436635524729
64801,STARLINK-34604,0,0.0,572.0425904885233
64802,STARLINK-34658,0,0.0,572.0832837136704
64803,STARLINK-34620,0,0.0,572.045608675212
64804,STARLINK-34633,1,0.98,571.9808420768677
64805,STARLINK-34624,0,0.0,572.0373024849105
64806,STARLINK-34664,0,0.0,572.0452499561306
64807,STARLINK-34663,0,0.0,572.0883027612717
64808,STARLINK-34696,0,0.0,572.0680658188112
64809,STARLINK-34675,0,0.0,572.0938073340649
64810,STARLINK-34608,0,0.0,572.0331957849485
64811,STARLINK-34669,0,0.0,572.0368602721974
64812,STARLINK-34644,0,0.0,572.1140506488719
64813,STARLINK-34685,0,0.0,572.0834074115919
64814,STARLINK-34668,0,0.0,572.0436511828566
64815,STARLINK-34667,1,0.97,572.0118552678377
64816,KUIPER-00069,0,0.01,629.7510131819163
64817,KUIPER-00070,0,0.02,629.5022372491212
64818,KUIPER-00071,0,0.01,629.5731032308449
64819,KUIPER-00072,0,0.0,629.5605171198222
64820,KUIPER-00073,0,0.01,629.5815381981793
64822,KUIPER-00075,1,1.0,428.3371498871502
64823,KUIPER-00076,0,0.0,629.5394930423499
64824,KUIPER-00077,0,0.0,629.5636581179078
64825,KUIPER-00078,0,0.0,629.5753540261576
64826,KUIPER-00079,1,0.96,629.6472415278004
64827,KUIPER-00080,0,0.03,629.5401117666997
64828,KUIPER-00082,0,0.0,629.5119504767581
64829,KUIPER-00083,0,0.0,629.531556967615
64830,KUIPER-00084,0,0.02,629.5856167917882
64831,KUIPER-00085,0,0.0,629.5355439426849
64832,KUIPER-00086,0,0.0,629.5206283286807
64833,KUIPER-00087,0,0.0,629.558951357265
64834,KUIPER-00089,0,0.0,629.5331826931069
64835,KUIPER-00090,0,0.0,629.5010503246858
64836,KUIPER-00091,0,0.0,629.5492474370621
64837,KUIPER-00092,0,0.01,629.5571109560251
64838,KUIPER-00093,0,0.0,629.5375737350241
64839,KUIPER-00094,0,0.0,629.5797577613439
64840,LEMUR-2-HUBBLE-5,0,0.0,584.6262015746852
64841,LEMUR-2-KARENDARRELL,0,0.0,564.4209581193645
64842,STARLINK-34723,0,0.0,549.4879829899019
64843,STARLINK-34725,0,0.0,549.509304397011
64844,STARLINK-34709,0,0.0,549.5086878499178
64845,STARLINK-34706,0,0.0,549.4818911894308
64846,STARLINK-34736,0,0.0,549.4836978700469
64847,STARLINK-34746,0,0.0,549.4776643589084
64848,STARLINK-34748,0,0.0,549.4831641476376
64849,STARLINK-34756,0,0.0,549.5310124634261
64850,STARLINK-34757,0,0.0,549.4506164770355
64851,STARLINK-34722,0,0.0,549.4468405916423
64852,STARLINK-34564,0,0.0,549.4796489439905
64853,STARLINK-34676,0,0.0,549.4770968966668
64854,STARLINK-34682,0,0.0,549.4936116291283
64855,STARLINK-34631,0,0.0,549.4849769638267
64856,STARLINK-34578,0,0.0,549.4868112528184
64857,STARLINK-34683,0,0.0,549.46007001608
64858,STARLINK-34654,0,0.0,549.460481040247
64859,STARLINK-34575,0,0.0,549.4999825877039
64860,STARLINK-34570,0,0.0,549.477449643452
64861,STARLINK-34651,0,0.0,549.4775815400881
64862,STARLINK-34684,0,0.0,549.4810169895554
64863,STARLINK-34690,0,0.0,549.4969857507667
64864,STARLINK-34628,0,0.0,549.4797992449267
64865,STARLINK-34544,0,0.0,549.4847714499192
64866,O3B MPOWER F9,0,0.0,8065.890738153011
64867,O3B MPOWER F10,0,0.0,8065.902175192962
64869,LIDE,0,0.0,583.4210568334865
64870,TRACERS 1,0,0.0,586.707114552868
64871,ATHENA EPIC,0,0.0,584.6469525313196
64872,SKYCRAFT-4B,0,0.01,572.5063194866916
64873,TRACERS 2,0,0.0,586.6871005529902
64874,PEXT (BARD),0,0.0,503.64659528991433
64875,REAL,1,1.0,461.3674684228981
64876,IONOSFERA-M 3,0,0.0,820.3038255635774
64877,IONOSFERA-M 4,0,0.0,820.2954497267365
64878,INNOSAT 16 (RS92S7),1,1.0,487.8648825776627
64879,GEOSCAN 6 (RS92S6),1,1.0,472.5777696807436
64880,GEOSCAN 1 (RS92S1),1,1.0,470.5561722940111
64881,239ALFEROV (RS61S),1,1.0,463.04897176718896
64882,2025-155G,1,1.0,474.80089286489147
64883,2025-155H,1,1.0,474.8116014031757
64884,2025-155J,1,1.0,474.830833290649
64885,2025-155K,1,1.0,438.0519152674633
64886,2025-155L,1,1.0,431.7886632219006
64887,2025-155M,1,1.0,443.44808441331406
64888,2025-155N,1,1.0,431.4280266743999
64889,2025-155P,1,1.0,484.93432148944976
64890,GEOSCAN 2 (RS92S2),1,1.0,469.80170879785874
64891,GEOSCAN 5 (RS92S5),1,1.0,462.1658994362406
64892,GEOSCAN 4 (RS92S4),1,1.0,461.629704037302
64893,GEOSCAN 3 (RS92S3),1,1.0,454.73448238358105
64894,INNOSAT 3 (RS92S0),1,1.0,423.8026528947612
64895,2025-155V,1,1.0,474.786801961056
64896,SKYCRAFT-4C,0,0.0,580.8746100362978
64897,SKYCRAFT-4A,0,0.0,575.306845342453
64898,SKYKRAFT-4D,0,0.0,576.9430515402446
64899,MICROCARB,0,0.0,651.8001874033935
64900,CO3D 3,0,0.0,505.24229805508185
64901,CO3D 4,0,0.0,505.2275882985823
64902,CO3D 2,0,0.0,505.23174795498016
64903,CO3D 1,0,0.0,505.2527757481539
64904,STARLINK-34647,1,1.0,462.6737768406592
64905,STARLINK-34273,1,1.0,462.698564923604
64906,STARLINK-34713,1,1.0,462.6638468095143
64907,STARLINK-34712,1,1.0,462.6864680732988
64908,STARLINK-34702,1,1.0,470.66735048693226
64909,STARLINK-34687,1,1.0,462.5860989726225
64910,STARLINK-34642,1,1.0,470.6987600827915
64911,STARLINK-34718,1,1.0,462.67802408737134
64912,STARLINK-34711,1,1.0,462.7025922652401
64913,STARLINK-34659,1,1.0,470.6907116562561
64914,STARLINK-34571,1,1.0,462.669722791863
64915,STARLINK-34636,1,1.0,462.6802353926778
64916,STARLINK-34695,1,1.0,462.6719400348156
64917,STARLINK-34653,1,1.0,470.68993662383673
64918,STARLINK-34611,1,1.0,462.6846520642703
64919,STARLINK-34599,1,1.0,462.7059122258652
64920,STARLINK-34069,1,1.0,462.77145032153294
64921,STARLINK-34699,1,1.0,462.685017643732
64922,STARLINK-34700,1,1.0,462.6899425685633
64923,STARLINK-34643,1,1.0,462.7293125639308
64924,STARLINK-34199,1,1.0,470.7013832787725
64925,STARLINK-34579,1,1.0,462.69454650450007
64926,STARLINK-34543,1,1.0,470.701258080725
64927,STARLINK-34661,1,1.0,462.69413634075227
64928,STARLINK-34248,1,1.0,462.6971679872995
64929,STARLINK-34290,1,1.0,462.70531481098806
64930,STARLINK-34220,1,1.0,470.6856977965672
64931,STARLINK-34715,1,1.0,462.6572872427087
64932,STARLINK-34705,0,0.0,549.4844861843694
64933,STARLINK-34737,0,0.0,549.4477270500583
64934,STARLINK-34775,0,0.0,549.4806151644434
64935,STARLINK-34726,0,0.0,549.4976881820603
64936,STARLINK-34529,0,0.0,549.5026818908909
64937,STARLINK-34743,0,0.0,549.4950226249493
64938,STARLINK-34730,0,0.0,549.5270432211119
64939,STARLINK-34714,0,0.0,549.486081217925
64940,STARLINK-34755,0,0.0,551.9826575773377
64941,STARLINK-34740,0,0.0,549.4907712353706
64942,STARLINK-34742,0,0.0,549.4750601682763
64943,STARLINK-34719,0,0.0,549.4875198162845
64944,STARLINK-34373,0,0.0,549.4857775480032
64945,STARLINK-34758,0,0.0,549.4961544895095
64946,STARLINK-34753,0,0.0,549.4885995323875
64947,STARLINK-34747,0,0.0,549.4814433536712
64948,STARLINK-34630,0,0.0,549.5125435720493
64949,STARLINK-34689,0,0.0,549.4822500715654
64950,STARLINK-34586,0,0.0,549.4877713410215
64951,STARLINK-34738,0,0.0,549.4840751566408
64952,STARLINK-34744,0,0.0,549.4616466315047
64953,STARLINK-34701,0,0.0,549.4828512759277
64954,STARLINK-34761,0,0.0,549.4823451600023
64955,STARLINK-34732,0,0.0,549.4869186109081
64956,HULIANWANG DIGUI-35,0,0.0,1167.9054990788463
64957,HULIANWANG DIGUI-36,0,0.0,1167.922732603709
64958,HULIANWANG DIGUI-37,0,0.0,1167.919990123034
64959,HULIANWANG DIGUI-38,0,0.0,1167.9212626033695
64960,HULIANWANG DIGUI-39,0,0.0,1167.9216424483484
64962,ENSHI XIDA SHANQUAN,1,1.0,429.9536825585019
65015,STARLINK-34617,1,1.0,343.9159455480558
65016,STARLINK-34627,1,1.0,462.69929014188256
65017,STARLINK-34549,1,1.0,462.68487795076
65018,STARLINK-34623,1,1.0,462.6845569541756
65019,STARLINK-34232,1,1.0,462.67208269930416
65020,STARLINK-34772,1,1.0,462.552235262734
65021,STARLINK-34778,1,1.0,462.6666614540118
65022,STARLINK-34789,1,1.0,462.6874964521057
65023,STARLINK-34858,1,1.0,462.679337792727
65024,STARLINK-34773,1,1.0,462.6813499625623
65025,STARLINK-34727,1,1.0,462.7246520970539
65026,STARLINK-34804,1,1.0,462.6848749785704
65027,STARLINK-34655,1,1.0,462.69166941515687
65028,STARLINK-34807,1,1.0,462.6306122293108
65029,STARLINK-34731,1,1.0,462.691844774854
65030,STARLINK-34614,1,1.0,462.67489735227264
65031,STARLINK-34677,1,1.0,462.70374845518927
65032,STARLINK-34656,1,1.0,462.6857339418448
65034,STARLINK-34610,1,1.0,462.68927382447873
65035,STARLINK-34286,1,1.0,462.6686676701784
65036,STARLINK-34770,1,1.0,462.69605638317626
65037,STARLINK-34776,1,1.0,462.6869971236183
65038,STARLINK-34827,1,1.0,462.6804256125715
65039,STARLINK-34721,1,1.0,462.6744128869823
65040,STARLINK-34819,1,1.0,462.7026784593336
65041,STARLINK-34820,1,1.0,462.7135240755915
65042,STARLINK-34824,1,1.0,462.676401275744
65043,HULIANWANG DIGUI-40,0,0.0,1149.3089841230449
65044,HULIANWANG DIGUI-41,0,0.0,1149.297983586897
65045,HULIANWANG DIGUI-42,0,0.0,1149.3116568743408
65046,HULIANWANG DIGUI-43,0,0.0,1149.3005053260194
65047,HULIANWANG DIGUI-44,0,0.0,1149.3292714217432
65048,HULIANWANG DIGUI-45,0,0.0,1149.2963791881066
65049,HULIANWANG DIGUI-46,0,0.0,1149.2971757248106
65050,HULIANWANG DIGUI-47,0,0.0,1149.2990255028053
65051,HULIANWANG DIGUI-48,0,0.0,1149.2965868161364
65053,NISAR,0,0.0,750.2380023340129
65055,PRSC-S1,0,0.02,545.9068005700501
65056,STARLINK-34788,0,0.0,549.491682246874
65057,STARLINK-34745,0,0.0,549.4756184280177
65058,STARLINK-34779,0,0.0,549.4736982603708
65059,STARLINK-34803,0,0.0,549.4711768920924
65060,STARLINK-34717,0,0.0,549.4857346047847
65061,STARLINK-34750,0,0.0,549.4766153206929
65062,STARLINK-34708,0,0.0,549.4815629810246
65063,STARLINK-34798,0,0.0,549.4801826657222
65064,STARLINK-34793,0,0.0,549.4817623599583
65065,STARLINK-34806,0,0.0,549.4820292210161
65066,STARLINK-34739,0,0.0,549.4706032964668
65067,STARLINK-34802,0,0.0,549.4443713923602
65068,STARLINK-34810,0,0.0,549.4733731202923
65069,STARLINK-34809,0,0.0,549.498847654193
65070,STARLINK-34794,0,0.0,549.4721737831678
65071,STARLINK-34805,0,0.0,549.4857990196133
65072,STARLINK-34735,0,0.0,549.4581314551515
65073,STARLINK-34781,0,0.0,549.4975286779954
65074,STARLINK-34780,0,0.0,549.4774067003618
65078,STARLINK-34771,1,1.0,462.69709070999215
65079,STARLINK-34634,1,1.0,462.6695058231462
65080,STARLINK-34267,1,1.0,462.6953668321812
65081,STARLINK-34561,1,1.0,475.2052819196597
65082,STARLINK-34626,1,1.0,462.6751024326968
65083,STARLINK-34247,1,1.0,462.66566577690446
65084,STARLINK-34601,1,1.0,462.6891965473951
65086,STARLINK-34822,1,1.0,475.19089931501
65087,STARLINK-34686,1,1.0,475.2039323342842
65088,STARLINK-34594,1,1.0,475.1955272987234
65089,STARLINK-34665,1,1.0,475.2101696934951
65090,STARLINK-34673,1,1.0,475.1797862144149
65091,STARLINK-34648,1,1.0,462.681427239424
65092,STARLINK-34640,1,1.0,475.2559635116213
65093,STARLINK-34266,1,1.0,462.69125925184017
65094,STARLINK-34769,1,1.0,462.6757414515087
65095,STARLINK-34768,1,1.0,462.6848809229514
65096,STARLINK-34759,1,1.0,462.6896602099305
65097,STARLINK-34741,1,1.0,462.6272002240712
65098,STARLINK-34764,1,1.0,462.6820781484639
65099,STARLINK-34815,1,1.0,462.6995011685485
65100,STARLINK-34814,1,1.0,462.6724839432127
65101,STARLINK-34285,1,1.0,462.7329654481746
65102,STARLINK-34857,1,1.0,462.66154338032175
65103,STARLINK-34887,1,1.0,462.694552448902
65104,STARLINK-34481,1,1.0,462.66955635010527
65105,STARLINK-34545,1,1.0,462.70309159657154
65106,HULIANWANG DIGUI-49,0,0.0,1149.3161152401854
65107,HULIANWANG DIGUI-50,0,0.0,1149.3170778856684
65108,HULIANWANG DIGUI-51,0,0.0,1149.3048277729886
65109,HULIANWANG DIGUI-52,0,0.0,1149.3131102782309
65110,HULIANWANG DIGUI-53,0,0.0,1149.300173120745
65111,HULIANWANG DIGUI-54,0,0.0,1149.299327507485
65112,HULIANWANG DIGUI-55,0,0.0,1149.3138199925925
65113,HULIANWANG DIGUI-56,0,0.0,1149.3160095379562
65114,HULIANWANG DIGUI-57,0,0.0,1149.2993879084224
65116,QPS-SAR-12 (KUSHINADA-I),0,0.0,563.0594122728853
65119,GEESAT-4 01,0,0.0,616.2449998036254
65120,GEESAT-4 02,0,0.0,616.1356262534309
65121,GEESAT-4 03,0,0.0,616.2208834056273
65122,GEESAT-4 04,0,0.0,622.097535253055
65123,GEESAT-4 05,0,0.0,622.100406579144
65124,GEESAT-4 06,0,0.0,616.1485197504117
65125,GEESAT-4 07,0,0.0,616.0931604458237
65126,GEESAT-4 08,0,0.0,622.1413484832956
65127,GEESAT-4 09,0,0.0,624.465307130924
65128,GEESAT-4 10,0,0.0,622.0244055849962
65129,GEESAT-4 11,0,0.0,616.2290363334887
65132,KUIPER-00081,0,0.0,629.5711870572977
65133,KUIPER-00088,0,0.0,629.5382903183609
65134,KUIPER-00095,0,0.0,629.5575402776467
65135,KUIPER-00096,0,0.0,629.55302293358
65136,KUIPER-00097,0,0.0,629.5404653235346
65137,KUIPER-00098,0,0.0,629.5196465841736
65138,KUIPER-00099,0,0.0,629.5062020854566
65139,KUIPER-00100,0,0.0,629.5336404218133
65140,KUIPER-00102,0,0.0,629.56264163372
65141,KUIPER-00103,0,0.0,629.5315317136337
65142,KUIPER-00104,0,0.0,629.538523918256
65143,KUIPER-00105,1,0.98,629.6251497833382
65144,KUIPER-00106,0,0.0,629.5807710949366
65145,KUIPER-00107,0,0.0,629.5564985414721
65146,KUIPER-00108,0,0.0,629.504096554635
65147,KUIPER-00109,0,0.0,629.5613915480799
65148,KUIPER-00110,0,0.0,629.5436410235261
65149,KUIPER-00111,0,0.0,629.551138341455
65150,KUIPER-00112,0,0.0,629.5296060982682
65151,KUIPER-00114,0,0.0,629.5319484043457
65152,KUIPER-00115,0,0.03,629.4779211820724
65153,KUIPER-00116,0,0.01,629.5642073983363
65154,KUIPER-00118,0,0.0,629.5462485095077
65155,KUIPER-00119,0,0.0,629.5286211938728
65159,METOP-SGA1,0,0.0,820.2652044147608
65160,NTS-3,0,0.0,35675.22539250692
65164,HULIANWANG DIGUI-58,0,0.0,1167.9325933996824
65165,HULIANWANG DIGUI-59,0,0.0,1167.932502236552
65166,HULIANWANG DIGUI-60,0,0.0,1167.9345799969142
65167,HULIANWANG DIGUI-61,0,0.0,1167.9321147932778
65168,HULIANWANG DIGUI-62,0,0.0,1167.9262423748542
65169,HULIANWANG DIGUI-63,0,0.0,1167.9475213994156
65170,HULIANWANG DIGUI-64,0,0.0,1167.9326275858566
65171,HULIANWANG DIGUI-65,0,0.0,1167.932828904448
65172,HULIANWANG DIGUI-66,0,0.0,1167.9342153441694
65173,HULIANWANG DIGUI-67,0,0.0,1167.9281871848652
65174,STARLINK-34956,1,1.0,465.54761064871946
65175,STARLINK-34949,1,1.0,465.5457124071718
65176,STARLINK-34707,1,1.0,465.5502348656892
65177,STARLINK-34967,1,1.0,465.61416002095393
65178,STARLINK-34929,1,1.0,465.5369144615788
65179,STARLINK-34932,1,1.0,465.5296845173106
65180,STARLINK-34862,1,1.0,465.47134878906127
65181,STARLINK-34942,1,1.0,465.6077361969028
65182,STARLINK-34944,1,1.0,465.6253682762253
65183,STARLINK-34939,1,1.0,465.53909237445896
65184,STARLINK-34947,1,1.0,465.528872265505
65185,STARLINK-34945,1,1.0,465.6533697749692
65186,STARLINK-34965,1,1.0,465.528217703788
65187,STARLINK-34915,1,1.0,465.55080017352793
65188,STARLINK-34972,1,1.0,465.5308091740535
65189,STARLINK-34866,1,1.0,465.5655993792506
65190,STARLINK-34917,1,1.0,465.4518195253095
65191,STARLINK-34948,1,1.0,465.540937056122
65192,STARLINK-34955,1,1.0,465.5562687890815
65193,STARLINK-34950,1,1.0,465.5561021716885
65194,STARLINK-34926,1,1.0,465.5048559034685
65195,STARLINK-34928,1,1.0,465.55831282827694
65196,STARLINK-34927,1,1.0,465.55005039684056
65197,STARLINK-34952,1,1.0,465.5334363502043
65198,STARLINK-34981,1,1.0,475.2118029344647
65199,STARLINK-34821,1,1.0,462.6871546498578
65200,STARLINK-34865,1,1.0,462.6955421921157
65201,STARLINK-34843,1,1.0,462.6207061317782
65202,STARLINK-34905,1,1.0,462.6943800612335
65203,STARLINK-34914,1,1.0,462.7268010230773
65204,STARLINK-34787,1,1.0,462.6956016361637
65205,STARLINK-34796,1,1.0,462.6908580051768
65206,STARLINK-34763,1,1.0,462.70536831082336
65207,STARLINK-34901,1,1.0,462.75472829816863
65208,STARLINK-34841,1,1.0,462.7102219390417
65209,STARLINK-34976,1,1.0,462.69630604823305
65210,STARLINK-34941,1,1.0,462.6940560913299
65211,STARLINK-34847,1,1.0,462.8330040604051
65212,STARLINK-34897,1,1.0,462.8155385776008
65213,STARLINK-34907,1,1.0,462.6872438156579
65214,STARLINK-34511,1,1.0,462.63305532278537
65215,STARLINK-33913,1,1.0,462.6486293519174
65216,STARLINK-34302,1,1.0,462.6909590598853
65217,STARLINK-34871,1,1.0,462.6846639530331
65218,STARLINK-34833,1,1.0,462.69026653797937
65219,STARLINK-34960,1,1.0,462.69747709654894
65220,STARLINK-34603,1,1.0,462.74175141267006
65221,STARLINK-34974,1,1.0,462.7074518329655
65222,STARLINK-34999,1,1.0,462.6925372971609
65223,STARLINK-34996,1,1.0,462.6636209247599
65224,STARLINK-34975,1,1.0,462.70803141501256
65225,STARLINK-34257,1,1.0,462.6584731351359
65226,SHIYAN-28B 02,0,0.0,793.6971936019181
65227,SKYKRAFT-4E,0,0.0,571.4345514565775
65228,HULIANWANG DIGUI-68,0,0.0,1167.9161802821327
65229,HULIANWANG DIGUI-69,0,0.0,1167.9098368887098
65230,HULIANWANG DIGUI-70,0,0.0,1167.914091139114
65231,HULIANWANG DIGUI-71,0,0.0,1167.9150407493971
65232,HULIANWANG DIGUI-72,0,0.0,1167.9173122184084
65235,STARLINK-34842,1,1.0,465.5262926981841
65236,STARLINK-34938,1,1.0,465.5446948550334
65237,STARLINK-34958,1,1.0,465.5817048381896
65238,STARLINK-34818,1,1.0,465.518601615121
65239,STARLINK-34964,1,1.0,465.528217703788
65240,STARLINK-34953,1,1.0,465.5342396775032
65241,STARLINK-34969,1,1.0,465.537765394547
65242,STARLINK-34963,1,1.0,465.5250222547338
65243,STARLINK-34982,1,1.0,465.5710471970806
65244,STARLINK-34990,1,1.0,465.5274233040928
65245,STARLINK-34977,1,1.0,465.54926194141626
65246,STARLINK-34959,1,1.0,465.5342009987753
65247,STARLINK-34923,1,1.0,465.53576302473175
65248,STARLINK-34962,1,1.0,465.543213156986
65249,STARLINK-34925,1,1.0,465.5467150831846
65250,STARLINK-34973,1,1.0,465.5482116596395
65251,STARLINK-34989,1,1.0,465.55462344277385
65252,STARLINK-34961,1,1.0,465.5471732794677
65253,STARLINK-34933,1,1.0,465.5186343430887
65254,STARLINK-34979,1,1.0,465.4939843440425
65255,STARLINK-34987,1,1.0,465.56282638165794
65256,STARLINK-34971,1,1.0,465.53723579287816
65257,STARLINK-34966,1,1.0,465.5105178191934
65258,STARLINK-34980,1,1.0,465.5358522833849
65259,2025-180A,1,1.0,492.8933542095074
65260,2025-180B,0,0.0,518.8484710292587
65261,2025-180C,0,0.0,518.6705244218956
65262,2025-180D,0,0.0,518.5723509551008
65263,2025-180E,0,0.01,516.8815220442175
65267,COSMOS 2591,1,1.0,284.4398574267452
65268,COSMOS 2592,1,1.0,284.36361381569714
65269,COSMOS 2593,1,1.0,284.5299180114771
65270,COSMOS 2594,1,1.0,284.4467910487483
65273,STARLINK-34922,1,0.98,534.9079710757451
65274,STARLINK-34904,0,0.0,549.4776888978186
65275,STARLINK-34954,0,0.03,534.5229561369451
65276,STARLINK-34968,1,0.98,534.452983031546
65277,STARLINK-34935,0,0.0,549.4751521891048
65278,STARLINK-35000,1,1.0,534.4655765954658
65279,STARLINK-35023,0,0.0,549.4821764547132
65280,STARLINK-35001,0,0.0,549.4908816609905
65281,STARLINK-35010,1,1.0,534.4438673771701
65282,STARLINK-35021,0,0.0,549.4781367329733
65283,STARLINK-35015,1,0.99,534.3947080375656
65284,STARLINK-35006,1,0.97,534.8283465011518
65285,STARLINK-34995,1,0.99,534.4743658876023
65286,STARLINK-35048,1,1.0,534.4830545315172
65287,STARLINK-35007,1,0.97,539.235006946692
65288,STARLINK-35018,1,1.0,534.4657901496112
65289,STARLINK-34845,1,1.0,534.4538341935795
65290,STARLINK-34984,1,0.97,542.2749252152762
65291,STARLINK-35002,1,1.0,534.451427144636
65292,STARLINK-35017,1,0.95,534.5287649361426
65293,STARLINK-34951,0,0.0,549.4761981594065
65294,STARLINK-34613,0,0.0,549.485630314116
65295,STARLINK-34834,1,0.98,528.3800139713476
65296,STARLINK-34872,0,0.06,534.5344120525233
65297,DRESDEN,0,0.0,628.4740755598705
65298,FOURIER,0,0.0,628.4710304491764
65299,STARK,0,0.0,621.6283333792599
65301,BASIL,0,0.0,628.4767356955481
65302,DOJO,0,0.02,628.4676981867569
65305,HULIANWANG DIGUI-73,0,0.0,1149.3128120472456
65306,HULIANWANG DIGUI-74,0,0.0,1149.3201810037865
65307,HULIANWANG DIGUI-75,0,0.0,1149.3157037565252
65308,HULIANWANG DIGUI-76,0,0.0,1149.3113322179845
65309,HULIANWANG DIGUI-77,0,0.0,1149.3125553421169
65310,HULIANWANG DIGUI-78,0,0.0,1149.31620961718
65311,HULIANWANG DIGUI-79,0,0.0,1149.328135117997
65312,HULIANWANG DIGUI-80,0,0.0,1149.3154319508349
65313,HULIANWANG DIGUI-81,0,0.0,1149.3272441957588
65315,PELICAN-3,1,1.0,443.0685242320988
65316,PELICAN-4,1,1.0,444.5524365748188
65317,NAOS,1,1.0,450.1537578192047
65318,CAPELLA-16 (ACADIA-6),0,0.02,584.5593429197324
65319,FFLY03,0,0.0,589.2236414570489
65320,FFLY01,0,0.0,589.3279238760224
65321,LEAP-1,0,0.0,592.5092761977658
65322,FFLY02,0,0.0,589.2866417106579
65323,STARLINK-34899,1,1.0,470.67047443934007
65324,STARLINK-34196,1,1.0,470.6974365621372
65325,STARLINK-34911,1,1.0,462.6990642542005
65326,STARLINK-34902,1,1.0,462.69058753523495
65327,STARLINK-34880,1,1.0,462.7200213604037
65328,STARLINK-34885,1,1.0,470.7032075938205
65329,STARLINK-34908,1,1.0,462.700455247058
65330,STARLINK-34864,1,1.0,470.70035486641245
65331,STARLINK-34918,1,1.0,470.6690018888112
65332,STARLINK-33890,1,1.0,470.69979147545655
65333,STARLINK-34602,1,1.0,470.7062123506676
65334,STARLINK-34878,1,1.0,470.71049294250224
65335,STARLINK-34874,1,1.0,462.6567165878887
65336,STARLINK-34835,1,1.0,462.716656799279
65337,STARLINK-34854,1,1.0,470.7196354267071
65338,STARLINK-34751,1,1.0,470.7111725914028
65339,STARLINK-34777,1,1.0,470.7170420224802
65340,STARLINK-35020,1,1.0,470.6874296935557
65341,STARLINK-35016,1,1.0,462.6971204320344
65342,STARLINK-35092,1,1.0,470.7047397809283
65343,STARLINK-34838,1,1.0,462.7265424385296
65344,STARLINK-35088,1,1.0,462.72912234063824
65345,STARLINK-34831,1,1.0,470.7096463625276
65346,STARLINK-34873,1,1.0,462.6967072956968
65347,STARLINK-34881,1,1.0,470.7349872376453
65348,STARLINK-34859,1,1.0,462.783800192874
65349,STARLINK-34895,1,1.0,470.7132473101437
65350,STARLINK-34892,1,1.0,470.6887353240227
65351,STARLINK-34244,1,1.0,462.7435080145042
65352,STARLINK-34716,1,1.0,462.6856418039024
65353,STARLINK-34828,1,1.0,475.1832915239247
65354,STARLINK-34785,1,1.0,462.7004195805666
65355,STARLINK-34823,1,1.0,462.7911566409202
65356,STARLINK-34680,1,1.0,462.6916813039488
65357,STARLINK-34860,1,1.0,462.7188978580834
65358,STARLINK-34782,1,1.0,462.6953252213507
65359,STARLINK-34760,1,1.0,462.710091161438
65360,STARLINK-34826,1,1.0,462.6587644070378
65361,STARLINK-34800,1,1.0,462.681341046
65362,STARLINK-34817,1,1.0,462.7377567081303
65363,STARLINK-34797,1,1.0,462.7240219835176
65364,STARLINK-34729,1,1.0,462.8623948317754
65365,STARLINK-34710,1,1.0,462.62316704914974
65366,STARLINK-34943,1,1.0,462.6981993423333
65367,STARLINK-34946,1,1.0,462.7174206612899
65368,STARLINK-34259,1,1.0,462.7087150247662
65369,STARLINK-34913,1,1.0,462.675690924435
65370,STARLINK-34870,1,1.0,462.6885902195836
65371,STARLINK-34869,1,1.0,462.76502424927367
65372,STARLINK-34903,1,1.0,462.7083969975984
65373,STARLINK-34891,1,1.0,462.6984222577376
65374,STARLINK-34900,1,1.0,475.21188056568735
65375,STARLINK-34305,1,1.0,475.24396334930407
65376,STARLINK-34249,1,1.0,462.7220454490789
65377,STARLINK-34879,1,1.0,465.2816881632925
65378,STARLINK-34912,1,1.0,475.2155919378292
65379,STARLINK-34985,1,0.99,549.3543560108801
65380,STARLINK-35051,0,0.0,549.4846947656288
65381,STARLINK-35028,0,0.0,549.4792164454202
65382,STARLINK-35032,0,0.0,549.4826887053468
65383,STARLINK-35054,0,0.0,549.5146324738689
65384,STARLINK-35012,0,0.0,549.4806243665444
65385,STARLINK-35073,0,0.0,549.4787808795527
65386,STARLINK-35066,0,0.0,549.4830015770385
65387,STARLINK-34703,0,0.0,549.4989335410373
65388,STARLINK-34957,0,0.0,549.4961330178185
65389,STARLINK-34993,0,0.28,549.411989811113
65390,STARLINK-35083,0,0.0,549.498399815694
65391,STARLINK-34786,0,0.0,549.4821856568205
65392,STARLINK-35082,0,0.0,549.4847039677434
65393,STARLINK-35097,0,0.0,549.4836948026759
65394,STARLINK-35058,0,0.0,549.4736461152615
65395,STARLINK-35094,0,0.0,549.4790078645728
65396,STARLINK-34811,0,0.0,549.4883050643175
65397,STARLINK-34940,0,0.0,549.4802562825216
65398,STARLINK-34931,1,1.0,549.3829549857637
65399,STARLINK-34836,0,0.0,549.480869755921
65400,STARLINK-34876,0,0.0,549.4813237263234
65401,STARLINK-34909,0,0.0,549.4841763798813
65402,STARLINK-34848,0,0.0,549.4802593498871
65403,LEMUR-2-LUCILLE-ROSE,0,0.0,564.4787855264676
65404,STARLINK-35031,1,1.0,462.70211968388594
65405,STARLINK-34830,1,1.0,470.7194833994945
65406,STARLINK-35036,1,1.0,462.7000629156682
65407,STARLINK-35035,1,1.0,462.70780255439513
65408,STARLINK-35008,1,1.0,462.7130069090281
65409,STARLINK-35022,1,1.0,470.7078309859298
65410,STARLINK-35024,1,1.0,471.0140266101098
65411,STARLINK-34983,1,1.0,470.7140104254768
65412,STARLINK-34992,1,1.0,470.71689893817984
65413,STARLINK-35003,1,1.0,462.72294603527007
65415,STARLINK-34238,1,1.0,462.70782335990407
65416,STARLINK-34855,1,1.0,470.75834004084027
65417,STARLINK-34255,1,1.0,462.6989750880166
65418,STARLINK-34997,1,1.0,462.7301893745935
65419,STARLINK-35085,1,1.0,470.7054730847885
65420,STARLINK-35138,1,1.0,470.71491960613366
65421,STARLINK-35146,1,1.0,470.779573557661
65422,STARLINK-35074,1,1.0,462.67480818687454
65423,STARLINK-34837,1,1.0,470.72533794371793
65424,STARLINK-34670,1,1.0,470.71482421667406
65425,STARLINK-35095,1,1.0,470.7036308827801
65426,STARLINK-34883,1,1.0,470.7656404410173
65427,STARLINK-34916,1,1.0,470.6953529126731
65428,STARLINK-35004,1,1.0,462.7130098812495
65429,STARLINK-35014,1,1.0,462.7150309925146
65430,STARLINK-35025,1,1.0,462.717156133177
65431,STARLINK-35034,1,1.0,462.7192634421208
65434,STARLINK-35142,1,0.99,534.4500329486773
65435,STARLINK-34978,0,0.0,549.5207488856086
65436,STARLINK-35043,1,0.95,552.0292780057971
65437,STARLINK-35080,0,0.0,549.5069425009324
65438,STARLINK-35068,0,0.0,549.4823512947396
65439,STARLINK-35045,1,1.0,546.006476619621
65440,STARLINK-35050,0,0.0,549.4901393555137
65441,STARLINK-35065,0,0.0,549.4876302417752
65442,STARLINK-34679,0,0.0,549.4841088977219
65443,STARLINK-34678,1,0.99,534.4530287929392
65444,STARLINK-35049,1,1.0,546.5603066330441
65445,STARLINK-35029,0,0.0,549.4793422074081
65446,STARLINK-34991,0,0.0,549.5072707123445
65447,STARLINK-34920,0,0.0,549.4916024950126
65448,STARLINK-35030,0,0.0,549.5796836890686
65449,STARLINK-35009,0,0.0,549.4862468560768
65450,STARLINK-34970,0,0.0,549.4963047913416
65451,STARLINK-35039,0,0.0,549.52023969535
65452,STARLINK-35084,1,0.99,534.4614153436778
65453,STARLINK-34988,0,0.0,551.9942443001037
65454,STARLINK-35059,1,0.94,551.9637486655765
65455,STARLINK-34728,1,0.92,534.5879397224717
65456,STARLINK-35005,0,0.0,549.4574842460315
65457,STARLINK-35076,1,0.99,534.479445446128
65458,STARLINK-34784,1,1.0,470.7137540663971
65459,STARLINK-34867,1,1.0,462.6955481365203
65460,STARLINK-34850,1,1.0,462.76502722155146
65461,STARLINK-35159,1,1.0,462.6993852524902
65462,STARLINK-35180,1,1.0,462.7250563209072
65463,STARLINK-35111,1,1.0,470.7091574925207
65464,STARLINK-35107,1,1.0,470.7041316754367
65465,STARLINK-35169,1,1.0,462.7057398374791
65466,STARLINK-35027,1,1.0,462.7338571212285
65467,STARLINK-34816,1,1.0,470.6997318573731
65468,STARLINK-35033,1,1.0,470.71372127628274
65469,STARLINK-34924,1,1.0,462.6978397055191
65470,STARLINK-34829,1,1.0,470.70541048567065
65471,STARLINK-34888,1,1.0,462.69122952986254
65472,STARLINK-34799,1,1.0,462.7218968375237
65473,STARLINK-34762,1,1.0,462.7102932722828
65474,STARLINK-34998,1,1.0,475.2125941758695
65475,STARLINK-34832,1,1.0,462.7703357149476
65476,STARLINK-35098,1,1.0,470.7224017272556
65477,STARLINK-35071,1,1.0,462.7083969975984
65478,STARLINK-35093,1,1.0,470.70684728482775
65479,STARLINK-35096,1,1.0,470.7265183930495
65480,STARLINK-35040,1,1.0,462.73303975425097
65481,STARLINK-35042,1,1.0,462.6888161063989
65482,STARLINK-35038,1,1.0,462.6833769948207
65483,STARLINK-35037,1,1.0,462.7213529193041
65484,STARLINK-35089,1,1.0,462.7012815209282
65485,STARLINK-35143,1,1.0,470.726160681078
65486,SHIYAN-29,0,0.0,35787.34880235078
65488,2025-197A,0,0.0,533.8311007335187
65489,2025-197B,0,0.0,506.37623023065134
65490,2025-197C,1,1.0,491.1251173394994
65492,STARLINK-35226,1,1.0,462.7010318554167
65493,STARLINK-35242,1,1.0,462.6946059485272
65494,STARLINK-35223,1,1.0,462.7039535377762
65495,STARLINK-34446,1,1.0,462.70758261044193
65496,STARLINK-35212,1,1.0,462.69637738111214
65497,STARLINK-34455,1,1.0,462.689847458284
65498,STARLINK-35203,1,1.0,462.6994595576544
65499,STARLINK-35166,1,1.0,462.7008862172115
65500,STARLINK-35207,1,1.0,462.6292123555668
65501,STARLINK-35140,1,1.0,462.6265582444676
65502,STARLINK-35114,1,1.0,462.7354264665082
65503,STARLINK-35126,1,1.0,462.7074845273346
65504,STARLINK-35182,1,1.0,462.7454280915708
65505,STARLINK-35072,1,1.0,462.7129385479384
65506,STARLINK-35184,1,1.0,462.70412889826
65507,STARLINK-35163,1,1.0,462.7023396273989
65508,STARLINK-35119,1,1.0,462.698142870433
65509,STARLINK-35168,1,1.0,462.6795309847439
65510,STARLINK-35122,1,1.0,462.5877514515478
65511,STARLINK-35124,1,1.0,462.6938272318803
65512,STARLINK-35149,1,1.0,462.7007376068068
65513,STARLINK-35019,1,1.0,462.6957948293293
65514,STARLINK-35026,1,1.0,462.7260817419801
65515,STARLINK-35241,1,1.0,462.7140561033657
65516,STARLINK-35216,1,1.0,462.64009929063104
65517,STARLINK-35228,1,1.0,462.69855897919297
65518,STARLINK-35232,1,1.0,462.69273346230966
65519,STARLINK-35164,1,1.0,462.69949819634166
65520,STARLINK-35112,1,1.0,465.5175364687648
65521,STARLINK-35187,1,1.0,465.5333292399155
65522,STARLINK-35188,1,1.0,465.5312316642721
65523,STARLINK-35078,1,1.0,465.4965222274796
65524,STARLINK-35055,1,1.0,465.5220648312807
65525,STARLINK-35057,1,1.0,465.5268193224583
65526,STARLINK-34674,1,1.0,465.5560456407902
65527,STARLINK-35067,1,1.0,465.51492120893727
65528,STARLINK-35063,1,1.0,465.4708935806875
65529,STARLINK-35077,1,1.0,465.5206605025505
65530,STARLINK-35152,1,1.0,465.5241802515548
65531,STARLINK-35064,1,1.0,465.5647930674295
65532,STARLINK-35170,1,1.0,465.528696723939
65533,STARLINK-35172,1,1.0,465.51249339317474
65534,STARLINK-35125,1,1.0,465.5118923900964
65535,STARLINK-35133,1,1.0,465.5362450214925
65536,STARLINK-35044,1,1.0,465.5725646141354
65537,STARLINK-35136,1,1.0,465.4836067162114
65538,STARLINK-35144,1,1.0,465.4982716725299
65539,STARLINK-35110,1,1.0,465.5964595806727
65540,STARLINK-35052,1,1.0,465.5584467173603
65541,STARLINK-35087,1,1.0,465.5583723345344
65542,STARLINK-35100,1,1.0,465.51704852476087
65543,STARLINK-35105,1,1.0,465.53067231103887
65544,YAOGAN-40 03A,0,0.0,803.4183895659253
65545,YAOGAN-40 03B,0,0.0,850.9720851096872
65546,YAOGAN-40 03C,0,0.0,850.972600332293
65550,GEESAT-5 01,0,0.0,615.8061930561398
65551,GEESAT-5 02,0,0.0,615.773313124776
65552,GEESAT-5 03,0,0.0,615.8026559397849
65553,GEESAT-5 04,0,0.0,615.6661379745756
65554,GEESAT-5 05,0,0.0,615.7458396578995
65555,GEESAT-5 06,0,0.0,615.74360937458
65556,GEESAT-5 07,0,0.0,615.7856615088303
65557,GEESAT-5 08,0,0.0,636.0399560191963
65558,GEESAT-5 09,0,0.0,615.6779958631305
65559,GEESAT-5 10,0,0.0,615.7401602920427
65560,GEESAT-5 11,0,0.0,615.8049239659213
65563,YAOGAN-45,0,0.0,7496.670020581057
65565,PRAETORIAN SDA_602,0,0.0,950.1192600569348
65566,PRAETORIAN SDA_603,0,0.0,949.8604711105844
65567,PRAETORIAN SDA_604,0,0.0,953.0762094084866
65568,PRAETORIAN SDA_605,0,0.0,952.5489352290296
65569,PRAETORIAN SDA_606,0,0.0,952.5531750651762
65570,PRAETORIAN SDA_607,0,0.0,950.5775281106444
65571,PRAETORIAN SDA_608,0,0.0,950.3621278006676
65572,PRAETORIAN SDA_609,0,0.0,948.9799606187936
65573,PRAETORIAN SDA_610,0,0.0,951.3878819202235
65574,PRAETORIAN SDA_611,0,0.0,952.160669955916
65575,PRAETORIAN SDA_612,0,0.0,946.0515059699064
65576,PRAETORIAN SDA_613,0,0.0,954.077539000972
65577,PRAETORIAN SDA_614,0,0.0,946.977555607692
65578,PRAETORIAN SDA_615,0,0.0,948.1803972904328
65579,PRAETORIAN SDA_616,0,0.0,952.3039679064796
65580,PRAETORIAN SDA_617,0,0.0,952.719650010974
65581,PRAETORIAN SDA_618,0,0.0,948.930358884375
65582,PRAETORIAN SDA_619,0,0.0,950.4104050738342
65583,PRAETORIAN SDA_620,0,0.0,952.522058343662
65584,PRAETORIAN SDA_621,0,0.0,950.4135049580872
65585,PRAETORIAN SDA_601,0,0.0,952.654745705815
65588,NUSANTARA LIMA (NUSANT*),0,0.0,35787.039580424615
65589,COSMOS 2595 (MOZHAETS 6),0,0.0,18987.313694196266
65590,COSMOS 2596 [GLONASS-K1],0,0.0,19129.988294102903
65592,STARLINK-35267,0,0.0,549.4839309902136
65593,STARLINK-35269,0,0.01,549.4816672715424
65594,STARLINK-35191,0,0.0,549.4385097367876
65595,STARLINK-35261,1,0.94,549.4304549650024
65596,STARLINK-35253,0,0.0,549.4593185168251
65597,STARLINK-35263,0,0.0,549.4801121162927
65598,STARLINK-35248,0,0.0,549.4804219203261
65599,STARLINK-35245,0,0.0,549.4719866743535
65600,STARLINK-35229,0,0.0,549.444856030058
65601,STARLINK-35234,0,0.0,549.490212972577
65602,STARLINK-35255,0,0.0,549.4826150884855
65603,STARLINK-35250,0,0.01,549.4773790940917
65604,STARLINK-35251,0,0.0,549.4820598947026
65605,STARLINK-35171,0,0.0,549.4876394438998
65606,STARLINK-35195,0,0.0,549.4958354815644
65607,STARLINK-35156,0,0.0,549.4696708204074
65608,STARLINK-35185,0,0.0,549.4786091071164
65609,STARLINK-35053,0,0.0,549.5065560090388
65610,STARLINK-35178,0,0.0,549.4815721831283
65611,STARLINK-35186,0,0.0,549.4739988616066
65612,STARLINK-35154,0,0.0,549.4946361347174
65613,STARLINK-35162,0,0.01,549.5185863613597
65614,STARLINK-35206,0,0.0,549.4841549082848
65615,STARLINK-35174,0,0.0,549.4761797552328
65617,HJS-7A,0,0.0,1103.8158426961927
65618,HJS-7B,0,0.0,1103.8108973730205
65619,HJS-7C,0,0.0,1103.808264828379
65620,HJS-7D,0,0.0,1103.7749715187174
65622,STARLINK-35247,1,1.0,475.2190495199384
65623,STARLINK-35239,1,1.0,462.6969302109792
65624,STARLINK-35151,1,1.0,462.6598908568312
65625,STARLINK-35153,1,1.0,462.69344679024016
65626,STARLINK-35225,1,1.0,462.6966656848463
65627,STARLINK-35217,1,1.0,475.1887017719319
65628,STARLINK-35128,1,1.0,462.68434890085246
65629,STARLINK-35135,1,1.0,462.6766895773726
65630,STARLINK-34877,1,1.0,462.6784104712333
65631,STARLINK-35104,1,1.0,462.67093246708464
65632,STARLINK-35117,1,1.0,475.1767048898255
65633,STARLINK-35103,1,1.0,462.6832581072576
65634,STARLINK-35123,1,1.0,470.66921651151097
65635,STARLINK-35150,1,1.0,475.18261673656616
65636,STARLINK-35209,1,1.0,462.6757800898604
65637,STARLINK-35147,1,1.0,462.6992425865792
65638,STARLINK-35213,1,1.0,462.6795190960047
65639,STARLINK-35127,1,1.0,462.6884980815448
65640,STARLINK-35091,1,1.0,462.6813172685052
65641,STARLINK-35134,1,1.0,462.67368470311885
65642,STARLINK-35109,1,1.0,462.666405847317
65643,STARLINK-35062,1,1.0,462.7526090728552
65644,STARLINK-35141,1,1.0,470.6907295416222
65645,STARLINK-35237,1,1.0,475.2053476074607
65646,STARLINK-35183,1,1.0,475.2363404817388
65647,STARLINK-35202,1,1.0,462.8363657922346
65648,STARLINK-34868,1,1.0,462.6560329911272
65649,STARLINK-35079,1,1.0,475.1775349362242
65652,STARLINK-35328,1,1.0,465.5291073127064
65653,STARLINK-34210,1,1.0,465.53519176942063
65654,STARLINK-35227,1,1.0,465.605379707562
65655,STARLINK-35240,1,1.0,465.461676371212
65656,STARLINK-35344,1,1.0,465.530434288421
65657,STARLINK-34540,1,1.0,465.4853888805783
65658,STARLINK-35282,1,1.0,465.5332875859149
65659,STARLINK-35120,1,1.0,465.5310293450048
65660,STARLINK-35246,1,1.0,465.5326806277008
65661,STARLINK-35220,1,1.0,465.5346086130812
65662,STARLINK-35176,1,1.0,465.5301784141311
65663,STARLINK-35190,1,1.0,465.5221124356576
65664,STARLINK-35201,1,1.0,465.544266412142
65665,STARLINK-35115,1,1.0,465.5386401301112
65666,STARLINK-35181,1,1.0,465.5406603537931
65667,STARLINK-35361,1,1.0,465.5424098270532
65668,STARLINK-35351,1,1.0,465.542177754005
65669,STARLINK-35353,1,1.0,465.542281889344
65670,STARLINK-35359,1,1.0,465.53943453306056
65671,STARLINK-35194,1,1.0,465.5505829762915
65672,STARLINK-35198,1,1.0,465.5457302589666
65673,STARLINK-35177,1,1.0,465.5324158273452
65674,STARLINK-35254,1,1.0,465.5394375083533
65675,STARLINK-34749,1,1.0,465.5570126168504
65676,STARLINK-35189,1,1.0,470.6800043047178
65677,STARLINK-35222,1,1.0,462.6827974179951
65678,STARLINK-35233,1,1.0,470.6859511721341
65679,STARLINK-35205,1,1.0,462.6602177948525
65680,STARLINK-35070,1,1.0,470.69243163282863
65681,STARLINK-35230,1,1.0,462.7101862724212
65682,STARLINK-35235,1,1.0,462.6597838589414
65683,STARLINK-34886,1,1.0,470.6866129296068
65684,STARLINK-34795,1,1.0,462.6885753586084
65685,STARLINK-35145,1,1.0,462.6671934726746
65686,STARLINK-35137,1,1.0,462.694445449657
65687,STARLINK-34856,1,1.0,470.6797747767596
65688,STARLINK-34930,1,1.0,470.6446035706485
65689,STARLINK-34875,1,1.0,462.6882395006151
65690,STARLINK-34790,1,1.0,462.6981309816129
65691,STARLINK-34691,1,1.0,475.241947900472
65692,STARLINK-34825,1,1.0,462.66921455010015
65693,STARLINK-35060,1,1.0,475.18944224820734
65694,STARLINK-35204,1,1.0,462.6819652053309
65695,STARLINK-35221,1,1.0,470.66716269219705
65696,STARLINK-34734,1,1.0,470.6718426600765
65697,STARLINK-35113,1,1.0,462.6801967542624
65698,STARLINK-35090,1,1.0,462.6838406563711
65699,STARLINK-35086,1,1.0,470.6942499801198
65700,STARLINK-35101,1,1.0,462.7032669570008
65701,STARLINK-35046,1,1.0,462.6896007660107
65702,STARLINK-35075,1,1.0,470.66985143709735
65703,STARLINK-34839,1,1.0,470.71659190314585
65712,SHIKONGXING 01,0,0.01,588.4949558441513
65713,GEESAT-6 01,0,0.0,618.384919568447
65714,GEESAT-6 02,0,0.0,618.2859007301558
65715,GEESAT-6 03,0,0.0,618.1760606688322
65716,GEESAT-6 04,0,0.0,618.3119905791482
65717,GEESAT-6 05,0,0.0,618.2473732152494
65718,GEESAT-6 06,0,0.0,619.0103098244399
65719,GEESAT-6 07,0,0.0,618.286098808353
65720,GEESAT-6 08,0,0.0,618.2876268406335
65721,GEESAT-6 09,0,0.0,618.2451063525277
65722,GEESAT-6 10,0,0.0,618.2459709670802
65723,GEESAT-6 11,0,0.0,618.27613517799
65734,STARLINK-34086,1,1.0,462.7256537400936
65735,STARLINK-35099,1,1.0,462.7004225527744
65736,STARLINK-35167,1,1.0,462.6822772850501
65737,STARLINK-35121,1,1.0,462.6792783490319
65738,STARLINK-35108,1,1.0,462.6845955926501
65739,STARLINK-35106,1,1.0,462.6643491059431
65740,STARLINK-35130,1,1.0,462.6843934837043
65741,STARLINK-35284,1,1.0,462.6761694455881
65742,STARLINK-35316,1,1.0,462.66300568611314
65743,STARLINK-35319,1,1.0,462.6971590706871
65744,STARLINK-35173,1,1.0,462.6622775052865
65745,STARLINK-34808,1,1.0,462.6477377066367
65746,STARLINK-34704,1,1.0,462.6575814866456
65747,STARLINK-35214,1,1.0,462.6636863124513
65748,STARLINK-35265,1,1.0,462.6870565674808
65749,STARLINK-35288,1,1.0,462.6578697862924
65750,STARLINK-35165,1,1.0,462.6779349218714
65751,STARLINK-35260,1,1.0,462.6824437275827
65752,STARLINK-34893,1,1.0,462.68187603970455
65753,STARLINK-34894,1,1.0,462.68418840258255
65754,STARLINK-35287,1,1.0,462.690566729857
65755,STARLINK-35294,1,1.0,462.65902892950726
65756,STARLINK-35275,1,1.0,462.654743074223
65757,STARLINK-35211,1,1.0,462.6772542919907
65758,STARLINK-35313,1,1.0,462.69771487291655
65759,STARLINK-34692,1,1.0,462.6654071981338
65760,STARLINK-34890,1,1.0,462.6701923954488
65761,STARLINK-34889,1,1.0,462.684310262378
65762,KUIPER-00120,0,0.0,629.5622028409698
65763,KUIPER-00132,1,1.0,434.2994934660682
65764,KUIPER-00133,0,0.0,629.5320210095533
65765,KUIPER-00139,0,0.01,629.5700442987409
65766,KUIPER-00142,1,0.81,629.4777917578995
65767,KUIPER-00145,0,0.0,629.5450299988088
65768,KUIPER-00147,0,0.0,629.5211618169988
65769,KUIPER-00148,0,0.0,629.5185480408863
65770,KUIPER-00150,0,0.0,629.5170612200554
65771,KUIPER-00151,0,0.0,629.5576318241783
65772,KUIPER-00152,0,0.0,629.5298996756073
65773,KUIPER-00153,0,0.0,629.5168560325292
65774,KUIPER-00155,0,0.0,629.5531870857176
65775,KUIPER-00156,0,0.0,629.484449218824
65778,KUIPER-00165,0,0.0,629.5103026665147
65779,KUIPER-00166,0,0.0,629.5521200969933
65780,KUIPER-00167,0,0.01,629.5541435877876
65781,KUIPER-00168,0,0.0,629.5640905973169
65782,KUIPER-00169,0,0.0,629.5466746727025
65783,KUIPER-00170,0,0.0,629.5592922893611
65785,KUIPER-00172,0,0.0,629.5565711473137
65786,KUIPER-00173,0,0.0,629.4878174139449
65787,KUIPER-00174,0,0.0,629.5000401766247
65788,KUIPER-00176,0,0.02,629.2992173456896
65791,STARLINK-35330,0,0.0,549.4939551758716
65792,STARLINK-35373,0,0.0,549.4830567896934
65793,STARLINK-35383,0,0.0,549.4838757775406
65794,STARLINK-35378,0,0.0,549.4801611941557
65795,STARLINK-35406,1,0.96,549.297959476512
65796,STARLINK-35390,0,0.0,549.4788698331386
65797,STARLINK-35412,0,0.0,549.4838788449115
65798,STARLINK-35414,0,0.0,549.4263509052143
65799,STARLINK-35357,0,0.0,549.4984304895606
65800,STARLINK-35300,0,0.0,549.5025346561051
65801,STARLINK-35296,0,0.0,549.4823942379062
65802,STARLINK-34919,0,0.0,549.4847653151746
65803,STARLINK-35286,0,0.0,549.5034088627672
65804,STARLINK-35266,0,0.0,549.4811519537297
65805,STARLINK-35273,0,0.0,549.4808114759417
65806,STARLINK-35047,0,0.0,549.5109209166549
65807,STARLINK-35285,0,0.0,549.4897375290766
65808,STARLINK-34580,0,0.0,549.4840352808178
65809,STARLINK-35289,0,0.0,549.4796520113568
65810,STARLINK-35268,0,0.0,549.4863634162639
65811,STARLINK-35224,0,0.0,549.4828083327548
65812,STARLINK-35271,0,0.0,549.4836089163055
65813,STARLINK-35215,0,0.0,549.4825230674078
65814,STARLINK-35157,0,0.0,549.5005531220213
65815,FENGYUN 3H,0,0.0,825.5961786702865
65817,HULIANWANG DIGUI-82,0,0.0,1167.922641440876
65818,HULIANWANG DIGUI-83,0,0.0,1167.921577874699
65819,HULIANWANG DIGUI-84,0,0.0,1167.9226224486183
65820,HULIANWANG DIGUI-85,0,0.0,1167.9265196621418
65821,HULIANWANG DIGUI-86,0,0.0,1167.9157852440694
65823,STARLINK-35392,1,1.0,462.67384817294896
65824,STARLINK-35281,1,1.0,462.6889825493272
65825,STARLINK-35397,1,1.0,462.6496814937227
65826,STARLINK-35381,1,1.0,462.68720517714337
65827,STARLINK-35393,1,1.0,462.6329245488687
65828,STARLINK-35396,1,1.0,462.6798727860387
65829,STARLINK-35244,1,1.0,470.6590189709723
65830,STARLINK-35368,1,1.0,462.6604852896271
65831,STARLINK-35337,1,1.0,462.6753461514818
65832,STARLINK-35277,1,1.0,462.6891757420272
65833,STARLINK-35345,1,1.0,462.6795190960047
65834,STARLINK-35320,1,1.0,462.6899812071151
65835,STARLINK-35349,1,1.0,462.659263730372
65836,STARLINK-35356,1,1.0,462.5467042893743
65837,STARLINK-35314,1,1.0,462.691250335246
65838,STARLINK-35324,1,1.0,462.65312919287135
65839,STARLINK-35102,1,1.0,462.68155207128257
65840,STARLINK-35364,1,1.0,462.680351307924
65842,STARLINK-35298,1,1.0,462.6683674807037
65843,STARLINK-35301,1,1.0,462.64415032339
65844,STARLINK-35148,1,1.0,462.5596475572957
65845,STARLINK-35302,1,1.0,462.7505641557364
65846,STARLINK-35290,1,1.0,462.6423075931452
65847,STARLINK-35262,1,1.0,462.6685398667351
65848,STARLINK-35308,1,1.0,462.67130993341925
65849,STARLINK-35231,1,1.0,462.7949195832034
65850,STARLINK-35252,1,1.0,462.6374451689717
65851,SHIYAN-30 01,0,0.0,591.952542451103
65852,SHIYAN-30 02,0,0.0,591.9513339876976
65854,STARLINK-35208,1,1.0,462.6666525374994
65855,STARLINK-35200,1,1.0,462.7015311864625
65856,STARLINK-35459,1,1.0,462.7045212302337
65857,STARLINK-35489,1,1.0,462.6797063436643
65858,STARLINK-35199,1,1.0,462.6760030034384
65859,STARLINK-35408,1,1.0,462.67361337083366
65860,STARLINK-35303,1,1.0,462.6313522902428
65861,STARLINK-35258,1,1.0,462.67741181766905
65862,STARLINK-35386,1,1.0,462.7501539835912
65863,STARLINK-35469,1,1.0,462.6948348080414
65864,STARLINK-35471,1,1.0,462.7154500760671
65865,STARLINK-35475,1,1.0,462.682387256008
65866,STARLINK-35312,1,1.0,462.70918166282536
65867,STARLINK-35456,1,1.0,462.68211084253016
65868,STARLINK-35450,1,1.0,462.6693720753146
65869,STARLINK-35441,1,1.0,462.6748260199547
65870,STARLINK-35433,1,1.0,465.18028674909056
65871,STARLINK-35465,1,1.0,462.6631126841294
65872,STARLINK-34108,1,1.0,462.6982142033594
65873,STARLINK-35423,1,1.0,462.6966864902706
65874,STARLINK-35425,1,1.0,462.68673557063903
65875,STARLINK-34688,1,1.0,462.7335123409457
65876,STARLINK-34438,1,1.0,462.7002412481115
65877,STARLINK-35462,1,1.0,462.6672439995928
65878,STARLINK-35453,1,1.0,462.6406283319866
65879,STARLINK-35418,1,1.0,462.66914024575726
65880,STARLINK-35445,1,1.0,462.653765234395
65881,STARLINK-35464,1,1.0,462.6755393432177
65882,STARLINK-35270,1,1.0,462.700416608358
65883,STARLINK-35367,1,1.0,462.6909531154906
65884,STARLINK-35384,1,1.0,475.1907619685171
65885,STARLINK-35415,1,1.0,462.7022950442533
65886,STARLINK-35413,1,1.0,462.7048362847381
65887,STARLINK-35332,1,1.0,462.6923916594078
65888,STARLINK-35362,1,1.0,475.1920100303896
65889,STARLINK-35193,1,1.0,475.2081811418184
65890,STARLINK-34542,1,1.0,475.2795519409983
65891,STARLINK-34791,1,1.0,475.2025021328072
65892,STARLINK-34853,1,1.0,462.69883242212654
65893,STARLINK-34921,1,1.0,475.1877313900195
65894,STARLINK-34672,1,1.0,475.2089693963635
65895,STARLINK-34898,1,1.0,462.690073345203
65896,STARLINK-34906,1,1.0,470.6820789998537
65897,STARLINK-34934,1,1.0,462.71274535356224
65898,STARLINK-34936,1,1.0,462.7068960287579
65899,STARLINK-35272,1,1.0,462.6882632781717
65900,STARLINK-35264,1,1.0,462.6784134434165
65901,STARLINK-35249,1,1.0,475.2040099652832
65902,STARLINK-35278,1,1.0,475.2503202339212
65903,STARLINK-35210,1,1.0,475.2024782463586
65904,STARLINK-35348,1,1.0,462.6889260776197
65905,STARLINK-35380,1,1.0,475.1858563145579
65906,STARLINK-35385,1,1.0,462.68575177499406
65907,STARLINK-35347,1,1.0,462.68501467154056
65908,STARLINK-35329,1,1.0,462.6813351016263
65909,STARLINK-35387,1,1.0,465.2844757511848
65910,STARLINK-35523,1,1.0,462.69633577026616
65911,STARLINK-35160,1,1.0,462.7086347749155
65912,STARLINK-35508,1,1.0,462.7061173086149
65913,STARLINK-35472,1,1.0,462.7071486670202
65914,STARLINK-35524,1,1.0,462.7716019080645
65915,STARLINK-35539,1,1.0,462.72121619670816
65916,STARLINK-35521,1,1.0,462.7086139694002
65917,STARLINK-35478,1,1.0,462.6963417146726
65918,STARLINK-35516,1,1.0,475.208205028317
65919,STARLINK-35519,1,1.0,462.68940757328255
65920,STARLINK-33902,1,1.0,462.6944276164513
65921,STARLINK-35530,1,1.0,462.69481400262976
65922,STARLINK-35544,1,1.0,462.69936741925176
65923,STARLINK-35484,1,1.0,462.7214926141378
65924,STARLINK-34994,1,1.0,462.7103200222482
65925,STARLINK-35458,1,1.0,462.7000331935951
65926,STARLINK-35492,1,1.0,462.73100674071975
65927,STARLINK-35494,1,1.0,462.7096037176998
65928,STARLINK-35493,1,1.0,462.6836563806173
65929,STARLINK-35175,1,1.0,465.2464612699696
65930,STARLINK-35513,1,1.0,462.7163179656145
65931,STARLINK-35526,1,1.0,475.20040012614754
65932,STARLINK-35436,1,1.0,475.1993670382362
65933,STARLINK-35192,1,1.0,462.7132744089622
65934,STARLINK-33921,1,1.0,475.203738256796
65935,STARLINK-35155,1,1.0,462.70105563308334
65936,STARLINK-35161,1,1.0,462.6972214869757
65937,STARLINK-35473,1,1.0,462.7758403897497
65938,2025-226A,0,0.0,514.6279961207674
65939,2025-226B,0,0.0,538.6960476104359
65940,2025-226C,0,0.0,516.0757244669794
65945,SHIYAN-31,1,1.0,494.6887405153475
65947,KUIPER-00101,0,0.0,629.5235861912233
65948,KUIPER-00113,0,0.0,629.5643052586547
65949,KUIPER-00117,0,0.0,629.5132100105293
65950,KUIPER-00121,0,0.0,629.5651039252461
65951,KUIPER-00122,0,0.0,629.514936740703
65952,KUIPER-00123,0,0.01,629.5258653574465
65953,KUIPER-00124,0,0.0,629.5132068538023
65954,KUIPER-00125,0,0.0,629.5317211184947
65955,KUIPER-00126,0,0.0,629.5216795217357
65956,KUIPER-00127,0,0.0,629.5376652809018
65957,KUIPER-00128,0,0.0,629.5618114000135
65958,KUIPER-00129,0,0.0,629.5697665011494
65959,KUIPER-00130,0,0.0,629.5498472229592
65960,KUIPER-00134,1,1.0,439.2499687638492
65961,KUIPER-00135,0,0.0,629.5160921037177
65962,KUIPER-00136,0,0.0,629.562502735288
65963,KUIPER-00137,0,0.0,629.562319641911
65964,KUIPER-00138,1,0.96,629.6052490525653
65965,KUIPER-00140,0,0.0,629.5409893453534
65966,KUIPER-00141,1,0.92,629.5977326489738
65967,KUIPER-00146,0,0.0,629.5235419968831
65968,KUIPER-00149,0,0.0,629.5768819162922
65969,KUIPER-00154,0,0.0,629.5544845192981
65970,KUIPER-00157,0,0.0,625.427599943846
65971,STRIX-5,0,0.01,552.2422652011064
65974,SDA_1664,0,0.0,970.6589542191604
65975,SDA_1665,0,0.0,956.6274436042486
65976,SDA_1666,0,0.0,957.0880568463508
65977,SDA_1667,0,0.0,958.7714513818974
65978,SDA_1668,0,0.0,948.8867322132382
65979,SDA_1669,0,0.0,957.8458574214692
65980,SDA_1670,0,0.0,970.6642512574372
65981,SDA_1671,0,0.0,970.689904700006
65982,SDA_1672,0,0.0,955.8837314965068
65983,SDA_1673,0,0.0,955.8667529193426
65984,SDA_1674,0,0.0,956.6062893171464
65985,SDA_1675,0,0.0,947.0307531156476
65986,SDA_1676,0,0.0,970.6751262135832
65987,SDA_1677,0,0.0,970.6817742124748
65988,SDA_1678,0,0.0,946.2504352776868
65989,SDA_1679,0,0.0,946.710161510704
65990,SDA_1680,0,0.0,945.3697434019504
65991,SDA_1681,0,0.0,945.1162088103148
65992,SDA_1682,0,0.0,970.6441367829212
65993,SDA_1683,0,0.0,970.6639064163992
65994,SDA_1684,0,0.0,970.6459605180436
65995,HULIANWANG DIGUI-87,0,0.0,1149.296024332959
65996,HULIANWANG DIGUI-88,0,0.0,1149.3127554211123
65997,HULIANWANG DIGUI-89,0,0.0,1149.2967944441823
65998,HULIANWANG DIGUI-90,0,0.0,1149.3024494826225
65999,HULIANWANG DIGUI-91,0,0.0,1149.3002335217006
66000,HULIANWANG DIGUI-92,0,0.0,1149.2924493584442
66001,HULIANWANG DIGUI-93,0,0.0,1149.3072249405768
66002,HULIANWANG DIGUI-94,0,0.0,1149.3035706764176
66003,HULIANWANG DIGUI-95,0,0.0,1149.3095541587854
66005,STARLINK-34849,1,1.0,462.66974359708456
66006,STARLINK-35336,1,1.0,462.6674609681304
66007,STARLINK-35196,1,1.0,462.6732685981415
66008,STARLINK-35236,1,1.0,462.70255957093104
66009,STARLINK-35276,1,1.0,462.64486661080446
66010,STARLINK-35297,1,1.0,462.6368418247657
66011,STARLINK-35256,1,1.0,475.159909940232
66012,STARLINK-35293,1,1.0,465.3841227264511
66013,STARLINK-35307,1,1.0,462.6808952179945
66014,STARLINK-35395,1,1.0,475.1878329068813
66015,STARLINK-34622,1,1.0,462.6138019031905
66016,STARLINK-35243,1,1.0,462.6829192777277
66017,STARLINK-35398,1,1.0,462.6672796656512
66018,STARLINK-35376,1,1.0,462.6570019152841
66019,STARLINK-35382,1,1.0,462.6713129055952
66020,STARLINK-35430,1,1.0,465.4055436999906
66021,STARLINK-35432,1,1.0,462.680294836392
66022,STARLINK-35340,1,1.0,475.1868207242287
66023,STARLINK-35394,1,1.0,465.2534970924271
66024,STARLINK-35410,1,1.0,462.6823099791181
66025,STARLINK-35280,1,1.0,475.1929983285909
66026,STARLINK-34812,1,1.0,462.63215179404506
66027,STARLINK-35341,1,1.0,462.6790702961098
66028,STARLINK-35339,1,1.0,462.737304926437
66029,STARLINK-35399,1,1.0,462.6748260199547
66030,STARLINK-35431,1,1.0,462.6517828063934
66031,STARLINK-35326,1,1.0,462.7015579363433
66032,STARLINK-35311,1,1.0,462.641404061349
66033,QIANFAN-91,0,0.0,1068.5218320369968
66034,QIANFAN-92,0,0.0,1068.5262158334926
66035,QIANFAN-93,0,0.0,1068.5153721038805
66036,QIANFAN-94,0,0.0,1068.517896547066
66037,QIANFAN-95,0,0.0,1068.5148686853345
66038,QIANFAN-96,0,0.0,1068.5195390898498
66039,QIANFAN-97,0,0.0,1068.5185138784764
66040,QIANFAN-98,0,0.0,1068.5201306994422
66041,QIANFAN-99,0,0.0,1068.5194435504245
66042,QIANFAN-100,0,0.0,1068.5201858183543
66043,QIANFAN-101,0,0.0,802.3298233963596
66044,QIANFAN-102,0,0.0,1068.5198624540844
66045,QIANFAN-103,0,0.0,1068.51665086086
66046,QIANFAN-104,0,0.0,1068.496918378939
66047,QIANFAN-105,0,0.0,1068.4990092074231
66048,QIANFAN-106,0,0.0,1068.5202115405136
66049,QIANFAN-107,0,0.0,1068.5221296793052
66050,QIANFAN-108,0,0.0,1068.5168603124855
66054,2025-234B,0,0.0,501.2923005678376
66055,2025-234C,1,1.0,492.0408700819762
66056,2025-234D,0,0.0,504.60759206343846
66058,STARLINK-35552,1,1.0,462.71459110346495
66059,STARLINK-35560,1,1.0,462.71974791535285
66060,STARLINK-35558,1,1.0,474.5386497293284
66061,STARLINK-35566,1,1.0,475.21722518203023
66062,STARLINK-35421,1,1.0,462.7293095916921
66063,STARLINK-35562,1,1.0,475.2117790479351
66064,STARLINK-35542,1,1.0,475.2287265928735
66065,STARLINK-35375,1,1.0,475.2156128385722
66066,STARLINK-35179,1,1.0,475.2106862394376
66067,STARLINK-35401,1,1.0,462.7379142372911
66068,STARLINK-35422,1,1.0,462.7102754389725
66069,STARLINK-35279,1,1.0,475.2237850410256
66070,STARLINK-35295,1,1.0,475.1626001110144
66071,STARLINK-35323,1,1.0,475.2158845482363
66072,STARLINK-35299,1,1.0,462.7121865760592
66073,STARLINK-35274,1,1.0,475.0975261875128
66074,STARLINK-35321,1,1.0,475.2981750000754
66075,STARLINK-35131,1,1.0,462.6981488148431
66076,STARLINK-34801,1,1.0,475.26830411650826
66077,STARLINK-35129,1,1.0,462.6935270396443
66078,STARLINK-35116,1,1.0,462.7722171711266
66079,STARLINK-35402,1,1.0,475.21773277183365
66080,STARLINK-35325,1,1.0,462.6923678818157
66081,STARLINK-35403,1,1.0,470.70468612455534
66082,STARLINK-35011,1,1.0,470.7200587182042
66083,STARLINK-35291,1,1.0,475.2299030119684
66084,STARLINK-35379,1,1.0,475.1938433089063
66085,STARLINK-35370,1,1.0,475.1654604730784
66086,STARLINK-35596,1,1.0,462.6688489727485
66087,STARLINK-35563,1,1.0,462.70049685796766
66088,STARLINK-35461,1,1.0,465.1946317643224
66089,STARLINK-35571,1,1.0,465.1547146105913
66090,STARLINK-35570,1,1.0,475.1912785108016
66091,STARLINK-35532,1,1.0,475.1944971984476
66092,STARLINK-35527,1,1.0,462.6730070464728
66093,STARLINK-35500,1,1.0,462.66267280342527
66094,STARLINK-35528,1,1.0,475.189815472213
66095,STARLINK-35559,1,1.0,475.179616024886
66096,STARLINK-34386,1,1.0,475.1546729227721
66097,STARLINK-35613,1,1.0,475.18923025699496
66098,STARLINK-34206,1,1.0,462.685451583644
66099,STARLINK-34460,1,1.0,475.2093933818569
66100,STARLINK-35609,1,1.0,462.6856596370508
66101,STARLINK-35595,1,1.0,462.6725255536958
66102,STARLINK-35599,1,1.0,462.6643431616076
66103,STARLINK-35622,1,1.0,462.5716784614642
66104,STARLINK-35452,1,1.0,462.6713753212925
66105,STARLINK-35561,1,1.0,462.6405510562754
66106,STARLINK-35584,1,1.0,462.6451043826
66107,STARLINK-35593,1,1.0,462.6671994170183
66108,STARLINK-35590,1,1.0,462.7007435512214
66109,STARLINK-35545,1,1.0,462.7047411739413
66110,STARLINK-35427,1,1.0,462.7583098818468
66111,STARLINK-35574,1,1.0,462.6839060445427
66112,STARLINK-35531,1,1.0,462.8102151348767
66113,STARLINK-35491,1,1.0,462.75174117179904
66114,STARLINK-35496,1,1.0,462.6783361666394
66115,STARLINK-35428,1,1.0,462.6658411349372
66116,STARLINK-35573,1,1.0,462.708593163884
66117,STARLINK-35572,1,1.0,475.1656187186654
66118,STARLINK-35468,1,1.0,462.6910214760319
66119,STARLINK-35547,1,1.0,462.7372217035008
66120,STARLINK-35553,1,1.0,462.6890865761643
66121,STARLINK-35631,1,1.0,465.1676761683857
66122,STARLINK-35653,1,1.0,475.2067330232603
66123,STARLINK-35628,1,1.0,462.69328629144
66124,STARLINK-35645,1,1.0,462.7071248892999
66125,STARLINK-35649,1,1.0,462.6934616512417
66126,STARLINK-35658,1,1.0,462.6946178373319
66127,STARLINK-35629,1,1.0,462.6905429522813
66128,STARLINK-35612,1,1.0,471.256910556257
66129,STARLINK-35632,1,1.0,465.19579198244446
66130,STARLINK-35637,1,1.0,465.1746671649025
66131,STARLINK-35630,1,1.0,462.6770848775941
66132,STARLINK-34412,1,1.0,462.68832272206055
66133,STARLINK-35520,1,1.0,462.6944900326753
66134,STARLINK-35525,1,1.0,462.69846386861445
66135,STARLINK-34852,1,1.0,462.6941066187428
66136,STARLINK-35592,1,1.0,462.7121241594296
66137,STARLINK-35576,1,1.0,462.7095175233899
66138,STARLINK-35623,1,1.0,462.6842181244847
66139,STARLINK-35549,1,1.0,462.6776912028554
66140,STARLINK-35625,1,1.0,462.6825834204283
66141,STARLINK-35603,1,1.0,462.6587614348746
66142,TJS-20,0,0.0,35786.16212749586
66146,STARLINK-35318,1,1.0,462.68622732571566
66147,STARLINK-33948,1,1.0,462.6906350903882
66148,STARLINK-35081,1,1.0,462.6656687490749
66149,STARLINK-35601,1,1.0,462.6701210632537
66150,STARLINK-35605,1,1.0,462.6155049248091
66151,STARLINK-35540,1,1.0,462.6683318146288
66152,STARLINK-35455,1,1.0,462.6664771794167
66153,STARLINK-34752,1,1.0,462.66710430752937
66154,STARLINK-34625,1,1.0,462.67649341337255
66155,STARLINK-35580,1,1.0,462.64682822874784
66156,STARLINK-35621,1,1.0,462.6887893566436
66157,STARLINK-35594,1,1.0,462.6785650247948
66158,STARLINK-35587,1,1.0,462.67485574175225
66159,STARLINK-35586,1,1.0,462.650959519624
66160,STARLINK-35636,1,1.0,462.6736579535118
66161,STARLINK-35635,1,1.0,462.6806425821551
66162,STARLINK-35633,1,1.0,462.6749330184312
66163,STARLINK-35607,1,1.0,462.69582455135605
66164,STARLINK-35614,1,1.0,462.69604152216016
66165,STARLINK-35575,1,1.0,462.6838109344735
66166,STARLINK-35624,1,1.0,462.68434890085246
66167,STARLINK-35641,1,1.0,462.66318698830855
66168,STARLINK-35578,1,1.0,462.680149199291
66169,STARLINK-35638,1,1.0,462.6768203533784
66170,STARLINK-35585,1,1.0,462.6846520642703
66171,STARLINK-35606,1,1.0,462.6855169718565
66172,STARLINK-35627,1,1.0,462.6632642646582
66173,STARLINK-35634,1,1.0,462.7062599748842
66175,GAOFEN-14 02,1,0.99,488.37064353440655
66178,STARLINK-35363,1,1.0,462.7229103684849
66179,STARLINK-35346,1,1.0,462.7059954478491
66180,STARLINK-35335,1,1.0,462.72062175072006
66181,STARLINK-35342,1,1.0,462.70771338792656
66182,STARLINK-35333,1,1.0,462.7081384147905
66183,STARLINK-35310,1,1.0,462.6979169828464
66184,STARLINK-35317,1,1.0,462.7036741499078
66185,STARLINK-35377,1,1.0,462.7171947721136
66186,STARLINK-35365,1,1.0,462.7061083919725
66187,STARLINK-35350,1,1.0,462.73978972667646
66188,STARLINK-35041,1,1.0,462.7773295072448
66189,STARLINK-34694,1,1.0,475.2124627999219
66190,STARLINK-34863,1,1.0,462.6907569504701
66191,STARLINK-35061,1,1.0,462.6963536034855
66192,STARLINK-34937,1,1.0,462.69744143009393
66193,STARLINK-35197,1,1.0,475.2151978095762
66194,STARLINK-35374,1,1.0,470.72895083570256
66195,STARLINK-34813,1,1.0,462.725754796088
66196,STARLINK-35409,1,1.0,475.2138452335012
66197,STARLINK-35259,1,1.0,462.7240903448856
66198,STARLINK-35518,1,1.0,462.7168648550587
66199,STARLINK-35509,1,1.0,475.2055118269691
66200,STARLINK-35551,1,1.0,475.21532321401446
66201,STARLINK-35543,1,1.0,470.6910097457048
66202,STARLINK-35534,1,1.0,475.215926349726
66203,STARLINK-35548,1,1.0,475.2191838820263
66204,STARLINK-35490,1,1.0,462.7144306034252
66206,STARLINK-35748,1,1.0,462.7773265349533
66207,STARLINK-35747,1,1.0,462.6795934006286
66208,STARLINK-35751,1,1.0,462.68963940455706
66209,STARLINK-35750,1,1.0,462.7051008116614
66210,STARLINK-35740,1,1.0,462.68628082517534
66211,STARLINK-35723,1,1.0,462.7884161759421
66212,STARLINK-35710,1,1.0,465.1948905821682
66213,STARLINK-34204,1,1.0,462.6958067181404
66214,STARLINK-35714,1,1.0,462.7454607863938
66215,STARLINK-35712,1,1.0,462.7205593338995
66216,STARLINK-35709,1,1.0,462.7103081333744
66217,STARLINK-35700,1,1.0,462.7108342160855
66218,STARLINK-35722,1,1.0,462.7259123245585
66219,STARLINK-35737,1,1.0,462.7203720834432
66220,STARLINK-35677,1,1.0,462.7354026885432
66221,STARLINK-35704,1,1.0,462.7179348564623
66222,STARLINK-35666,1,1.0,462.7930173052573
66223,STARLINK-35664,1,1.0,462.7214896419073
66224,STARLINK-35733,1,1.0,462.70401892642985
66225,STARLINK-35734,1,1.0,475.2667902769172
66226,STARLINK-34466,1,1.0,462.6916961649404
66227,STARLINK-34882,1,1.0,462.7547045200363
66228,STARLINK-35731,1,1.0,462.6953400823613
66229,STARLINK-35758,1,1.0,462.5961238286427
66230,STARLINK-35736,1,1.0,462.67435344339447
66231,STARLINK-35735,1,1.0,462.71931397000026
66232,STARLINK-35753,1,1.0,462.77287404633626
66233,STARLINK-35626,1,1.0,462.7074666940416
66234,STARLINK-35537,1,1.0,470.7146781515694
66235,STARLINK-35541,1,1.0,470.6066696104008
66236,STARLINK-35454,1,1.0,462.6956432469988
66237,STARLINK-35557,1,1.0,462.6759168101862
66238,STARLINK-35556,1,1.0,462.67941209734727
66239,STARLINK-35554,1,1.0,470.6968523054748
66240,STARLINK-35546,1,1.0,463.43167739526143
66241,STARLINK-35497,1,1.0,475.1737041846154
66242,STARLINK-35480,1,1.0,462.6725701363576
66243,STARLINK-35495,1,1.0,475.1869341842121
66244,STARLINK-35517,1,1.0,475.1902722984632
66245,STARLINK-35503,1,1.0,462.6989453659562
66246,STARLINK-35434,1,1.0,470.7018751282976
66247,STARLINK-35481,1,1.0,470.68491680379066
66248,STARLINK-35416,1,1.0,470.6975259891879
66249,STARLINK-35304,1,1.0,470.6968075919594
66250,STARLINK-35338,1,1.0,470.6878559609677
66251,STARLINK-35485,1,1.0,470.7217876559871
66252,STARLINK-35483,1,1.0,475.2806597064055
66253,STARLINK-35486,1,1.0,470.6546549956229
66254,STARLINK-35488,1,1.0,470.6764630183725
66255,STARLINK-35616,1,1.0,473.5424548361407
66256,STARLINK-35619,1,1.0,473.10963320599785
66257,STARLINK-35615,1,1.0,475.19979400804914
66258,STARLINK-34650,1,1.0,475.1760121894258
66259,STARLINK-35529,1,1.0,470.697284536157
66260,STARLINK-35420,1,1.0,470.7322566956618
66261,STARLINK-35536,1,1.0,470.6920769062035
66262,STARLINK-35487,1,1.0,470.7113037517356
66265,STARLINK-35801,1,1.0,462.6991445037693
66266,STARLINK-35056,1,1.0,462.71447518676814
66267,STARLINK-35550,1,1.0,462.70599247563496
66268,STARLINK-35069,1,1.0,462.7128553257435
66269,STARLINK-34910,1,1.0,462.7327841413553
66270,STARLINK-35757,1,1.0,462.7024436547426
66271,STARLINK-35745,1,1.0,462.70938674581976
66272,STARLINK-35741,1,1.0,462.718692774376
66273,STARLINK-35730,1,1.0,462.79864091825766
66274,STARLINK-35760,1,1.0,462.6849344223865
66275,STARLINK-35752,1,1.0,462.69391342569634
66276,STARLINK-35742,1,1.0,462.7097790785465
66277,STARLINK-35708,1,1.0,462.6878055602601
66278,STARLINK-35713,1,1.0,462.687368647782
66279,STARLINK-35724,1,1.0,462.7503679864421
66280,STARLINK-35726,1,1.0,462.7049135622629
66281,STARLINK-35727,1,1.0,462.7939000809511
66282,STARLINK-35776,1,1.0,462.7122400760272
66283,STARLINK-35774,1,1.0,462.7033115401628
66284,STARLINK-35830,1,1.0,462.6696365988091
66285,STARLINK-35819,1,1.0,462.7001639707187
66286,STARLINK-35783,1,1.0,462.7009308003344
66287,STARLINK-34884,1,1.0,462.6860371054163
66288,STARLINK-34896,1,1.0,462.70462525766106
66289,STARLINK-35802,1,1.0,462.745225978133
66290,STARLINK-35799,1,1.0,462.7137351033553
66291,STARLINK-35800,1,1.0,462.7191861641895
66292,STARLINK-35798,1,1.0,462.74310378792507
66293,KORSAT-4,0,0.0,570.7316435848024
66294,SEMI-1L,0,0.02,501.4011160690088
66295,LEMUR-2-AFFIE-WAUWIE,1,1.0,479.0963263738868
66296,BANDWAGON-4 OBJECT D,1,1.0,499.0581950636788
66297,SEMI-1N,0,0.0,501.458264091958
66298,SEMI-1P,0,0.0,501.5097369134865
66299,FGN-100-D2,0,0.0,503.2946561182798
66300,ICEYE-X65,0,0.06,542.2224264597317
66301,ICEYE-X66,0,0.0,538.3933522472935
66302,ICEYE-X67,0,0.0,538.4492246432083
66303,STARCLOUD-1,0,0.04,500.54214866366783
66304,BANDWAGON-4 OBJECT M,1,1.0,478.09978359136494
66305,BANDWAGON-4 OBJECT N,1,1.0,477.55182696801694
66306,BANDWAGON-4 OBJECT P,1,1.0,479.3241117800199
66307,BANDWAGON-4 OBJECT Q,1,1.0,479.9446566852357
66308,TOMORROW-S8,0,0.0,503.10581476518655
66309,TOMORROW-S9,0,0.01,503.0923078488531
66311,CMS-03 (GSAT-7R),0,0.0,35786.79203876174
66313,YAOGAN-46,0,0.0,7496.596921329291
66315,SENTINEL-1D,0,0.0,695.7639873242842
66316,QPS-SAR-14 (YACHIHOKO-I),0,0.0,567.516458174583
66319,STARLINK-35442,1,1.0,483.0019442617513
66320,STARLINK-34616,1,1.0,483.0254107562505
66321,STARLINK-34615,1,1.0,482.95411958622753
66322,STARLINK-35292,1,1.0,482.9064394658772
66323,STARLINK-35309,1,1.0,483.0056122918732
66324,STARLINK-35506,1,1.0,483.0065405288451
66325,STARLINK-35504,1,1.0,483.0163588997793
66326,STARLINK-35479,1,1.0,483.029671696705
66327,STARLINK-35507,1,1.0,483.07731203660296
66328,STARLINK-35460,1,1.0,483.0290039592892
66329,STARLINK-35505,1,1.0,483.0243687282491
66330,STARLINK-35512,1,1.0,482.8973820134052
66331,STARLINK-35257,1,1.0,483.0439008304065
66332,STARLINK-35322,1,1.0,483.0548751600518
66333,STARLINK-35400,1,1.0,483.0515424326568
66334,STARLINK-35407,1,1.0,483.0053038777232
66335,STARLINK-35417,1,1.0,483.0138107312114
66336,STARLINK-35404,1,1.0,483.0039863807733
66337,STARLINK-34783,1,1.0,483.01228662211815
66338,STARLINK-35477,1,1.0,483.0119752128994
66339,STARLINK-35443,1,1.0,483.0051092474523
66340,STARLINK-35218,1,1.0,483.0242908755981
66341,STARLINK-35522,1,1.0,483.0083550833169
66342,STARLINK-35535,1,1.0,483.0283422107095
66343,STARLINK-35467,1,1.0,483.0321001063485
66344,STARLINK-35511,1,1.0,483.0099480595172
66345,STARLINK-35440,1,1.0,483.0106427411574
66346,STARLINK-35482,1,1.0,483.00909168497856
66347,STARLINK-35438,1,1.0,483.06422059241504
66348,STARLINK-35849,1,1.0,462.7237455658342
66349,STARLINK-35848,1,1.0,470.721561105458
66350,STARLINK-35829,1,1.0,470.7105555417356
66351,STARLINK-35828,1,1.0,470.719879862635
66352,STARLINK-35850,1,1.0,462.7257310182076
66353,STARLINK-35869,1,1.0,462.7078649709265
66354,STARLINK-35895,1,1.0,465.20812899889097
66355,STARLINK-35861,1,1.0,462.7004463304347
66356,STARLINK-35851,1,1.0,462.7066136683752
66357,STARLINK-35817,1,1.0,462.7136905200232
66358,STARLINK-35807,1,1.0,470.7038514700116
66359,STARLINK-35805,1,1.0,470.7137063716864
66360,STARLINK-35823,1,1.0,462.7085396639868
66361,STARLINK-35813,1,1.0,470.7115362632521
66362,STARLINK-35822,1,1.0,462.7085158862556
66363,STARLINK-35806,1,1.0,462.7047203684542
66364,STARLINK-35797,1,1.0,462.7113246322624
66365,STARLINK-35827,1,1.0,470.75279246514674
66366,STARLINK-35845,1,1.0,470.7233884148727
66367,STARLINK-35846,1,1.0,462.7108490771798
66368,STARLINK-34861,1,1.0,462.68979098655655
66369,STARLINK-35795,1,1.0,462.6815817931547
66370,STARLINK-35824,1,1.0,462.713057436792
66371,STARLINK-35804,1,1.0,462.6717379268039
66372,STARLINK-35821,1,1.0,462.71974197089366
66373,STARLINK-35809,1,1.0,465.250331713828
66374,STARLINK-35831,1,1.0,462.72600446385695
66375,STARLINK-35826,1,1.0,475.2172968417608
66378,SHIYAN-32 02,1,1.0,440.2861194504858
66379,SHIYAN-32 03,1,1.0,440.2264364938328
66380,STARLINK-35139,1,1.0,462.7085129140387
66381,STARLINK-35158,1,1.0,462.70759747151897
66382,STARLINK-35639,1,1.0,462.7525644888901
66383,STARLINK-35690,1,1.0,462.7725768177161
66384,STARLINK-35662,1,1.0,462.7142047144935
66385,STARLINK-35659,1,1.0,462.7884132036397
66386,STARLINK-35651,1,1.0,462.6459276676087
66387,STARLINK-35661,1,1.0,462.7634578592952
66388,STARLINK-35647,1,1.0,462.73538485506833
66389,STARLINK-35694,1,1.0,462.71196365953256
66390,STARLINK-35665,1,1.0,462.71599993756354
66391,STARLINK-35656,1,1.0,463.3208639611012
66392,STARLINK-35671,1,1.0,462.7016560192387
66393,STARLINK-35652,1,1.0,462.8233171833872
66394,STARLINK-35672,1,1.0,462.7024198770632
66395,STARLINK-35681,1,1.0,462.7218373929045
66396,STARLINK-35669,1,1.0,462.7199916381133
66397,STARLINK-35510,1,1.0,462.7166508548289
66398,STARLINK-35642,1,1.0,462.7015371308808
66399,STARLINK-35657,1,1.0,462.6992812252629
66400,STARLINK-35667,1,1.0,462.7408300145298
66401,STARLINK-35668,1,1.0,462.7190851084388
66403,STARLINK-35602,1,1.0,462.739010997172
66404,STARLINK-35691,1,1.0,462.72557943421816
66405,STARLINK-35683,1,1.0,462.7414779654482
66406,STARLINK-34840,1,1.0,462.7445988321151
66407,STARLINK-35686,1,1.0,462.719510137068
66408,STARLINK-35679,1,1.0,462.7122846593347
66409,CHUTIAN-2 A,0,0.0,724.8439731928474
66410,CHUTIAN-2 B,0,0.0,724.8706433377129
66412,HULIANWANG DIGUI-96,0,0.0,1149.2964622393174
66413,HULIANWANG DIGUI-97,0,0.0,1149.2978514599065
66414,HULIANWANG DIGUI-98,0,0.0,1149.3112265159216
66415,HULIANWANG DIGUI-99,0,0.0,1149.299123654322
66416,HULIANWANG DIGUI-100,0,0.0,1149.310905634683
66417,HULIANWANG DIGUI-101,0,0.0,1149.3066775556845
66418,HULIANWANG DIGUI-102,0,0.0,1149.31201173133
66419,HULIANWANG DIGUI-103,0,0.0,1149.2999164166931
66420,HULIANWANG DIGUI-104,0,0.0,1149.300025893419
66422,STARLINK-35617,1,1.0,482.9245125413627
66423,STARLINK-35618,1,1.0,483.03552264048
66424,STARLINK-35588,1,1.0,483.0448739956555
66425,STARLINK-35555,1,1.0,483.047835414488
66426,STARLINK-35589,1,1.0,483.0421072129002
66427,STARLINK-35611,1,1.0,483.0794440434902
66428,STARLINK-35610,1,1.0,483.03552264048
66429,STARLINK-35533,1,1.0,483.0289470668722
66430,STARLINK-35470,1,1.0,483.0416969866892
66431,STARLINK-35439,1,1.0,482.93691464446056
66432,STARLINK-35446,1,1.0,483.0656878371701
66433,STARLINK-35457,1,1.0,483.0144575046779
66434,STARLINK-35389,1,1.0,483.03163298916206
66435,STARLINK-35502,1,1.0,483.0172542028104
66436,STARLINK-35501,1,1.0,483.0209312363813
66437,STARLINK-35474,1,1.0,483.0397626361892
66438,STARLINK-34681,1,1.0,483.0314892608112
66439,STARLINK-35327,1,1.0,483.0137508447879
66440,STARLINK-35405,1,1.0,483.14048242628814
66441,STARLINK-35426,1,1.0,483.0328756408298
66442,STARLINK-34724,1,1.0,483.03356433958834
66443,STARLINK-35219,1,1.0,483.0515783650071
66444,STARLINK-35360,1,1.0,483.0152450114656
66445,STARLINK-34698,1,1.0,483.01446049900096
66446,STARLINK-34986,1,1.0,483.01797882955816
66447,STARLINK-34851,1,1.0,483.0444038819387
66448,STARLINK-35355,1,1.0,483.0148317949479
66449,STARLINK-34720,1,1.0,483.0568364705168
66450,STARLINK-35334,1,1.0,483.016331950862
66454,VIASAT-3 F2,0,0.0,35786.800168611415
66456,STARLINK-35643,1,1.0,483.1218958793807
66457,STARLINK-35466,1,1.0,483.0274319323808
66458,STARLINK-35684,1,1.0,483.0243268075901
66459,STARLINK-35449,1,1.0,482.97591785738587
66460,STARLINK-35424,1,1.0,483.0134514126848
66461,STARLINK-35132,1,1.0,483.062082608606
66462,STARLINK-35499,1,1.0,483.0312826513209
66463,STARLINK-35463,1,1.0,483.0298872890908
66464,STARLINK-35435,1,1.0,483.01944305526285
66465,STARLINK-35448,1,1.0,483.040663935556
66466,STARLINK-35388,1,1.0,483.0106696900175
66467,STARLINK-35682,1,1.0,483.0375737675295
66468,STARLINK-35331,1,1.0,483.07996506789823
66469,STARLINK-35451,1,1.0,482.9519756996788
66470,STARLINK-35655,1,1.0,483.0283182560124
66471,STARLINK-35569,1,1.0,483.0248328498656
66472,STARLINK-35567,1,1.0,483.0270276970359
66473,STARLINK-35568,1,1.0,483.02812661844746
66474,STARLINK-35620,1,1.0,483.0411520147391
66475,STARLINK-35538,1,1.0,483.0419095856678
66476,STARLINK-35372,1,1.0,483.0144365444248
66477,STARLINK-35354,1,1.0,482.88942345669966
66478,STARLINK-35283,1,1.0,483.0284410238364
66479,STARLINK-35581,1,1.0,483.03889128060473
66480,STARLINK-35670,1,1.0,483.0172482141597
66481,STARLINK-35698,1,1.0,483.01583788744665
66482,STARLINK-35648,1,1.0,483.0210480152164
66483,STARLINK-35654,1,1.0,483.0359388544575
66484,STARLINK-35371,1,1.0,483.03108502486793
66485,STARLINK-34774,1,1.0,482.9671566083607
66486,STARLINK-34844,1,1.0,482.9899431003114
66487,STARLINK-34733,1,1.0,483.02893508952
66488,STARLINK-35515,1,1.0,483.0365706614093
66489,STARLINK-35696,1,1.0,483.0373312254196
66490,STARLINK-35693,1,1.0,483.04080467003496
66491,STARLINK-35663,1,1.0,483.0399303197692
66492,STARLINK-35673,1,1.0,483.0449548432453
66493,STARLINK-35597,1,1.0,483.0591840561847
66494,STARLINK-35689,1,1.0,483.0481079011152
66495,STARLINK-35832,1,1.0,483.0546475882411
66496,STARLINK-35909,1,1.0,483.0313605041711
66497,STARLINK-35899,1,1.0,483.0262521642071
66498,STARLINK-35907,1,1.0,483.0287135085364
66499,STARLINK-35816,1,1.0,483.0369239942693
66500,STARLINK-35894,1,1.0,483.0773210197758
66501,STARLINK-35897,1,1.0,483.0167451676061
66502,STARLINK-35922,1,1.0,483.0028515373169
66503,STARLINK-35917,1,1.0,483.04538902478816
66504,STARLINK-35916,1,1.0,482.92007211102646
66505,STARLINK-34766,1,1.0,483.0466077278297
66506,STARLINK-34765,1,1.0,483.0452363126533
66507,STARLINK-34767,1,1.0,483.0604386978184
66508,STARLINK-35608,1,1.0,483.0465089140498
66509,STARLINK-35598,1,1.0,483.0514765566859
66510,STARLINK-35600,1,1.0,483.0339086890317
66511,STARLINK-35444,1,1.0,483.03830139399
66512,STARLINK-35366,1,1.0,483.0390140488989
66513,STARLINK-35692,1,1.0,483.1343497801736
66514,SENTINEL-6B,0,0.0,1337.7311786853315
66515,SZ-21 MODULE,1,1.0,327.54083629959405
66516,STARLINK-35924,1,1.0,483.0189489912873
66517,STARLINK-35937,1,1.0,483.0471497065064
66518,STARLINK-35962,1,1.0,482.99192233015856
66519,STARLINK-35931,1,1.0,483.0723922573661
66520,STARLINK-35952,1,1.0,483.0199790399183
66521,STARLINK-35915,1,1.0,483.019164582829
66522,STARLINK-35946,1,1.0,483.0306238965313
66523,STARLINK-35969,1,1.0,483.0222637131192
66524,STARLINK-35687,1,1.0,483.0311718607327
66525,STARLINK-35975,1,1.0,483.0232967573256
66526,STARLINK-35932,1,1.0,482.94315164795626
66527,STARLINK-35935,1,1.0,483.0407657434762
66528,STARLINK-35928,1,1.0,483.0097594175513
66529,STARLINK-35933,1,1.0,483.0195328850869
66530,STARLINK-35961,1,1.0,483.0344895916696
66531,STARLINK-35960,1,1.0,483.0250843738722
66532,STARLINK-35914,1,1.0,483.0174368566413
66533,STARLINK-35707,1,1.0,483.0145712889144
66534,STARLINK-35976,1,1.0,483.00262396982
66535,STARLINK-35514,1,1.0,482.9848438203053
66536,STARLINK-35640,1,1.0,483.024117204307
66537,STARLINK-35582,1,1.0,483.03363620381697
66538,STARLINK-35577,1,1.0,482.99748574030855
66539,STARLINK-35697,1,1.0,483.01980536890096
66540,STARLINK-35818,1,1.0,483.0436582877364
66541,STARLINK-35796,1,1.0,483.0132537875152
66542,STARLINK-35833,1,1.0,483.04579326283874
66543,STARLINK-35315,1,1.0,482.9721780043292
66544,STARLINK-35728,1,1.0,482.98626910254734
66545,SHIJIAN-30A (SJ-30A),0,0.0,518.8828294756986
66546,SHIJIAN-30B (SJ-30B),0,0.0,518.7907791668849
66547,SHIJIAN-30C (SJ-30C),0,0.0,518.7822792899742
66549,SHIJIAN-28 (SJ-28),0,0.0,35785.21239922297
66554,GLOBAL-33,1,1.0,452.9351106586528
66557,STARLINK-35699,1,1.0,483.04653586326185
66558,STARLINK-35695,1,1.0,483.03720845719727
66559,STARLINK-35419,1,1.0,483.0483115175112
66560,STARLINK-35411,1,1.0,483.0371365928768
66561,STARLINK-35305,1,1.0,483.099425699781
66562,STARLINK-35579,1,1.0,483.0510932783318
66563,STARLINK-35437,1,1.0,483.0221259739201
66564,STARLINK-35358,1,1.0,483.04181376640736
66565,STARLINK-35893,1,1.0,483.0494284136048
66566,STARLINK-35871,1,1.0,483.0271594478081
66567,STARLINK-35825,1,1.0,483.0574952315992
66568,STARLINK-35803,1,1.0,483.0550218839917
66569,STARLINK-35835,1,1.0,483.0551476473756
66570,STARLINK-35834,1,1.0,483.0443469892007
66571,STARLINK-35836,1,1.0,483.0412268735163
66572,STARLINK-35870,1,1.0,483.04414337309936
66573,STARLINK-35650,1,1.0,483.041789811592
66574,STARLINK-35812,1,1.0,483.0305131059695
66575,STARLINK-35810,1,1.0,482.9086581720149
66576,STARLINK-35814,1,1.0,483.02801283364806
66577,STARLINK-35815,1,1.0,483.0293662741906
66578,STARLINK-35743,1,1.0,483.0252640338922
66579,STARLINK-35868,1,1.0,483.0359029223128
66580,STARLINK-35872,1,1.0,483.05222514737216
66581,STARLINK-35744,1,1.0,483.0603368891671
66582,STARLINK-35746,1,1.0,483.052294017728
66583,STARLINK-35941,1,1.0,483.1145684964949
66584,STARLINK-35939,1,1.0,483.0064267449425
66585,STARLINK-35963,1,1.0,483.03496269803327
66588,STARLINK-36076,1,1.0,483.0126189916127
66589,STARLINK-35447,1,1.0,483.0599326489746
66590,STARLINK-35429,1,1.0,483.0362592494339
66591,STARLINK-36058,1,1.0,483.0248268612004
66592,STARLINK-36066,1,1.0,482.9597727476139
66593,STARLINK-36031,1,1.0,483.0101935935254
66594,STARLINK-36032,1,1.0,482.9985936328048
66595,STARLINK-35711,1,1.0,483.0549829572319
66596,STARLINK-35811,1,1.0,482.989853271456
66597,STARLINK-35820,1,1.0,483.0221559172232
66598,STARLINK-35981,1,1.0,483.03486388467263
66599,STARLINK-35930,1,1.0,483.0279529469135
66600,STARLINK-35980,1,1.0,483.06431940683433
66601,STARLINK-35978,1,1.0,483.0320611799134
66602,STARLINK-36050,1,1.0,482.8807073964326
66603,STARLINK-36048,1,1.0,483.0286985368484
66604,STARLINK-35977,1,1.0,483.0367712826037
66605,STARLINK-36052,1,1.0,483.0301178531872
66606,STARLINK-36063,1,1.0,483.0367772712953
66607,STARLINK-35993,1,1.0,483.034938743278
66608,STARLINK-36036,1,1.0,483.0447721875835
66609,STARLINK-36034,1,1.0,483.07416193957033
66610,STARLINK-35680,1,1.0,483.0338218530815
66611,STARLINK-35583,1,1.0,483.0396817887513
66612,STARLINK-36039,1,1.0,483.02510832854296
66613,STARLINK-36037,1,1.0,483.0599176771184
66614,STARLINK-36040,1,1.0,483.03234863667967
66615,STARLINK-35988,1,1.0,483.03562744255487
66616,STARLINK-35391,1,1.0,483.0160804276575
66617,STARLINK-35940,1,1.0,462.7340711228044
66618,STARLINK-35970,1,1.0,474.8598694571174
66619,STARLINK-35951,1,1.0,462.8557248110656
66620,STARLINK-35936,1,1.0,462.73223427648736
66621,STARLINK-35847,1,1.0,462.80405945271286
66622,STARLINK-35950,1,1.0,462.7097790785465
66623,STARLINK-35920,1,1.0,462.6820424822117
66624,STARLINK-35927,1,1.0,465.2990652649696
66625,STARLINK-35929,1,1.0,462.6947248365832
66626,STARLINK-35902,1,1.0,462.6755720372057
66627,STARLINK-35904,1,1.0,462.8059379597571
66628,STARLINK-35862,1,1.0,462.705959781284
66630,STARLINK-35949,1,1.0,462.680285919836
66631,STARLINK-35965,1,1.0,462.693943147704
66632,STARLINK-35973,1,1.0,462.68486011761615
66633,STARLINK-35948,1,1.0,462.67082844093966
66634,STARLINK-35967,1,1.0,462.6900376788472
66635,STARLINK-35955,1,1.0,462.67613080723095
66636,STARLINK-35968,1,1.0,462.6508852157776
66637,STARLINK-35953,1,1.0,462.8292797062695
66638,STARLINK-35972,1,1.0,462.5425047990684
66639,STARLINK-35908,1,1.0,465.3217469962774
66640,STARLINK-35921,1,1.0,475.1813179206592
66641,STARLINK-35923,1,1.0,462.684235957624
66642,STARLINK-35926,1,1.0,462.5799735153787
66643,STARLINK-35918,1,1.0,462.68632838025314
66644,STARLINK-35938,1,1.0,462.6934824566424
66647,COSMOS 2597 (RODNIK-S *),0,0.0,1494.332553199457
66648,COSMOS 2598 (RODNIK-S *),0,0.01,1494.4127927153904
66649,COSMOS 2599 (RODNIK-S *),0,0.01,1494.3468088445334
66650,BEE-1000,0,0.0,588.1232632424817
66651,2025-274B,0,0.02,587.1576074811501
66652,2025-274C,0,0.0,587.79231052459
66653,2025-274D,0,0.0,588.8765572847406
66654,JACK E,0,0.0,587.8045606510468
66655,CAS500-3,0,0.0,603.3819374881477
66656,2025-274G,0,0.02,586.8305187427295
66657,SPIRONE,0,0.0,586.3085465671902
66658,COSMIC,0,0.0,583.638960895888
66659,JACK K,0,0.07,585.4412184023995
66660,K-HERO,0,0.0,585.0587791687958
66661,SNUGLITE-III,0,0.0,585.0042504731573
66662,E3T-1 (E3TESTER-1),0,0.01,584.3446655134449
66666,FORMOSAT-8A,0,0.0,564.3635914127135
66667,PELICAN-5,1,1.0,462.43132021352176
66668,SARI-1,1,1.0,473.9196432551371
66669,SARI-2,1,1.0,475.9319240956556
66670,HUNITY,1,1.0,477.24620592387146
66671,ANISCSAT-1,1,1.0,498.1441910875692
66672,BRO-17,0,0.0,511.0532360379229
66673,TRANSPORTER-15 OBJECT H,1,1.0,493.3178049445624
66674,BRO-20,0,0.0,510.5562479635673
66675,VEERY-0G,0,0.0,500.8784708018202
66676,TRANSPORTER-15 OBJECT L,0,0.0,507.4686543966118
66677,AE5RC,1,1.0,493.7671241855842
66678,OTTER SDM,0,0.0,504.8859987203332
66679,LILIUM-2,0,0.01,511.33150538069
66680,LEMUR-2-DEANANDMAEVE,0,0.0,506.7711435394504
66681,TRANSPORTER-15 OBJECT R,1,1.0,489.3081883891937
66682,ION SCV-022,0,0.0,573.0775195929
66683,6GSTARLAB,0,0.0,509.9002961020524
66684,MICE-1,0,0.0,507.2965794040993
66685,AE5RA,1,1.0,493.8277181532294
66686,LEMUR-2-STAS-GORBUK,0,0.0,506.2247785664713
66687,LEO EXPRESS 3,1,1.0,499.9200042733755
66688,WISDOM A,0,0.0,506.5032400743785
66689,AC1-003,0,0.0,510.6020991849555
66690,TRANSPORTER-15 OBJECT AA,0,0.0,507.5344602139039
66691,TRANSPORTER-15 OBJECT AB,0,0.0,500.7051105452893
66692,NUSAT-52,0,0.0,505.20871899278063
66693,AE5RB,1,1.0,493.85273230495386
66694,YAM-9,0,0.0,519.6790484137227
66695,IRIDE FM1,0,0.0,501.4646970115618
66696,IRIDE FM2,0,0.0,502.4526903939977
66697,IRIDE FM3,0,0.0,501.2855334643227
66698,IRIDE FM4,0,0.0,505.02423766559787
66699,IRIDE FM5,0,0.0,503.3203356819749
66700,IRIDE FM6,0,0.02,500.4278556899444
66701,IRIDE FM7,0,0.0,503.63466655927095
66702,IRIDE FM8,0,0.0,503.83814990782776
66703,PELICAN-6,1,1.0,467.409487954239
66704,FLOCK 4H-1,0,0.0,502.535221887194
66705,FLOCK 4H-2,0,0.0,501.6240024819117
66706,FLOCK 4H-3,0,0.0,504.3336706028131
66707,FLOCK 4H-4,0,0.0,504.9272885778892
66708,FLOCK 4H-5,0,0.0,502.3840205774668
66709,FLOCK 4H-6,0,0.0,503.2089557396466
66710,FLOCK 4H-7,0,0.0,503.878841744865
66711,FLOCK 4H-8,0,0.0,503.54786955499367
66712,FLOCK 4H-9,0,0.0,502.5931956493987
66713,FLOCK 4H-10,0,0.0,504.5480065677984
66714,FLOCK 4H-11,1,1.0,494.0783689779382
66715,FLOCK 4H-12,0,0.0,502.52916040641776
66716,FLOCK 4H-13,0,0.0,502.2925951596972
66717,FLOCK 4H-14,0,0.0,500.9001585549268
66718,FLOCK 4H-15,0,0.0,505.416964685719
66719,FLOCK 4H-16,0,0.0,504.5792054980175
66721,FLOCK 4H-18,0,0.0,504.7453884616061
66722,FLOCK 4H-19,0,0.0,501.26770395947005
66723,FLOCK 4H-20,0,0.0,500.6678981165405
66724,FLOCK 4H-21,0,0.0,501.8591083215788
66725,FLOCK 4H-22,0,0.0,503.40772280277815
66726,FLOCK 4H-23,0,0.0,504.8229876071455
66727,FLOCK 4H-24,0,0.0,504.4738011306126
66728,FLOCK 4H-25,0,0.0,502.1639129765317
66729,FLOCK 4H-26,0,0.0,505.3453500571759
66730,FLOCK 4H-27,0,0.0,502.7187523554021
66732,FLOCK 4H-29,0,0.0,504.9154991738205
66733,FLOCK 4H-30,0,0.0,504.51539262590177
66734,FLOCK 4H-31,0,0.0,505.2462222800268
66735,FLOCK 4H-32,0,0.0,504.8784742537855
66736,FLOCK 4H-33,0,0.0,501.508078915942
66737,FLOCK 4H-34,0,0.0,502.5192962042993
66738,FLOCK 4H-35,0,0.0,502.1946959234447
66739,FLOCK 4H-36,0,0.0,502.8316988731604
66740,NUSAT-51 (YVONNE BRILL),0,0.0,503.4075025894172
66741,BLACK KITE-1,0,0.0,501.92415910431646
66742,MERCURY ONE (M1),0,0.0,505.80081376959424
66743,NUSAT-47,0,0.0,503.3831766631529
66744,AC1-001,0,0.0,510.2382229943587
66745,AC1-002,0,0.0,509.969873279425
66748,UMBRA-11,1,1.0,479.76851192973936
66749,PIAST-S1,0,0.0,503.5458030648397
66750,TRANSPORTER-15 OBJECT CN,0,0.0,505.1816815646762
66751,ICEYE-X58,0,0.0,513.7218216866331
66752,ICEYE-X59,0,0.0,564.0301681935089
66753,ICEYE-X60,0,0.0,532.3276434736244
66754,ICEYE-X61,0,0.0,509.66015192278974
66755,ICEYE-X62,0,0.01,535.2508534377839
66756,MAUVE,0,0.0,502.0508008909692
66757,PIAST-S2,0,0.0,502.8181299664275
66758,PIAST-M,0,0.0,503.6900568535439
66759,TRANSPORTER-15 OBJECT CX,0,0.0,501.2730512916551
66760,TRANSPORTER-15 OBJECT CY,0,0.0,503.7485919694627
66761,TRANSPORTER-15 OBJECT CZ,1,1.0,496.529419019088
66762,HYDROGNSS-1,0,0.01,530.9760780967581
66763,HYDROGNSS-2,0,0.01,531.0275959808387
66764,NAHLA,0,0.0,508.4779686074508
66765,TRANSPORTER-15 OBJECT DD,1,1.0,490.7907907730032
66766,T.MICROSAT-1,0,0.01,501.863452831406
66767,ACCENTURE-1,0,0.0,504.922577035798
66768,LEMUR-2-TEODOR,0,0.02,501.135696874735
66769,SPEQTRE,0,0.0,503.1065658216576
66770,LILIUM-3,0,0.0,506.5980399782829
66771,GYEONGGISAT-1,0,0.0,502.07352906978304
66772,IHI-SAT2,1,1.0,499.6851243048195
66773,TRANSPORTER-15 OBJECT DM,0,0.0,503.0354998959856
66774,GENA-OT,0,0.0,500.8209550814872
66775,PHI 1,0,0.06,500.1727446700488
66776,LEMUR-2-LAILA,0,0.02,500.4412109200721
66777,LUNA-1,1,1.0,494.88937689668
66778,FORESAIL-1 PRIME,0,0.0,508.55151134390417
66779,FOSSASAT-2E22,0,0.0,508.765680161162
66780,FOSSASAT-2E24,0,0.0,508.2511300124843
66781,LEMUR-2-CELIJO-SB-PK,0,0.0,565.2627060786863
66782,LEMUR-2-FINNIAN,0,0.0,564.5592388957721
66783,LEMUR-2-STARLIGHT,0,0.0,568.2015560622876
66784,LEMUR-2-TARTIFLETTE,0,0.0,568.1770302267814
66785,LEMUR-2-VUKASIN,0,0.0,564.5827582302991
66786,LEMUR-2-HOTSPUR-TOM,0,0.0,568.4833315060978
66787,LEMUR-2-MYRA,0,0.0,564.5317875876881
66788,FOSSASA-2E23,1,1.0,498.55948577985146
66791,STARLINK-35867,1,1.0,483.00497150911633
66792,STARLINK-35990,1,1.0,483.0120620481584
66793,STARLINK-36051,1,1.0,483.0009771003397
66794,STARLINK-36062,1,1.0,483.0568903691456
66795,STARLINK-36047,1,1.0,483.0228685679404
66796,STARLINK-35964,1,1.0,483.020440166466
66797,STARLINK-36099,1,1.0,482.9980666352376
66798,STARLINK-36041,1,1.0,482.9993511919847
66799,STARLINK-36044,1,1.0,482.9785079107287
66800,STARLINK-35996,1,1.0,483.0322797668268
66801,STARLINK-36080,1,1.0,483.0323636083877
66802,STARLINK-35604,1,1.0,482.9978480510481
66803,STARLINK-35565,1,1.0,483.0261832945053
66804,STARLINK-36038,1,1.0,482.9811189265138
66805,STARLINK-36049,1,1.0,483.0369030338443
66806,STARLINK-36069,1,1.0,483.022826647305
66807,STARLINK-36000,1,1.0,483.0161013879242
66808,STARLINK-36071,1,1.0,483.0668855885715
66809,STARLINK-35979,1,1.0,483.0008273849817
66810,STARLINK-36046,1,1.0,483.0448739956555
66811,STARLINK-36045,1,1.0,483.0222457471364
66812,STARLINK-36054,1,1.0,483.0115979287002
66813,STARLINK-36042,1,1.0,483.0365227518723
66814,STARLINK-35984,1,1.0,483.0031928885983
66815,STARLINK-35985,1,1.0,482.9627640172748
66816,STARLINK-36098,1,1.0,482.9459692331566
66817,STARLINK-35995,1,1.0,483.060657286992
66818,STARLINK-35994,1,1.0,483.0449997585738
66819,STARLINK-35989,1,1.0,482.9999410702266
66820,KOMPSAT-7,0,0.0,563.5743967832314
66821,STARLINK-35966,0,0.0,572.0494154296921
66822,STARLINK-35958,0,0.0,572.038220926921
66823,STARLINK-35957,1,0.91,572.0539519993135
66824,STARLINK-35896,0,0.0,572.0636343686447
66825,STARLINK-35476,0,0.0,572.0331772305954
66826,STARLINK-35898,0,0.0,572.0390311352767
66827,STARLINK-35959,0,0.0,572.0365726793525
66828,STARLINK-35982,0,0.0,572.0389878416954
66829,STARLINK-36084,0,0.0,572.0375962626249
66830,STARLINK-35881,0,0.0,572.0431409362609
66831,STARLINK-35788,0,0.0,572.0447922801286
66832,STARLINK-35768,0,0.0,572.0311238829045
66833,STARLINK-35858,0,0.0,572.0385239819279
66834,STARLINK-35840,0,0.0,572.0374138111974
66835,STARLINK-35890,0,0.0,572.0448479434217
66836,STARLINK-35838,0,0.0,572.0404721934701
66837,STARLINK-35729,0,0.0,572.0798356363102
66838,STARLINK-35886,0,0.0,572.040503117475
66839,STARLINK-35717,0,0.0,572.0406237210918
66840,STARLINK-35837,0,0.0,572.0376519257734
66841,STARLINK-35715,0,0.0,572.0384497643709
66842,STARLINK-35769,0,0.0,572.0444737624148
66843,STARLINK-35997,0,0.0,572.0359665697988
66844,STARLINK-36073,0,0.0,572.035276965722
66845,STARLINK-36068,1,0.88,572.053386087362
66846,STARLINK-36055,0,0.0,572.0405185794762
66847,STARLINK-36061,0,0.0,572.0419627308429
66848,STARLINK-36091,1,1.0,483.03716653634274
66849,STARLINK-36102,1,1.0,483.0721557009492
66850,STARLINK-36105,1,1.0,483.0351154095979
66851,STARLINK-36094,1,1.0,483.0502638402022
66852,STARLINK-35992,1,1.0,483.04120591305855
66853,STARLINK-35986,1,1.0,483.04973383835386
66854,STARLINK-36087,1,1.0,483.05645319141513
66855,STARLINK-36090,1,1.0,483.0307137267218
66856,STARLINK-36072,1,1.0,483.0461945065909
66857,STARLINK-36083,1,1.0,483.0557674812799
66858,STARLINK-35118,1,1.0,483.0592050167816
66859,STARLINK-35646,1,1.0,483.0094749574655
66860,STARLINK-35987,1,1.0,483.0187753203345
66861,STARLINK-35991,1,1.0,483.0109481615891
66862,STARLINK-35974,1,1.0,483.0512789287786
66863,STARLINK-36134,1,1.0,483.02876141793695
66864,STARLINK-36070,1,1.0,483.08932256331263
66865,STARLINK-36117,1,1.0,483.0468023610438
66866,STARLINK-36126,1,1.0,483.0492757012444
66867,STARLINK-36101,1,1.0,483.02949503073705
66868,STARLINK-36108,1,1.0,482.9866314118081
66869,STARLINK-36092,1,1.0,483.0530995015552
66870,STARLINK-36114,1,1.0,483.0522401191902
66871,STARLINK-36095,1,1.0,483.0474730971491
66872,STARLINK-36082,1,1.0,483.0463112865
66873,STARLINK-36128,1,1.0,483.05025785148064
66874,STARLINK-36129,1,1.0,483.0012106563154
66875,STARLINK-36053,1,1.0,483.0637624528881
66876,STARLINK-35702,1,1.0,483.0499045169036
66878,STARLINK-35866,1,1.0,462.67740587330354
66879,STARLINK-35749,1,1.0,475.2341458880737
66880,STARLINK-35844,1,1.0,465.1957533084978
66881,STARLINK-35860,1,1.0,462.694445449657
66882,STARLINK-35912,1,1.0,462.6819562887695
66883,STARLINK-35947,1,1.0,462.58932962929794
66884,STARLINK-36057,1,1.0,462.6864442957576
66885,STARLINK-35954,1,1.0,462.68678907011054
66886,STARLINK-35900,1,1.0,462.68555858253785
66887,STARLINK-35925,1,1.0,462.69592560625006
66888,STARLINK-35919,1,1.0,462.6916991371381
66889,STARLINK-35852,1,1.0,462.6921419947066
66890,STARLINK-35885,1,1.0,462.6920944395279
66891,STARLINK-35855,1,1.0,462.69894833816215
66892,STARLINK-35883,1,1.0,462.7036711776964
66893,STARLINK-36033,1,1.0,462.69812503720186
66894,STARLINK-35718,1,1.0,462.57032617093046
66895,STARLINK-35971,1,1.0,462.7673782943439
66896,STARLINK-35791,1,1.0,462.6882603059767
66897,STARLINK-36079,1,1.0,462.6961455492665
66898,STARLINK-36065,1,1.0,462.6371004008379
66899,STARLINK-36064,1,1.0,462.6839268498725
66900,STARLINK-36074,1,1.0,462.716086132079
66901,STARLINK-36043,1,1.0,462.7621054739802
66902,STARLINK-35983,1,1.0,462.6980566764833
66903,STARLINK-36077,1,1.0,462.6890003824992
66904,STARLINK-36059,1,1.0,462.6817482356437
66905,STARLINK-36075,1,1.0,462.67474874327854
66906,DUPLEX,1,1.0,369.2116917643443
66913,2025-284A,0,0.0,902.9758085938174
66914,2025-284B,0,0.0,903.043009344241
66915,HULIANWANG DIGUI-105,0,0.0,1149.316749453645
66916,HULIANWANG DIGUI-106,0,0.0,1149.315284722763
66917,HULIANWANG DIGUI-107,0,0.0,1149.3043143641162
66918,HULIANWANG DIGUI-108,0,0.0,1149.3045333178898
66919,HULIANWANG DIGUI-109,0,0.0,1149.3391017883268
66920,HULIANWANG DIGUI-110,0,0.0,1149.3021135020708
66921,HULIANWANG DIGUI-111,0,0.0,1149.3041029604874
66922,HULIANWANG DIGUI-112,0,0.0,1149.3043483397005
66923,HULIANWANG DIGUI-113,0,0.0,1149.31021479637
66925,STARLINK-35945,1,1.0,462.6873537868132
66926,STARLINK-35942,1,1.0,462.6723293899968
66927,STARLINK-35943,1,1.0,462.6418944650832
66928,STARLINK-35944,1,1.0,462.5612435511739
66929,STARLINK-36169,1,1.0,462.6811537982285
66930,STARLINK-36206,1,1.0,462.755272223023
66931,STARLINK-36130,1,1.0,462.6962198543424
66932,STARLINK-36177,1,1.0,462.57138719883096
66933,STARLINK-36157,1,1.0,462.67056094515465
66934,STARLINK-36153,1,1.0,462.6824437275827
66935,STARLINK-36127,1,1.0,462.6838168788527
66936,STARLINK-36160,1,1.0,462.67151204139736
66937,STARLINK-36165,1,1.0,462.6771710708808
66938,STARLINK-36155,1,1.0,462.6622864217852
66939,STARLINK-36154,1,1.0,462.6783331944571
66940,STARLINK-36121,1,1.0,462.6642450800491
66941,STARLINK-36088,1,1.0,462.6757592845943
66942,STARLINK-36100,1,1.0,462.75072168563474
66943,STARLINK-36109,1,1.0,462.6798995357085
66944,STARLINK-36112,1,1.0,462.6787522723871
66945,STARLINK-36110,1,1.0,462.6807674139782
66946,STARLINK-36115,1,1.0,462.6686914475649
66947,STARLINK-36089,1,1.0,462.7617042169286
66948,STARLINK-36116,1,1.0,462.6687063084301
66949,STARLINK-36096,1,1.0,462.6872794819774
66950,STARLINK-36111,1,1.0,462.6389758211262
66951,STARLINK-35999,1,1.0,462.65739424049934
66952,STARLINK-36122,1,1.0,462.7178278563024
66953,HULIANWANG DIGUI-114,0,0.0,1167.9167424517746
66954,HULIANWANG DIGUI-115,0,0.0,1167.95193903792
66955,HULIANWANG DIGUI-116,0,0.0,1167.9055522568624
66956,HULIANWANG DIGUI-117,0,0.01,1167.9066538017032
66957,HULIANWANG DIGUI-118,0,0.0,1167.9088379004224
66959,STARLINK-35887,1,1.0,483.0436672707992
66960,STARLINK-35879,1,1.0,483.0495362105712
66961,STARLINK-35761,1,1.0,483.0363670458828
66962,STARLINK-35874,1,1.0,483.05452781361146
66963,STARLINK-36133,1,1.0,482.9195630938475
66964,STARLINK-36104,1,1.0,483.006345898486
66965,STARLINK-36067,1,1.0,483.0251712095478
66966,STARLINK-36139,1,1.0,483.0993149064407
66967,STARLINK-36136,1,1.0,483.0491978478858
66968,STARLINK-36152,1,1.0,483.0549200755422
66969,STARLINK-36149,1,1.0,483.0420772693778
66970,STARLINK-35703,1,1.0,483.0545308079773
66971,STARLINK-35678,1,1.0,483.03516930780006
66972,STARLINK-34846,1,1.0,483.0410442181028
66973,STARLINK-35778,1,1.0,483.0185507458437
66974,STARLINK-35780,1,1.0,483.04212218466
66975,STARLINK-35777,1,1.0,482.9786246877575
66976,STARLINK-35772,1,1.0,483.03829241094536
66977,STARLINK-35770,1,1.0,483.0355376122052
66978,STARLINK-35787,1,1.0,483.0590972194341
66979,STARLINK-36107,1,1.0,483.0220032063799
66980,STARLINK-36086,1,1.0,483.0351483473878
66981,STARLINK-36142,1,1.0,483.0222307754839
66982,STARLINK-36113,1,1.0,483.1165088885882
66983,STARLINK-36145,1,1.0,483.03889128060473
66984,STARLINK-35591,1,1.0,483.0521981981056
66985,STARLINK-36103,1,1.0,483.0272642495629
66986,STARLINK-36135,1,1.0,483.03959495261824
66987,STARLINK-36147,1,1.0,483.0225122425591
66988,YAOGAN-47,1,1.0,494.546777146601
66990,TJS-22,0,0.0,35786.28182844923
66993,2025-292A,0,0.0,546.444840158124
66994,THE ARAB SATELLITE 813,0,0.0,545.7236819450736
66995,2025-292C,0,0.0,545.3888565668121
66996,2025-292D,0,0.0,547.4455235989881
66997,2025-292E,0,0.0,546.2720018094096
66998,2025-292F,0,0.0,545.1948661542501
66999,2025-292G,0,0.0,544.7534606619602
67000,2025-292H,0,0.01,541.9467631464095
67001,2025-292J,0,0.0,545.5149351093578
67003,STARLINK-35660,0,0.0,572.0235691844955
67004,STARLINK-35913,1,1.0,571.965086679631
67005,STARLINK-36148,0,0.0,572.0485433701233
67006,STARLINK-36156,0,0.0,572.0368602721974
67007,STARLINK-36123,0,0.0,572.0417215234966
67008,STARLINK-36163,0,0.0,572.0483361787046
67009,STARLINK-36118,1,1.0,572.1073399705883
67010,STARLINK-36189,0,0.0,572.0399588550572
67011,STARLINK-36167,0,0.0,572.0443005877505
67012,STARLINK-36175,0,0.0,572.0457725727374
67013,STARLINK-35856,0,0.0,572.0475940006199
67014,STARLINK-36207,0,0.0,572.052418161722
67015,STARLINK-36093,0,0.01,572.0583494174234
67016,STARLINK-36120,0,0.0,572.0904272776825
67017,STARLINK-35498,0,0.0,572.0280809728483
67018,STARLINK-36106,0,0.0,572.0448077421543
67019,STARLINK-35688,0,0.0,572.0473868092713
67020,STARLINK-36172,1,0.99,572.0817034732017
67021,STARLINK-36184,0,0.0,572.0524645479272
67022,STARLINK-36209,0,0.01,572.0081382433536
67023,STARLINK-36191,0,0.02,572.0622118529918
67024,STARLINK-36192,0,0.0,572.0579906966987
67025,STARLINK-36178,1,0.97,572.0782553978015
67026,STARLINK-36176,0,0.0,572.0365664945612
67027,STARLINK-36171,1,1.0,572.1097799342288
67028,STARLINK-36132,0,0.0,572.043895482775
67029,STARLINK-36190,1,0.99,571.9811574949563
67030,STARLINK-36138,1,1.0,483.02991423814
67031,STARLINK-36150,1,1.0,483.048991237064
67032,STARLINK-36131,1,1.0,483.0448380633934
67033,STARLINK-36137,1,1.0,483.0825162922856
67034,STARLINK-36140,1,1.0,483.0168799122093
67035,STARLINK-36085,1,1.0,483.0488085811321
67036,STARLINK-36125,1,1.0,483.059148123737
67037,STARLINK-35732,1,1.0,483.0073430049315
67038,STARLINK-35775,1,1.0,483.0656339383704
67039,STARLINK-35705,1,1.0,483.02948904206096
67040,STARLINK-35786,1,1.0,483.0430354622149
67041,STARLINK-35765,1,1.0,483.0436732595072
67042,STARLINK-35773,1,1.0,483.03377993227787
67043,STARLINK-35901,1,1.0,483.04309834363175
67044,STARLINK-35884,1,1.0,483.0368910564584
67045,STARLINK-35891,1,1.0,483.0264647619879
67046,STARLINK-35721,1,1.0,483.04124184527245
67047,STARLINK-35779,1,1.0,483.0494373966858
67048,STARLINK-35905,1,1.0,483.02491968553295
67049,STARLINK-35877,1,1.0,483.0413376645111
67050,STARLINK-36078,1,1.0,483.0000099392692
67051,STARLINK-35706,1,1.0,483.0517550323975
67052,STARLINK-35720,1,1.0,483.0444068762936
67053,STARLINK-35739,1,1.0,483.0263899036127
67054,STARLINK-35754,1,1.0,483.05809111107646
67055,STARLINK-35790,1,1.0,483.0075675785047
67056,STARLINK-36143,1,1.0,483.0593397634684
67057,STARLINK-36141,1,1.0,483.0370198133578
67058,STARLINK-35767,1,1.0,483.0280008563013
67059,HULIANWANG DIGUI-119,0,0.0,1149.3160435136724
67060,HULIANWANG DIGUI-120,0,0.0,1149.307240040851
67061,HULIANWANG DIGUI-121,0,0.0,1149.3113473182784
67062,HULIANWANG DIGUI-122,0,0.0,1149.3167570038077
67063,HULIANWANG DIGUI-123,0,0.0,1149.3178933032586
67064,HULIANWANG DIGUI-124,0,0.0,1149.289580321777
67065,HULIANWANG DIGUI-125,0,0.0,1149.286767913486
67066,HULIANWANG DIGUI-126,0,0.0,1149.3134877858502
67067,HULIANWANG DIGUI-127,0,0.0,1149.301886998349
67069,XIWANG-5 02,0,0.0,514.2105650402927
67070,DEAR-5,0,0.01,511.95938980293977
67073,RAISE-4,0,0.0,538.2246695513504
67075,STARLINK-36230,1,0.94,571.9705384389745
67076,STARLINK-36240,0,0.0,572.0850123926284
67077,STARLINK-36243,0,0.0,572.0482124823438
67078,STARLINK-36236,0,0.0,572.0508936022125
67079,STARLINK-36159,0,0.0,572.0517594776938
67080,STARLINK-36158,0,0.0,572.0517904018234
67081,STARLINK-35864,0,0.0,572.06707624105
67082,STARLINK-36035,0,0.0,572.0042480516695
67083,STARLINK-36170,0,0.0,572.0415854578241
67084,STARLINK-36166,0,0.0,572.0427853099009
67085,STARLINK-35794,0,0.0,572.0876069593087
67086,STARLINK-35841,0,0.0,572.043784156228
67087,STARLINK-35842,0,0.0,572.044922161148
67088,STARLINK-35882,0,0.0,572.038094138612
67089,STARLINK-35763,0,0.0,572.0243237256982
67090,STARLINK-36060,0,0.0,572.044278940919
67091,STARLINK-36097,1,1.0,420.5995907441238
67092,STARLINK-35792,0,0.0,572.0833022683582
67093,STARLINK-35784,0,0.0,572.0378560239988
67094,STARLINK-36202,0,0.0,572.0429151908265
67095,STARLINK-36227,0,0.0,572.0419843776581
67096,STARLINK-36228,0,0.0,572.0365819565413
67097,STARLINK-36222,0,0.0,572.0159093659331
67098,STARLINK-36205,0,0.0,572.0334648230892
67099,STARLINK-36193,0,0.0,572.0916982773597
67100,STARLINK-36215,0,0.0,572.0336534590424
67101,STARLINK-36200,0,0.0,572.0398289742698
67102,STARLINK-36255,1,1.0,483.0164427408527
67103,STARLINK-36256,1,1.0,483.0111757297764
67104,STARLINK-36258,1,1.0,483.196928567495
67105,STARLINK-36261,1,1.0,483.0798393033774
67106,STARLINK-36259,1,1.0,483.029312376103
67107,STARLINK-36196,1,1.0,483.0255065749361
67108,STARLINK-36208,1,1.0,483.0128914747411
67109,STARLINK-35764,1,1.0,483.04428111340167
67110,STARLINK-35781,1,1.0,482.9978660168717
67111,STARLINK-35875,1,1.0,483.0797764211193
67112,STARLINK-35906,1,1.0,483.0338967116595
67113,STARLINK-35789,1,1.0,483.0038875685277
67114,STARLINK-36180,1,1.0,482.9960005662042
67115,STARLINK-35892,1,1.0,483.09260443166113
67116,STARLINK-35738,1,1.0,483.0096755766799
67117,STARLINK-35674,1,1.0,483.01395146431423
67118,STARLINK-35701,1,1.0,483.012996275952
67119,STARLINK-36179,1,1.0,483.0328037766221
67120,STARLINK-36217,1,1.0,483.0144245671363
67121,STARLINK-36124,1,1.0,483.0011657417026
67122,STARLINK-36188,1,1.0,483.1061811075697
67123,STARLINK-36151,1,1.0,483.0340374457919
67124,STARLINK-36195,1,1.0,482.99233254892806
67125,STARLINK-36219,1,1.0,483.01645471814936
67126,STARLINK-36223,1,1.0,483.006699227456
67127,STARLINK-36164,1,1.0,482.9930332147078
67128,STARLINK-35685,1,1.0,483.03650478579584
67129,STARLINK-36214,1,1.0,483.0208414065119
67130,STARLINK-36194,1,1.0,483.03669342959984
67131,ZIYUAN 3-04 (ZY 3-04),0,0.0,502.2206878657898
67133,KUIPER-00144,0,0.13,629.532551343289
67134,KUIPER-00164,0,0.0,629.5429149685397
67135,KUIPER-00175,0,0.0,629.5180934713762
67136,KUIPER-00179,0,0.0,629.5394109666804
67137,KUIPER-00181,0,0.0,629.5175284163251
67138,KUIPER-00183,1,1.0,607.7627004010428
67139,KUIPER-00184,0,0.0,629.5808942102576
67140,KUIPER-00186,0,0.0,629.5840920536994
67141,KUIPER-00187,0,0.0,629.544821652471
67142,KUIPER-00188,0,0.0,629.5624017182517
67143,KUIPER-00191,0,0.0,629.5431075309307
67144,KUIPER-00196,0,0.01,640.7455607979009
67145,KUIPER-00204,0,0.0,629.5764620621021
67146,KUIPER-00210,0,0.0,629.5686553110627
67147,KUIPER-00221,0,0.0,629.540017063985
67148,KUIPER-00232,0,0.0,629.4994593416559
67149,KUIPER-00241,0,0.0,629.5655616591639
67150,KUIPER-00245,0,0.0,629.5716195378682
67151,KUIPER-00246,0,0.0,629.5591849588818
67152,KUIPER-00247,0,0.01,629.5492726912044
67153,KUIPER-00248,0,0.0,629.5701042777682
67154,KUIPER-00249,0,0.0,629.5713985623879
67155,KUIPER-00250,0,0.02,629.6116290144773
67156,KUIPER-00251,0,0.0,629.5637780756933
67157,KUIPER-00252,0,0.0,629.5143685295598
67158,KUIPER-00261,0,0.0,629.5677998212677
67159,KUIPER-00265,0,0.0,629.5605044927006
67160,GSAT0233 (GALILEO 33),0,0.0,23222.208061088077
67162,GSAT0234 (GALILEO 34),0,0.0,23222.180279399046
67163,STARLINK-35755,1,1.0,483.038127721813
67164,STARLINK-36201,1,1.0,483.0208743441308
67165,STARLINK-36186,1,1.0,483.0268240822179
67166,STARLINK-36174,1,1.0,483.009391116605
67167,STARLINK-36198,1,1.0,483.04542495705664
67168,STARLINK-35903,1,1.0,483.0410292463466
67169,STARLINK-35839,1,1.0,483.03585800713336
67170,STARLINK-35863,1,1.0,483.0499254774286
67171,STARLINK-35771,1,1.0,483.018646564291
67172,STARLINK-35762,1,1.0,483.0308754210682
67173,STARLINK-36183,1,1.0,483.0412897548913
67174,STARLINK-36210,1,1.0,483.0246472012104
67175,STARLINK-35756,1,1.0,483.0485301057188
67176,STARLINK-35785,1,1.0,483.0172601914592
67177,STARLINK-35853,1,1.0,483.0305729927604
67178,STARLINK-35878,1,1.0,483.0301178531872
67179,STARLINK-35793,1,1.0,482.9883800786565
67180,STARLINK-35876,1,1.0,482.9954765634375
67181,STARLINK-35766,1,1.0,483.046856259476
67182,STARLINK-35782,1,1.0,483.0330582957022
67183,STARLINK-35719,1,1.0,483.03848105487486
67184,STARLINK-35910,1,1.0,483.023680031798
67185,STARLINK-35859,1,1.0,483.0354477818573
67186,STARLINK-35857,1,1.0,483.0459220201556
67187,STARLINK-35880,1,1.0,483.03953805998026
67188,STARLINK-35675,1,1.0,483.004124119062
67189,STARLINK-35889,1,1.0,483.0348698733615
67190,STARLINK-35888,1,1.0,483.046856259476
67191,STARLINK-35716,1,1.0,483.0321001063485
67192,STARLINK-36182,0,0.0,572.0482434064334
67193,STARLINK-36279,0,0.0,572.0434501766113
67194,STARLINK-36284,0,0.0,572.0330968283988
67195,STARLINK-36291,0,0.02,571.9850414696521
67196,STARLINK-36239,0,0.0,572.0371354954859
67197,STARLINK-36283,0,0.0,572.0395723051124
67198,STARLINK-36267,0,0.0,572.0280593261414
67199,STARLINK-36268,0,0.0,572.0354965257457
67200,STARLINK-36270,0,0.0,572.0441892611861
67201,STARLINK-36262,0,0.0,572.0435429487225
67202,STARLINK-36263,0,0.0,572.0573227340919
67203,STARLINK-36224,0,0.0,572.0399031918632
67204,STARLINK-36185,0,0.0,572.0319062576737
67205,STARLINK-36197,0,0.0,572.0441830763775
67206,STARLINK-36056,0,0.0,572.0364922770586
67207,STARLINK-36225,0,0.0,572.0331617686343
67208,STARLINK-36265,0,0.0,572.0795171145828
67209,STARLINK-36226,0,0.0,572.0933094480997
67210,STARLINK-36173,0,0.0,572.0407257703118
67211,STARLINK-36280,0,0.0,572.0431440286648
67212,STARLINK-36213,0,0.0,572.0211231117601
67213,STARLINK-36199,0,0.0,572.0392537879961
67214,STARLINK-36203,0,0.0,572.0329824098899
67215,STARLINK-36221,0,0.0,572.03369675254
67216,STARLINK-36212,0,0.0,572.0373859796264
67217,STARLINK-36216,0,0.0,572.0423585583285
67218,STARLINK-36211,0,0.0,572.0470775684835
67219,DISKSAT C,0,0.02,534.4737069185321
67220,DISKSAT B,0,0.01,538.8537954724698
67221,DISKSAT D,0,0.01,538.178650579438
67222,DISKSAT A,0,0.03,535.7530585877494
67226,TJS-23,0,0.0,35786.33565210562
67228,QPS-SAR-15 (SUKUNAMI-I),0,0.0,568.8489471596195
67232,SPACEMOBILE-006,0,0.04,509.575640954632
67234,OBZOR-R 1,0,0.0,642.2985547709941
67236,HULIANWANG DIGUI-128,0,0.0,1149.3111698898174
67237,HULIANWANG DIGUI-129,0,0.0,1149.306832333471
67238,HULIANWANG DIGUI-130,0,0.0,1149.3116870749343
67239,HULIANWANG DIGUI-131,0,0.0,1149.3126081931705
67240,HULIANWANG DIGUI-132,0,0.0,1149.309973191751
67241,HULIANWANG DIGUI-133,0,0.0,1149.310195921009
67242,HULIANWANG DIGUI-134,0,0.0,1149.311166114744
67243,HULIANWANG DIGUI-135,0,0.0,1149.3120343817773
67244,HULIANWANG DIGUI-136,0,0.0,1149.3083876619212
67246,FENGYUN 4C,0,0.0,35786.49460109349
67248,2025-313A,1,0.95,669.504456157706
67249,2025-313B,1,0.95,646.8199003902882
67250,2025-313C,1,0.94,599.2693158285001
67251,2025-313D,1,0.95,598.505423546073
67252,ZORKIY-2M-VPE,1,1.0,491.0667932216029
67253,AIST-2T 1,1,1.0,385.6830247041116
67254,AIST-2T 2,1,1.0,385.6866016059212
67255,2025-313H,0,0.0,544.4314129978693
67256,SITRO-AIS-57,1,1.0,493.9551300675748
67257,SITRO-AIS-59,1,1.0,494.220590775677
67258,SITRO-AIS-58,1,1.0,493.8390963925567
67259,2025-313M,1,1.0,488.9399396320614
67260,SITRO-AIS-60,1,1.0,497.5430670328296
67261,2025-313P,1,1.0,481.9083832705446
67262,2025-313Q,1,1.0,490.0540982140556
67263,DCS-1,1,1.0,493.1675302524218
67264,KOWSAR 1.5,1,1.0,497.2401102547119
67265,SITRO-TD-4,1,1.0,493.4911119206563
67266,SITRO-AIS-65,1,1.0,493.0806361580335
67267,2025-313V,1,1.0,490.5148370645457
67268,ZORKY-2M 7,1,1.0,496.1371339963407
67269,2025-313X,1,1.0,487.6946536019386
67270,SITRO-TD-3,1,1.0,493.1388046776701
67271,2025-313Z,1,1.0,499.9141745101642
67272,2025-313AA,1,1.0,491.1952064219722
67273,2025-313AB,0,0.0,501.62800897736906
67274,2025-313AC,1,1.0,496.5296266462483
67275,2025-313AD,1,1.0,496.1289143498016
67276,2025-313AE,1,1.0,496.1132002110599
67277,2025-313AF,1,1.0,496.26783629699366
67278,2025-313AG,1,1.0,496.60404243315406
67279,GALAPAGOS-UTE-SWSU,1,1.0,495.47894808086494
67280,2025-313AJ,1,1.0,497.16993008401823
67281,2025-313AK,1,1.0,496.875759906362
67282,2025-313AL,1,1.0,494.90639823802576
67283,HORS 5,1,1.0,492.26786026644
67284,LOBACHEVSKY (RS83S),1,1.0,495.7775354031228
67285,NASBSAT-2,1,1.0,492.9306659319964
67286,MULE 4T,1,1.0,490.8900775916673
67287,LUCA (RS90S),1,1.0,489.7806858917402
67288,2025-313AS,1,1.0,495.01867557042897
67289,NASBSAT-1,1,1.0,484.3215926259709
67290,SAKHACUBE-CHOLBON (RS1*),1,1.0,488.5444698378451
67291,QMR-KWT-2 (RS95S),1,1.0,483.161443722528
67292,SITRO-AIS-64,1,1.0,488.21198416880907
67293,SCORPION (RS89S),1,1.0,496.3143347302312
67294,SITRO-AIS-63,1,1.0,488.0476073125647
67295,ZORKIY-2M-5,1,1.0,491.32602233484704
67296,SITRO-AIS-62,1,1.0,487.54937701137897
67297,SITRO-AIS-61,1,1.0,487.3233011789253
67298,2025-313BC,1,1.0,332.1158707856812
67299,2025-313BD,1,1.0,271.16983124756644
67300,TIANHUI 7,1,1.0,490.341270336924
67302,SHIJIAN-29A (SJ-29A),0,0.0,35786.33060613053
67304,CSG-3,0,0.0,622.5290542892153
67305,STARLINK-36490,1,1.0,483.0375887392656
67306,STARLINK-36488,1,1.0,483.0306598286079
67307,STARLINK-36481,1,1.0,483.0422209982826
67308,STARLINK-36449,1,1.0,483.01363107194175
67309,STARLINK-36482,1,1.0,483.0328367143839
67310,STARLINK-36491,1,1.0,482.9935781771028
67311,STARLINK-36495,1,1.0,483.0241711022918
67312,STARLINK-36485,1,1.0,483.046799366688
67313,STARLINK-36445,1,1.0,483.03718450242377
67314,STARLINK-36476,1,1.0,483.0101486787662
67315,STARLINK-36463,1,1.0,483.01685296328833
67316,STARLINK-36461,1,1.0,483.0257101896559
67317,STARLINK-36450,1,1.0,483.0438439376803
67318,STARLINK-36498,1,1.0,483.0475000463712
67319,STARLINK-36470,1,1.0,483.0423467610799
67320,STARLINK-36500,1,1.0,483.034627331489
67321,STARLINK-36462,1,1.0,483.0527401778854
67322,STARLINK-36434,1,1.0,483.00541167295705
67323,STARLINK-36497,1,1.0,483.0228865339268
67324,STARLINK-36471,1,1.0,483.0067441421597
67325,STARLINK-36473,1,1.0,483.0371216211424
67326,STARLINK-36430,1,1.0,483.0167481619292
67327,STARLINK-36501,1,1.0,483.056213642004
67328,STARLINK-36489,1,1.0,483.05550697136096
67329,STARLINK-36496,1,1.0,483.0232668140097
67330,STARLINK-36483,1,1.0,483.05132384421
67331,STARLINK-36494,1,1.0,483.0444038819387
67332,STARLINK-36492,1,1.0,483.0130890998853
67333,STARLINK-36427,1,1.0,483.0472874469606
67334,STARLINK-35343,1,1.0,483.0244974845609
67335,STARLINK-36486,1,1.0,483.0320521968897
67336,STARLINK-36480,1,1.0,483.0882415838123
67337,STARLINK-36410,1,1.0,482.9364505377107
67338,STARLINK-36413,1,1.0,483.14589641432576
67339,STARLINK-36451,1,1.0,483.0658195897986
67340,STARLINK-36339,1,1.0,483.0098133152542
67341,STARLINK-36453,1,1.0,483.02506640787306
67342,STARLINK-36432,1,1.0,483.02659351839793
67343,STARLINK-36458,1,1.0,483.0222846734323
67344,STARLINK-36422,1,1.0,483.0015550016988
67345,STARLINK-35676,1,1.0,483.0167571449029
67346,STARLINK-36472,1,1.0,483.0087712931745
67347,STARLINK-36420,1,1.0,483.0045582941439
67348,STARLINK-36467,1,1.0,482.9617280015873
67349,STARLINK-36457,1,1.0,483.05363848715024
67350,STARLINK-36475,1,1.0,483.01546359703934
67351,STARLINK-36478,1,1.0,483.0177422778288
67352,STARLINK-36479,1,1.0,483.0003393129709
67353,STARLINK-36474,1,1.0,483.00923241783767
67354,STARLINK-36448,1,1.0,483.0118734060461
67355,STARLINK-36477,1,1.0,482.9749866364928
67356,STARLINK-36429,1,1.0,483.0136670037955
67357,STARLINK-36456,1,1.0,483.0144575046779
67358,STARLINK-36466,1,1.0,483.02430884159367
67359,STARLINK-36499,1,1.0,483.014703039089
67360,STARLINK-36469,1,1.0,483.00477987317936
67361,STARLINK-35306,1,1.0,483.0309981890068
67362,STARLINK-36428,1,1.0,483.036025690476
67363,LEMUR-2 FIKRETDENGIZ,0,0.0,602.0675991239596
67364,TWILIGHT-1 OBJECT B,0,0.0,604.6119539070614
67365,LEMUR-2-MARIO-SOUSA,0,0.0,601.3732053584699
67366,LEMUR-2 CALLUM-K-J,0,0.0,602.1627721778777
67367,LEMUR-2-SONNENBLUME,0,0.0,602.4302500240492
67368,LEMUR-2-WOBLER,0,0.0,601.5230594525437
67369,BLACKCAT,0,0.0,604.8034342363035
67370,LEMUR-2-GRAM-E-SUE,0,0.0,602.0121116608943
67371,UMBRA-12,0,0.0,598.8460773181705
67372,ICEYE-X63,0,0.0,602.9765739062341
67373,ICEYE-X64,0,0.0,604.1106403711674
67374,AETHER-3,0,0.0,604.4328194518102
67375,AETHER-4,0,0.0,609.4707333040851
67376,AETHER-5,0,0.0,609.4522384270294
67377,AETHER-6,0,0.0,609.3997162761661
67378,AETHER-7,0,0.0,609.233922876464
67379,AETHER-8,0,0.0,609.5291084645696
67380,AETHER-9,0,0.0,609.5159288922514
67381,AETHER-10,0,0.0,609.4260869236159
67382,AETHER-11,0,0.0,609.579802599731
67383,AETHER-12,0,0.0,609.5715875423602
67384,CAPELLA-19 (ACADIA-9),0,0.0,608.4511307891771
67385,CAPELLA-18 (ACADIA-8),0,0.0,608.3982953500335
67386,TWILIGHT-1 OBJECT Z,0,0.0,600.992890217386
67387,LEMUR-2-KATIE,0,0.0,596.6082175239644
67388,LEMUR-2-HCS-BAZUS,0,0.0,596.6163726948598
67389,HYDRA-2,0,0.0,508.5949959896179
67390,CONNECTA IOT-16,0,0.0,511.47809475775466
67391,FLAMINGO-1,0,0.0,512.4669697130785
67392,HAWK-13A,0,0.0,507.264050705071
67393,HAWK-13C,0,0.0,507.27192909171936
67394,TWILIGHT-1 OBJECT AH,0,0.0,506.4349614007151
67395,PANDORA,0,0.0,603.7022934880424
67396,HAWK-13B,0,0.0,507.28095240963376
67397,CARBSAR,0,0.0,505.40778445747856
67398,TOMORROW-S10,0,0.0,505.9708508088743
67399,TOMORROW-S11,0,0.0,506.05095748466647
67400,CONNECTA IOT-13,0,0.0,511.234095057288
67401,CONNECTA IOT-14,0,0.0,509.4588077219478
67402,CONNECTA IOT-15,0,0.01,511.8283700530328
67403,SHIJIAN-29B (SJ-29B),0,0.0,35786.28238911144
67404,STARLINK-36484,1,1.0,482.962332843068
67405,STARLINK-36452,1,1.0,483.06861035150905
67406,STARLINK-36409,1,1.0,483.0102325196504
67407,STARLINK-36510,1,1.0,483.0065465174721
67408,STARLINK-36509,1,1.0,483.0109272013633
67409,STARLINK-36507,1,1.0,483.0119302981111
67410,STARLINK-36508,1,1.0,482.99620417873575
67411,STARLINK-36503,1,1.0,483.0078670099656
67412,STARLINK-36446,1,1.0,483.00542065589343
67413,STARLINK-36442,1,1.0,483.0702422896593
67414,STARLINK-36506,1,1.0,483.0269947593433
67415,STARLINK-36468,1,1.0,483.0900951195599
67416,STARLINK-36487,1,1.0,483.00075252730585
67417,STARLINK-36374,1,1.0,483.0202605067634
67418,STARLINK-36455,1,1.0,483.00724419256494
67419,STARLINK-36424,1,1.0,483.0106816672897
67420,STARLINK-35564,1,1.0,483.0069148180355
67421,STARLINK-36431,1,1.0,483.0137718050346
67422,STARLINK-36418,1,1.0,483.0891848207484
67423,STARLINK-36465,1,1.0,483.0131968954229
67424,STARLINK-36362,1,1.0,483.026482727998
67425,STARLINK-36447,1,1.0,483.0071244200035
67426,STARLINK-36146,1,1.0,483.0222547301264
67427,STARLINK-36459,1,1.0,483.0107056218321
67428,STARLINK-36464,1,1.0,482.9844695341253
67429,STARLINK-36513,1,1.0,483.01732307228576
67430,STARLINK-36515,1,1.0,483.0254017732477
67431,STARLINK-36443,1,1.0,482.9570868956516
67432,STARLINK-36460,1,1.0,482.934372538125
67433,YAOGAN-50 01,0,0.01,952.3866318441987
67435,HULIANWANG DIGUI-137,0,0.0,1149.298342217332
67436,HULIANWANG DIGUI-138,0,0.0,1149.3044880171074
67437,HULIANWANG DIGUI-139,0,0.0,1149.2936611497537
67438,HULIANWANG DIGUI-140,0,0.0,1149.3016302941523
67439,HULIANWANG DIGUI-141,0,0.0,1149.2990632533892
67440,HULIANWANG DIGUI-142,0,0.0,1149.2994822848932
67441,HULIANWANG DIGUI-143,0,0.0,1149.305922542202
67442,HULIANWANG DIGUI-144,0,0.0,1149.2903957319204
67443,HULIANWANG DIGUI-145,0,0.0,1149.3022947050604
67445,STARLINK-36542,1,1.0,483.07577591469
67446,STARLINK-36539,1,1.0,483.076192134773
67447,STARLINK-36440,1,1.0,483.0419904331684
67448,STARLINK-36423,1,1.0,483.0280697260469
67449,STARLINK-36519,1,1.0,483.0221589115536
67450,STARLINK-36525,1,1.0,483.0168589519381
67451,STARLINK-36511,1,1.0,483.0157720123316
67452,STARLINK-36524,1,1.0,483.0386008288033
67453,STARLINK-36518,1,1.0,483.02647673932825
67454,STARLINK-36517,1,1.0,483.0158768136516
67455,STARLINK-36516,1,1.0,483.0303304512672
67456,STARLINK-36493,1,1.0,483.0003752446492
67457,STARLINK-36529,1,1.0,483.0178051586663
67458,STARLINK-36528,1,1.0,483.0061452795162
67459,STARLINK-36546,1,1.0,483.01585285906367
67460,STARLINK-36523,1,1.0,483.0287823782992
67461,STARLINK-36522,1,1.0,482.9826879326074
67462,STARLINK-36504,1,1.0,483.01990717604895
67463,STARLINK-36505,1,1.0,483.0358340523708
67464,STARLINK-36421,1,1.0,483.0879870596154
67465,STARLINK-36437,1,1.0,483.00451337947743
67466,STARLINK-36520,1,1.0,483.0305969474757
67467,STARLINK-36425,1,1.0,483.0144155841708
67468,STARLINK-36414,1,1.0,482.9772143808923
67469,STARLINK-36441,1,1.0,483.01690087248153
67470,STARLINK-36454,1,1.0,483.0133316398533
67471,STARLINK-36334,1,1.0,483.0338308361106
67472,STARLINK-36269,1,1.0,483.0116877582668
67473,STARLINK-36408,1,1.0,483.0039594319787
67474,ALSAT-3A,1,1.0,495.8086560956072
67476,TIANQI-37,0,0.0,896.6411459840256
67477,TIANQI-38,0,0.0,896.6555481385249
67478,TIANQI-39,0,0.0,896.4796041019017
67479,TIANQI-40,0,0.0,896.6999404985854
67481,SZ-20 MODULE,1,1.0,354.3140733082755
67482,2025-313BE,1,1.0,334.31128212626754
67483,ION SCV-021,0,0.0,573.0874839483267
67493,STARLINK-36551,1,1.0,483.0301597739335
67494,STARLINK-36396,1,1.0,483.0082981913265
67495,STARLINK-36550,1,1.0,483.0315221985575
67496,STARLINK-36534,1,1.0,482.9981085554955
67497,STARLINK-36555,1,1.0,483.0394422408044
67498,STARLINK-36081,1,1.0,483.0468233215452
67499,STARLINK-36558,1,1.0,483.0266833484548
67500,STARLINK-36557,1,1.0,483.0432630330624
67501,STARLINK-36433,1,1.0,483.0188861104225
67502,STARLINK-36554,1,1.0,483.0446134867707
67503,STARLINK-36552,1,1.0,483.0476707247826
67504,STARLINK-36512,1,1.0,483.036217328593
67505,STARLINK-36545,1,1.0,483.04345467168514
67506,STARLINK-36553,1,1.0,483.0306119191737
67507,STARLINK-36521,1,1.0,483.0120350992838
67508,STARLINK-36526,1,1.0,483.0241531362972
67509,STARLINK-36541,1,1.0,483.034052417509
67510,STARLINK-36549,1,1.0,483.0090317986569
67511,STARLINK-36540,1,1.0,483.0416251222496
67512,STARLINK-36538,1,1.0,482.9903473301938
67513,STARLINK-36531,1,1.0,483.0530006875415
67514,STARLINK-36530,1,1.0,483.02175467698544
67515,STARLINK-36543,1,1.0,483.07116156533993
67516,STARLINK-36537,1,1.0,483.0273570739792
67517,STARLINK-36544,1,1.0,483.02490770819895
67518,STARLINK-36412,1,1.0,483.037855236179
67519,STARLINK-36415,1,1.0,483.0290368970064
67520,STARLINK-36547,1,1.0,483.0371964798114
67521,STARLINK-36444,1,1.0,483.0428228631508
67522,HULIANWANG DIGUI-146,0,0.0,1149.304159586457
67523,HULIANWANG DIGUI-147,0,0.0,1149.2978288095646
67524,HULIANWANG DIGUI-148,0,0.0,1149.298908476002
67525,HULIANWANG DIGUI-149,0,0.0,1149.2973871279528
67526,HULIANWANG DIGUI-150,0,0.0,1149.308293285173
67527,HULIANWANG DIGUI-151,0,0.0,1149.300599702524
67528,HULIANWANG DIGUI-152,0,0.0,1149.2978099342808
67529,HULIANWANG DIGUI-153,0,0.0,1149.3095503837148
67530,HULIANWANG DIGUI-154,0,0.0,1149.2977759587702
67532,STARLINK-36587,1,1.0,465.53131497221057
67533,STARLINK-36417,1,1.0,465.5496844344825
67534,STARLINK-36576,1,1.0,465.5332310554868
67535,STARLINK-36574,1,1.0,465.5217821803126
67536,STARLINK-36572,1,1.0,465.5487710164553
67537,STARLINK-36561,1,1.0,465.6056147613308
67538,STARLINK-36397,1,1.0,465.5488840779535
67539,STARLINK-36573,1,1.0,465.6864060204925
67540,STARLINK-36585,1,1.0,465.526899654983
67541,STARLINK-36579,1,1.0,465.5566645054296
67542,STARLINK-35934,1,1.0,465.55612002355247
67543,STARLINK-36581,1,1.0,465.5351679671194
67544,STARLINK-36565,1,1.0,465.5462509363797
67545,STARLINK-36583,1,1.0,465.55069008725695
67546,STARLINK-36580,1,1.0,465.550981667122
67547,STARLINK-36584,1,1.0,465.5248288617549
67548,STARLINK-36586,1,1.0,465.5272537131768
67549,STARLINK-36564,1,1.0,465.5309817404732
67550,STARLINK-36563,1,1.0,465.5463163929753
67551,STARLINK-36566,1,1.0,465.54843183198864
67552,STARLINK-36567,1,1.0,465.54399566007214
67553,STARLINK-36569,1,1.0,465.5249419222637
67554,STARLINK-36395,1,1.0,465.5337814833856
67555,STARLINK-36559,1,1.0,465.4842880443539
67556,MR-2,0,0.0,1062.3480505669922
67557,MR-1,0,0.0,1062.4425062582086
67560,STARLINK-36426,1,1.0,465.54835149883183
67561,STARLINK-36621,1,1.0,465.492178372152
67562,STARLINK-36398,1,1.0,465.5403657997331
67563,STARLINK-36403,1,1.0,465.5399730610334
67564,STARLINK-36593,1,1.0,465.5307942976369
67565,STARLINK-35725,1,1.0,465.5168700086842
67566,STARLINK-36394,1,1.0,465.5222463229711
67567,STARLINK-36352,1,1.0,465.512930756885
67568,STARLINK-36435,1,1.0,465.5421747787095
67569,STARLINK-36575,1,1.0,465.5133086153837
67570,STARLINK-36562,1,1.0,465.4088699161948
67571,STARLINK-36578,1,1.0,465.5161678455625
67572,STARLINK-36350,1,1.0,465.5803599856008
67573,STARLINK-36588,1,1.0,465.5496576567512
67574,STARLINK-36594,1,1.0,465.5173847300712
67575,STARLINK-36400,1,1.0,465.5402795162254
67576,STARLINK-36591,1,1.0,465.52023801396354
67577,STARLINK-36590,1,1.0,465.523463210181
67578,STARLINK-36613,1,1.0,465.512035202697
67579,STARLINK-36571,1,1.0,465.5856025341609
67580,STARLINK-36612,1,1.0,465.5308716549971
67581,STARLINK-36632,1,1.0,465.5406276255635
67582,STARLINK-36609,1,1.0,465.5297648499191
67583,STARLINK-36577,1,1.0,465.5161113154873
67584,STARLINK-36419,1,1.0,465.5543318625196
67585,STARLINK-36560,1,1.0,465.509952519672
67588,NAVSTAR 85 (USA 581),0,0.0,20181.655779838264
67589,STARLINK-36641,1,1.0,465.5296815420279
67590,STARLINK-36376,1,1.0,465.54619738098336
67591,STARLINK-36391,1,1.0,465.5253614363001
67592,STARLINK-36603,1,1.0,465.54465617616006
67593,STARLINK-36634,1,1.0,465.52300204259245
67594,STARLINK-36638,1,1.0,465.5135406859845
67595,STARLINK-36628,1,1.0,465.510806419521
67596,STARLINK-36629,1,1.0,465.5289734250582
67597,STARLINK-36384,1,1.0,465.5087862178707
67598,STARLINK-36358,1,1.0,465.5233263475348
67599,STARLINK-36582,1,1.0,465.5327579851119
67600,STARLINK-36640,1,1.0,465.5249062189441
67601,STARLINK-36635,1,1.0,465.5173430763125
67602,STARLINK-36631,1,1.0,465.543424403043
67603,STARLINK-36626,1,1.0,465.51731629889855
67604,STARLINK-36605,1,1.0,465.5287919329221
67605,STARLINK-36281,1,1.0,465.49718868260425
67606,STARLINK-35843,1,1.0,465.51731629889855
67607,STARLINK-36351,1,1.0,465.6104943631417
67608,STARLINK-36411,1,1.0,465.5153942762281
67609,STARLINK-36312,1,1.0,465.52222847132725
67610,STARLINK-36387,1,1.0,465.51874740334097
67611,STARLINK-36636,1,1.0,465.52674196521366
67612,STARLINK-36407,1,1.0,465.5078133083298
67613,STARLINK-36597,1,1.0,465.5280183600216
67614,NEONSAT-1A,0,0.0,540.2325432046737
67617,STARLINK-36548,1,1.0,482.9717647942962
67618,STARLINK-36601,1,1.0,483.0176105275086
67619,STARLINK-36119,1,1.0,483.0069747043108
67620,STARLINK-36607,1,1.0,483.01163685484426
67621,STARLINK-36615,1,1.0,483.0377085131559
67622,STARLINK-36614,1,1.0,483.011355388885
67623,STARLINK-36600,1,1.0,483.0119452697063
67624,STARLINK-36439,1,1.0,483.0136939526856
67625,STARLINK-36438,1,1.0,483.014038299636
67626,STARLINK-36436,1,1.0,483.0111098547732
67627,STARLINK-36502,1,1.0,482.9979887833333
67628,STARLINK-36532,1,1.0,483.0439906610309
67629,STARLINK-36367,1,1.0,483.0327678445183
67630,STARLINK-36416,1,1.0,330.398077032959
67631,STARLINK-36527,1,1.0,483.051347799108
67632,STARLINK-36633,1,1.0,483.02907582339776
67633,STARLINK-36637,1,1.0,483.0137418618242
67634,STARLINK-36617,1,1.0,483.03545676489193
67635,STARLINK-36627,1,1.0,483.01235249715046
67636,STARLINK-36624,1,1.0,483.0058817799945
67637,STARLINK-36610,1,1.0,482.9917217122411
67638,STARLINK-36599,1,1.0,483.0588995909775
67639,STARLINK-36595,1,1.0,483.0518508520036
67640,STARLINK-36570,1,1.0,482.9869368295677
67641,STARLINK-36514,1,1.0,483.0609687017359
67642,STARLINK-36556,1,1.0,483.040732805619
67643,STARLINK-36533,1,1.0,482.87986303892194
67644,STARLINK-36623,1,1.0,483.00423191424943
67645,STARLINK-36619,1,1.0,483.0139275097417
67646,ALSAT-3B,1,1.0,495.8486246664543
67648,STARLINK-36719,1,1.0,465.5875186554376
67649,STARLINK-36342,1,1.0,465.52792910162407
67650,STARLINK-36703,1,1.0,465.5314161318529
67651,STARLINK-36696,1,1.0,465.54304654038697
67652,STARLINK-36699,1,1.0,465.4871680708693
67653,STARLINK-36694,1,1.0,465.54708402044434
67654,STARLINK-36620,1,1.0,465.5459861347108
67655,STARLINK-36720,1,1.0,465.5410471420028
67656,STARLINK-36688,1,1.0,465.5308984325448
67657,STARLINK-36706,1,1.0,465.5399849622063
67658,STARLINK-36701,1,1.0,465.5478962776551
67659,STARLINK-36642,1,1.0,465.5306276817964
67660,STARLINK-36673,1,1.0,465.53355238635504
67661,STARLINK-36674,1,1.0,465.53131794749424
67662,STARLINK-36700,1,1.0,465.5324426049074
67663,STARLINK-36675,1,1.0,465.5454267784635
67664,STARLINK-36404,1,1.0,465.5352810280556
67665,STARLINK-36399,1,1.0,465.54620333158255
67666,STARLINK-36365,1,1.0,465.5137192018437
67667,STARLINK-36622,1,1.0,465.52591781317096
67668,STARLINK-36625,1,1.0,465.5350519309004
67669,STARLINK-36639,1,1.0,465.5265753496169
67670,STARLINK-36596,1,1.0,465.5344390217215
67671,STARLINK-36297,1,1.0,465.5978312193738
67672,STARLINK-36616,1,1.0,465.5715172987457
67674,COSMOS 2600,1,1.0,322.2395169140427
67675,COSMOS 2601,1,1.0,487.2991231433907
67676,COSMOS 2602,1,1.0,487.2472169610492
67677,COSMOS 2603,1,1.0,488.1217817733823
67678,COSMOS 2604,1,1.0,486.736562578958
67679,COSMOS 2605,1,1.0,487.615754706535
67680,COSMOS 2606,1,1.0,487.2438581478255
67681,COSMOS 2607,1,1.0,487.5306826114047
67682,COSMOS 2608,1,1.0,486.8516909667769
67683,KNACKSAT-2,1,1.0,374.0922135222581
67685,GXIBA-1,1,1.0,366.4657553019915
67686,UITMSAT-2,1,1.0,348.772371771418
67687,LEOPARD,1,1.0,367.6701677730353
67688,HMU-SAT2,1,1.0,357.6477206076533
67689,PRC TEST SPACECRAFT 4,0,0.0,592.1662400317682
67693,STARLINK-36748,1,1.0,465.5312643923908
67694,STARLINK-36753,1,1.0,465.5100923569107
67695,STARLINK-36750,1,1.0,465.514364834301
67696,STARLINK-36401,1,1.0,465.551148284203
67697,STARLINK-36704,1,1.0,465.4988488706331
67698,STARLINK-36697,1,1.0,465.5232698173113
67699,STARLINK-36716,1,1.0,465.4989976330498
67700,STARLINK-36712,1,1.0,465.4975635636847
67701,STARLINK-36713,1,1.0,465.5030558749104
67702,STARLINK-36695,1,1.0,465.5126778594922
67703,STARLINK-36630,1,1.0,465.5368371040495
67704,STARLINK-36338,1,1.0,465.4927049898615
67705,STARLINK-36316,1,1.0,465.491449438201
67706,STARLINK-36707,1,1.0,465.5107707163861
67707,STARLINK-36645,1,1.0,465.525441768782
67708,STARLINK-36287,1,1.0,465.5295476543524
67709,STARLINK-36698,1,1.0,465.5444211276226
67710,STARLINK-36344,1,1.0,465.52207673237535
67711,STARLINK-36687,1,1.0,465.4982984497601
67712,STARLINK-36705,1,1.0,465.4988577963777
67713,STARLINK-36708,1,1.0,465.50501061672185
67714,STARLINK-36702,1,1.0,465.5086999353589
67715,STARLINK-36718,1,1.0,465.50359142047273
67716,STARLINK-36715,1,1.0,465.5113657686952
67717,STARLINK-36385,1,1.0,465.4570023236511
67721,STARLINK-36772,1,1.0,465.5017884174949
67722,STARLINK-36796,1,1.0,465.51132113976746
67723,STARLINK-36369,1,1.0,465.5147545940608
67724,STARLINK-36752,1,1.0,465.59987231424384
67725,STARLINK-36754,1,1.0,465.5375392724745
67726,STARLINK-36755,1,1.0,465.5294732723123
67727,STARLINK-36741,1,1.0,465.7591984488836
67728,STARLINK-36757,1,1.0,465.5113657686952
67729,STARLINK-36751,1,1.0,465.48732873359495
67730,STARLINK-36747,1,1.0,465.5305384233143
67731,STARLINK-36315,1,1.0,465.5196221328306
67732,STARLINK-36260,1,1.0,465.5182386322367
67733,STARLINK-36746,1,1.0,465.518750378611
67734,STARLINK-36749,1,1.0,465.5297886521748
67735,STARLINK-36691,1,1.0,465.55671508571777
67736,STARLINK-36317,1,1.0,465.5295744318864
67737,STARLINK-36330,1,1.0,465.5245194330164
67738,STARLINK-36327,1,1.0,465.5328264166701
67739,STARLINK-36329,1,1.0,465.5349715981365
67740,STARLINK-36737,1,1.0,465.51955370159976
67741,STARLINK-36740,1,1.0,465.52367742999104
67742,STARLINK-36693,1,1.0,465.517658454778
67743,STARLINK-36717,1,1.0,465.51835466774537
67744,STARLINK-36692,1,1.0,465.4574813313402
67746,2026-027A,0,0.0,506.8344680627961
67747,2026-027B,0,0.0,506.4164220504399
67748,2026-027C,0,0.0,508.1127138844113
67749,2026-027D,0,0.0,504.0881183787697
67750,2026-027E,0,0.0,505.34039328168274
67751,2026-027F,0,0.0,527.8374264289296
67752,2026-027G,0,0.0,524.3058929690569
67755,2025-313BF,1,1.0,291.6416998998984
67756,ELEKTRO-L 5,0,0.0,35786.66056001269
67757,JAM-E JAM 1,0,0.0,35785.62979092336
67764,KUIPER-00159,1,0.99,622.9881905062721
67765,KUIPER-00160,1,1.0,452.8234335158759
67766,KUIPER-00177,0,0.0,629.5266008782428
67767,KUIPER-00178,0,0.0,629.5321030850055
67768,KUIPER-00180,0,0.0,629.5801144799816
67769,KUIPER-00197,0,0.0,629.5753698101425
67770,KUIPER-00198,0,0.0,629.5282392278368
67771,KUIPER-00199,1,1.0,454.86282544009646
67772,KUIPER-00200,0,0.0,629.5593175435915
67773,KUIPER-00203,0,0.0,629.5287979715586
67774,KUIPER-00205,0,0.0,629.5583263151993
67775,KUIPER-00208,0,0.0,629.5840604856321
67776,KUIPER-00209,0,0.0,629.5688289344844
67777,KUIPER-00213,0,0.01,629.6250456071893
67778,KUIPER-00214,0,0.0,629.5191636038808
67779,KUIPER-00215,0,0.0,629.5300606696455
67780,KUIPER-00218,0,0.0,629.5419995081711
67781,KUIPER-00220,0,0.0,629.567263167286
67782,KUIPER-00222,0,0.0,629.5756286675069
67783,KUIPER-00223,0,0.0,629.5769703066562
67784,KUIPER-00225,0,0.0,629.5719730986775
67785,KUIPER-00226,0,0.01,640.7623491160257
67786,KUIPER-00259,0,0.0,629.5452825398424
67787,KUIPER-00260,0,0.0,629.5763136925907
67788,KUIPER-00262,0,0.0,629.5269954710247
67789,KUIPER-00266,0,0.0,629.5398876369463
67790,KUIPER-00268,0,0.0,629.5537521479573
67791,KUIPER-00270,0,0.0,629.5171811758473
67792,KUIPER-00274,0,0.0,629.5804585714532
67793,KUIPER-00275,0,0.0,629.5742144226951
67794,KUIPER-00276,0,0.0,629.5510089139016
67795,KUIPER-00279,0,0.0,629.5776648024676
67796,CREW DRAGON 12,1,1.0,418.5676010211937
67797,STARLINK-36800,1,1.0,465.559336336104
67798,STARLINK-36798,1,1.0,465.5484972886379
67799,STARLINK-36804,1,1.0,465.55366836878966
67800,STARLINK-36354,1,1.0,465.5450905697098
67801,STARLINK-36773,1,1.0,465.4933892955123
67802,STARLINK-36739,1,1.0,465.59253211574014
67803,STARLINK-36768,1,1.0,465.61224388103074
67804,STARLINK-36792,1,1.0,465.5493184721754
67805,STARLINK-36782,1,1.0,465.450840685623
67806,STARLINK-36389,1,1.0,465.55636399902414
67807,STARLINK-36382,1,1.0,465.5351292883797
67808,STARLINK-36811,1,1.0,465.5805057771095
67809,STARLINK-36795,1,1.0,465.55255857918746
67810,STARLINK-36807,1,1.0,465.5510114201725
67811,STARLINK-36733,1,1.0,465.5642783371286
67812,STARLINK-36377,1,1.0,465.5547216279692
67813,STARLINK-36732,1,1.0,465.55726849365055
67814,STARLINK-36767,1,1.0,465.5474440318512
67815,STARLINK-36797,1,1.0,465.54617060328655
67816,STARLINK-36343,1,1.0,465.5607466353058
67817,STARLINK-36756,1,1.0,465.5235643695341
67818,STARLINK-36346,1,1.0,465.5200952009345
67819,STARLINK-36788,1,1.0,465.5492738426283
67820,STARLINK-36353,1,1.0,465.5455963705044
67821,STARLINK-36644,1,1.0,483.05709099182513
67822,STARLINK-36643,1,1.0,483.0288452593895
67823,STARLINK-36646,1,1.0,483.0241561306302
67824,STARLINK-36647,1,1.0,483.0221379512423
67825,STARLINK-36648,1,1.0,483.01782312462
67826,STARLINK-35865,1,1.0,483.03544478751337
67827,STARLINK-36289,1,1.0,483.0214762043179
67828,STARLINK-36670,1,1.0,483.0206916900706
67829,STARLINK-36144,1,1.0,483.1119124373217
67830,STARLINK-36611,1,1.0,483.020856378158
67831,STARLINK-36661,1,1.0,483.0151761420421
67832,STARLINK-36662,1,1.0,482.99169476356656
67833,STARLINK-36659,1,1.0,482.9707587179546
67834,STARLINK-36655,1,1.0,483.0361694190633
67835,STARLINK-36657,1,1.0,483.0293033930884
67836,STARLINK-36650,1,1.0,483.0206707297693
67837,STARLINK-36649,1,1.0,483.0661310051273
67838,STARLINK-36654,1,1.0,483.0469700450549
67839,STARLINK-36652,1,1.0,483.0370108303168
67840,STARLINK-36651,1,1.0,483.0372593610937
67841,STARLINK-36656,1,1.0,482.8490561441258
67842,STARLINK-36653,1,1.0,483.0204042345249
67843,STARLINK-36589,1,1.0,483.0266144787438
67844,STARLINK-36598,1,1.0,483.0523628880819
67845,STARLINK-36606,1,1.0,482.9984439175769
67846,STARLINK-36658,1,1.0,483.0256323369677
67847,STARLINK-36618,1,1.0,483.0123375255525
67848,STARLINK-36660,1,1.0,482.97719342092296
67849,STARLINK-36602,1,1.0,482.91584427708494
67850,STARLINK-36840,1,1.0,462.68211084253016
67851,STARLINK-36348,1,1.0,462.7342672909299
67852,STARLINK-36276,1,1.0,462.79199185909965
67853,STARLINK-36785,1,1.0,462.6926145743382
67854,STARLINK-36608,1,1.0,475.2587105081448
67855,STARLINK-36838,1,1.0,470.6715803431935
67856,STARLINK-36843,1,1.0,470.75804492503175
67857,STARLINK-36828,1,1.0,470.7143234220621
67858,STARLINK-36837,1,1.0,462.70954130113023
67859,STARLINK-36393,1,1.0,470.725144183144
67860,STARLINK-35873,1,1.0,462.688735857133
67861,STARLINK-36325,1,1.0,462.6969064333471
67862,STARLINK-36332,1,1.0,462.6563094019712
67863,STARLINK-36835,1,1.0,462.730219096994
67864,STARLINK-36831,1,1.0,462.6954797758672
67865,STARLINK-36738,1,1.0,462.69750384639065
67866,STARLINK-36780,1,1.0,462.7118269374069
67867,STARLINK-36761,1,1.0,462.7135062422613
67868,STARLINK-36762,1,1.0,462.6984490075865
67869,STARLINK-36779,1,1.0,462.7249136536575
67870,STARLINK-36770,1,1.0,462.71577107627854
67871,STARLINK-36769,1,1.0,465.1854273846448
67872,STARLINK-36786,1,1.0,470.7147824837866
67873,STARLINK-36783,1,1.0,462.7230352022361
67874,STARLINK-36730,1,1.0,462.7256953513852
67875,STARLINK-36727,1,1.0,470.7004055417947
67876,STARLINK-36743,1,1.0,462.7829679494917
67877,STARLINK-36784,1,1.0,462.7013439373104
67878,STARLINK-36689,1,1.0,462.6990523653758
67879,STARLINK-36818,1,1.0,465.6055463279536
67880,STARLINK-36821,1,1.0,465.5019312295699
67881,STARLINK-36808,1,1.0,465.4986673804942
67882,STARLINK-36817,1,1.0,465.5001520296828
67883,STARLINK-36856,1,1.0,465.5092503583237
67884,STARLINK-36842,1,1.0,465.50623939729576
67885,STARLINK-36826,1,1.0,465.4829372891609
67886,STARLINK-36390,1,1.0,465.50850654353326
67887,STARLINK-36368,1,1.0,465.4906758758525
67888,STARLINK-36801,1,1.0,465.5434690324937
67889,STARLINK-36372,1,1.0,465.49919102420426
67890,STARLINK-36363,1,1.0,465.5222641746132
67891,STARLINK-36816,1,1.0,465.4957189112493
67892,STARLINK-36813,1,1.0,465.5079204176191
67893,STARLINK-36803,1,1.0,465.5604758816044
67894,STARLINK-36846,1,1.0,465.5014938676168
67895,STARLINK-36866,1,1.0,465.5411721043593
67896,STARLINK-36877,1,1.0,465.5689525678599
67897,STARLINK-36870,1,1.0,465.4876738609637
67898,STARLINK-36810,1,1.0,465.5024876016778
67899,STARLINK-36878,1,1.0,465.4976319943635
67900,STARLINK-36361,1,1.0,465.5266229540712
67901,STARLINK-36336,1,1.0,465.51154725967535
67902,STARLINK-36876,1,1.0,465.5084113352541
67903,STARLINK-36257,1,1.0,465.54287694850336
67904,STARLINK-36814,1,1.0,483.0278840771698
67905,STARLINK-36729,1,1.0,483.0125321563346
67906,STARLINK-36763,1,1.0,483.025973691083
67907,STARLINK-36742,1,1.0,483.038055857468
67908,STARLINK-36827,1,1.0,483.0298962721063
67909,STARLINK-36822,1,1.0,483.0452752392739
67910,STARLINK-36847,1,1.0,483.0226529761085
67911,STARLINK-36736,1,1.0,483.0371635419961
67912,STARLINK-36676,1,1.0,483.02265896477
67913,STARLINK-36690,1,1.0,483.0257760650111
67914,STARLINK-36724,1,1.0,483.0170655603406
67915,STARLINK-36723,1,1.0,483.0152240512061
67916,STARLINK-36721,1,1.0,483.0080137313944
67917,STARLINK-36722,1,1.0,482.9913653909043
67918,STARLINK-36341,1,1.0,483.0018125121878
67919,STARLINK-36663,1,1.0,483.0391308285034
67920,STARLINK-36375,1,1.0,483.0799231463898
67921,STARLINK-36405,1,1.0,483.0045942258803
67923,STARLINK-36406,1,1.0,482.97838813942144
67924,STARLINK-36714,1,1.0,483.002025108076
67925,STARLINK-36726,1,1.0,483.03506151139845
67926,STARLINK-36758,1,1.0,482.986382885616
67927,STARLINK-36728,1,1.0,482.9610153667472
67928,STARLINK-36771,1,1.0,483.00369293835774
67929,STARLINK-36809,1,1.0,483.0288123216751
67930,STARLINK-36865,1,1.0,483.0078819815399
67931,STARLINK-36781,1,1.0,483.0173260666106
67932,STARLINK-36301,1,1.0,483.02203913834273
67933,STARLINK-36852,1,1.0,483.0389242184383
67934,STARLINK-36861,1,1.0,483.1226534725965
67935,STARLINK-36860,1,1.0,483.0240513289928
67936,STARLINK-36848,1,1.0,483.0260904701309
67937,STARLINK-36370,1,1.0,483.00651956865295
67938,STARLINK-36371,1,1.0,483.01487371546136
67939,STARLINK-36246,1,1.0,483.00471100401774
67940,STARLINK-36907,1,1.0,483.01556540402544
67941,STARLINK-36927,1,1.0,483.0616663906631
67942,STARLINK-36914,1,1.0,483.03326191098313
67943,STARLINK-36851,1,1.0,483.0166014400356
67944,STARLINK-36892,1,1.0,483.0307766078549
67945,STARLINK-36908,1,1.0,483.01738894743903
67946,STARLINK-36909,1,1.0,483.011055957044
67947,STARLINK-36920,1,1.0,482.9427833559503
67948,STARLINK-36873,1,1.0,483.0124602926599
67949,STARLINK-36863,1,1.0,483.0139903904919
67950,STARLINK-36887,1,1.0,483.0373252367253
67951,STARLINK-36897,1,1.0,483.02063180349614
67952,STARLINK-36381,1,1.0,483.0276026095444
67953,STARLINK-36824,1,1.0,483.0159756263293
67954,STARLINK-36869,1,1.0,483.0281385957942
67955,STARLINK-36872,1,1.0,482.9071251387022
67956,STARLINK-36918,1,1.0,482.9844216254978
67957,STARLINK-36829,1,1.0,483.1742331863452
67958,STARLINK-36799,1,1.0,483.0385109983563
67959,STARLINK-36834,1,1.0,483.0263749319374
67960,STARLINK-36841,1,1.0,483.0273361136278
67961,STARLINK-36912,1,1.0,465.52863721832455
67962,STARLINK-36881,1,1.0,465.5330138596455
67963,STARLINK-36357,1,1.0,465.53513523895526
67964,STARLINK-36349,1,1.0,465.6166444590326
67965,STARLINK-36806,1,1.0,465.5292084722669
67966,STARLINK-36820,1,1.0,465.524629518236
67967,STARLINK-36819,1,1.0,465.5263789812507
67968,STARLINK-36812,1,1.0,465.53681925231103
67969,STARLINK-36709,1,1.0,465.5226569107708
67970,STARLINK-36319,1,1.0,465.5526597396156
67971,STARLINK-36710,1,1.0,465.53332626463
67972,STARLINK-36894,1,1.0,465.57805112517326
67973,STARLINK-36900,1,1.0,465.5170544752982
67974,STARLINK-36901,1,1.0,465.5418593974209
67975,STARLINK-36883,1,1.0,465.52291873490776
67976,STARLINK-36880,1,1.0,465.55217773996446
67977,STARLINK-36904,1,1.0,465.4871829470476
67978,STARLINK-36364,1,1.0,465.5331031182086
67979,STARLINK-36359,1,1.0,465.5357927776158
67980,STARLINK-36882,1,1.0,465.52674494049097
67981,STARLINK-36874,1,1.0,465.52756016694457
67982,STARLINK-36879,1,1.0,465.56772078381255
67983,STARLINK-36867,1,1.0,465.51604288434737
67984,STARLINK-36266,1,1.0,465.57567978472525
67985,STARLINK-36802,1,1.0,465.52819687682586
67986,STARLINK-36535,1,1.0,483.0380259139911
67987,STARLINK-36744,1,1.0,483.0441763109966
67988,STARLINK-36734,1,1.0,483.0333307808596
67989,STARLINK-36957,1,1.0,483.0490840622142
67990,STARLINK-36951,1,1.0,483.06621484772313
67991,STARLINK-36941,1,1.0,483.04154427475805
67992,STARLINK-36950,1,1.0,483.02752176246486
67993,STARLINK-36975,1,1.0,483.0365736557551
67994,STARLINK-36993,1,1.0,483.02970463443125
67995,STARLINK-36968,1,1.0,483.0436043893688
67996,STARLINK-36979,1,1.0,483.0380259139911
67997,STARLINK-36994,1,1.0,483.0470089717028
67998,STARLINK-36988,1,1.0,483.0474641140763
67999,STARLINK-36926,1,1.0,482.99443754110143
68000,STARLINK-36931,1,1.0,483.0352591381379
68001,STARLINK-36903,1,1.0,483.0413735967268
68002,STARLINK-36898,1,1.0,483.05694127340576
68003,STARLINK-36862,1,1.0,483.0352920759297
68004,STARLINK-36888,1,1.0,483.0222936564232
68005,STARLINK-36910,1,1.0,483.043221112116
68006,STARLINK-36889,1,1.0,483.0980422805578
68007,STARLINK-36592,1,1.0,483.0152569887569
68008,STARLINK-36911,1,1.0,482.8787162700946
68009,STARLINK-36956,1,1.0,483.0301268362045
68010,STARLINK-36953,1,1.0,483.0364089667255
68011,STARLINK-36991,1,1.0,483.0396608283054
68012,STARLINK-36936,1,1.0,483.0357142785633
68013,STARLINK-36967,1,1.0,483.0300220343388
68014,STARLINK-36985,1,1.0,483.0378432587886
68015,STARLINK-36335,1,1.0,465.5241475235207
68016,STARLINK-36923,1,1.0,465.5030975284508
68017,STARLINK-36568,1,1.0,465.50512367641295
68018,STARLINK-36930,1,1.0,465.49601941099536
68019,STARLINK-36921,1,1.0,465.5301724635656
68020,STARLINK-36928,1,1.0,465.4918481204195
68021,STARLINK-36858,1,1.0,465.4931066475056
68022,STARLINK-36916,1,1.0,465.5598272629586
68023,STARLINK-36871,1,1.0,465.5087981189072
68024,STARLINK-36891,1,1.0,465.505781207864
68025,STARLINK-36378,1,1.0,465.50442746681256
68026,STARLINK-36884,1,1.0,465.5157245308028
68027,STARLINK-36940,1,1.0,465.513281838008
68028,STARLINK-36253,1,1.0,438.8019444417678
68029,STARLINK-36944,1,1.0,465.50910754586766
68030,STARLINK-36942,1,1.0,465.5043382091835
68031,STARLINK-36913,1,1.0,465.5062929519099
68032,STARLINK-36935,1,1.0,465.508164388797
68033,STARLINK-36947,1,1.0,465.5004227774161
68034,STARLINK-36939,1,1.0,465.5116067649169
68035,STARLINK-36943,1,1.0,465.5011844415167
68036,STARLINK-36906,1,1.0,465.5099108660279
68037,STARLINK-36388,1,1.0,465.5138887919229
68038,STARLINK-36895,1,1.0,465.4780251872362
68039,STARLINK-36373,1,1.0,465.484350524237
68040,STARLINK-36711,1,1.0,462.6805177503384
68041,STARLINK-36825,1,1.0,462.6926680739252
68042,STARLINK-36925,1,1.0,462.6915416106376
68043,STARLINK-36902,1,1.0,462.6733102086364
68044,STARLINK-36966,1,1.0,462.6979199550515
68045,STARLINK-36864,1,1.0,462.688456470818
68046,STARLINK-36321,1,1.0,462.5336778659321
68047,STARLINK-36181,1,1.0,462.67980442577664
68048,STARLINK-36318,1,1.0,462.6733904574512
68049,STARLINK-36885,1,1.0,462.6793912920539
68050,STARLINK-36945,1,1.0,462.67634183211067
68051,STARLINK-35911,1,1.0,462.69212713371417
68052,STARLINK-35808,1,1.0,462.6886199415312
68053,STARLINK-36919,1,1.0,462.6299761931687
68054,STARLINK-36924,1,1.0,462.6953400823613
68055,STARLINK-35998,1,1.0,462.6870149567767
68056,STARLINK-36845,1,1.0,462.7279304731173
68057,STARLINK-36954,1,1.0,462.7006395239432
68058,STARLINK-36899,1,1.0,462.6801908098914
68059,STARLINK-36917,1,1.0,462.69125925184017
68060,STARLINK-36959,1,1.0,462.6761486403193
68061,STARLINK-36915,1,1.0,462.68070499806527
68062,STARLINK-36952,1,1.0,462.68737459216754
68063,STARLINK-37000,1,1.0,462.6705223068766
68064,STARLINK-36996,1,1.0,462.6825982813716
68065,STARLINK-36836,1,1.0,462.6778695338408
68066,STARLINK-36976,1,1.0,462.6808090245877
68067,STARLINK-36929,1,1.0,462.6936162056518
68068,STARLINK-36990,1,1.0,462.6676809088576
68069,STARLINK-36766,1,1.0,462.7243637903712
68070,STARLINK-36823,1,1.0,462.6930960706504
68071,STARLINK-36970,1,1.0,462.67866607904944
68072,STARLINK-36972,1,1.0,462.71197852063415
68073,STARLINK-37074,1,1.0,462.70085055071377
68074,STARLINK-37045,1,1.0,462.7284506147398
68075,STARLINK-37026,1,1.0,462.7240903448856
68076,STARLINK-37023,1,1.0,462.7068425288944
68077,STARLINK-37036,1,1.0,462.7177119394692
68078,STARLINK-36973,1,1.0,462.7079600818324
68079,STARLINK-37063,1,1.0,462.7111552157549
68080,STARLINK-37051,1,1.0,462.7266524112656
68081,STARLINK-37066,1,1.0,462.7027289869056
68082,STARLINK-37054,1,1.0,462.89180672573366
68083,STARLINK-37065,1,1.0,462.7086674692992
68084,STARLINK-37037,1,1.0,462.6894046010866
68085,STARLINK-37068,1,1.0,462.6899187909921
68086,STARLINK-37067,1,1.0,462.7041318704733
68087,STARLINK-37062,1,1.0,462.6949001964777
68088,STARLINK-37059,1,1.0,462.7116634653085
68089,STARLINK-37004,1,1.0,462.6948734466632
68090,STARLINK-36320,1,1.0,462.7038019549937
68091,STARLINK-36324,1,1.0,462.7077044712787
68092,STARLINK-36896,1,1.0,462.7112681600911
68093,STARLINK-36251,1,1.0,462.6980061489976
68094,STARLINK-36787,1,1.0,462.6836890747026
68095,STARLINK-36790,1,1.0,462.7109352715315
68096,STARLINK-36328,1,1.0,462.7402682590391
68097,STARLINK-36853,1,1.0,462.72363262098224
68098,GLOBAL-34,1,1.0,465.2683482408929
68101,STARLINK-37022,1,1.0,465.5104077345404
68102,STARLINK-37046,1,1.0,465.5171883623634
68103,STARLINK-37018,1,1.0,465.52058017020863
68104,STARLINK-37041,1,1.0,465.5213834937349
68105,STARLINK-37021,1,1.0,465.5159476758072
68106,STARLINK-37024,1,1.0,465.5205266153153
68107,STARLINK-37005,1,1.0,465.5195745284973
68108,STARLINK-37017,1,1.0,465.5923863235912
68109,STARLINK-36833,1,1.0,465.5124904179129
68110,STARLINK-36830,1,1.0,465.5154359299568
68111,STARLINK-36791,1,1.0,465.5156293222726
68112,STARLINK-36893,1,1.0,465.51263918107
68113,STARLINK-36937,1,1.0,465.5200981762055
68114,STARLINK-36229,1,1.0,465.5175810977935
68115,STARLINK-36392,1,1.0,465.5156203964734
68116,STARLINK-36805,1,1.0,465.5172776204099
68117,STARLINK-36844,1,1.0,465.5186700463255
68118,STARLINK-36789,1,1.0,465.5067987455377
68119,STARLINK-36850,1,1.0,465.5174055569496
68120,STARLINK-36868,1,1.0,465.526971061674
68121,STARLINK-36855,1,1.0,465.5125469479108
68122,STARLINK-36366,1,1.0,465.5226985646095
68123,STARLINK-36922,1,1.0,465.51002095066
68124,STARLINK-36938,1,1.0,465.5270246166938
68125,STARLINK-36839,1,1.0,465.5178429214448
68126,ECHOSTAR 25,0,0.0,35786.407977914365
68129,HULIANWANG DIGUI-155,0,0.0,1149.3022569544364
68130,HULIANWANG DIGUI-156,0,0.0,1149.3099203407428
68131,HULIANWANG DIGUI-157,0,0.0,1149.3031893949792
68132,HULIANWANG DIGUI-158,0,0.0,1149.3077798757083
68133,HULIANWANG DIGUI-159,0,0.0,1149.3011772868003
68134,HULIANWANG DIGUI-160,0,0.0,1149.3017812966182
68135,HULIANWANG DIGUI-161,0,0.0,1149.305326081685
68136,HULIANWANG DIGUI-162,0,0.0,1149.3162058421012
68137,HULIANWANG DIGUI-163,0,0.0,1149.3024268322451
68139,SHIYAN-30 03,0,0.0,592.0209211539532
68140,SHIYAN-30 04,0,0.0,592.009627370825
68142,STARLINK-36604,1,1.0,465.559032854092
68143,STARLINK-36995,1,1.0,465.5192978283276
68144,STARLINK-37020,1,1.0,465.5470274897334
68145,STARLINK-36244,1,1.0,465.5028059536835
68146,STARLINK-36980,1,1.0,465.5335464357822
68147,STARLINK-37055,1,1.0,465.49844721214686
68148,STARLINK-36981,1,1.0,465.5192026196737
68149,STARLINK-36992,1,1.0,465.54509354500806
68150,STARLINK-37060,1,1.0,465.5242814109324
68151,STARLINK-37073,1,1.0,465.541433930267
68152,STARLINK-37049,1,1.0,465.528991276743
68153,STARLINK-37072,1,1.0,465.52642063514486
68154,STARLINK-36241,1,1.0,465.5442009555954
68155,STARLINK-37048,1,1.0,465.5367716476803
68156,STARLINK-36313,1,1.0,465.5203094204808
68157,STARLINK-37064,1,1.0,465.5780213718299
68158,STARLINK-37069,1,1.0,465.5272537131768
68159,STARLINK-37053,1,1.0,465.5378992826254
68160,STARLINK-36306,1,1.0,465.5488959791637
68161,STARLINK-37057,1,1.0,465.5384288844234
68162,STARLINK-37013,1,1.0,465.5476939571554
68163,STARLINK-36958,1,1.0,465.5424544564876
68164,STARLINK-37002,1,1.0,465.5349686228483
68165,STARLINK-36971,1,1.0,465.53358511450097
68166,STARLINK-36273,1,1.0,465.5455576916165
68167,STARLINK-36969,1,1.0,462.7009397169586
68168,STARLINK-36984,1,1.0,462.71925749766433
68169,STARLINK-37077,1,1.0,462.6992485309929
68170,STARLINK-37003,1,1.0,462.6902516769951
68171,STARLINK-37034,1,1.0,462.7447860842294
68172,STARLINK-37031,1,1.0,462.6982795918766
68173,STARLINK-37076,1,1.0,462.7240249557517
68174,STARLINK-37078,1,1.0,462.69568783003615
68175,STARLINK-36886,1,1.0,462.6999559162077
68176,STARLINK-36905,1,1.0,462.755129554198
68177,STARLINK-36668,1,1.0,462.7022474888981
68178,STARLINK-36677,1,1.0,462.7098355506869
68179,STARLINK-37052,1,1.0,462.7107985494568
68180,STARLINK-37035,1,1.0,462.6981785368953
68181,STARLINK-37032,1,1.0,462.7107569383925
68182,STARLINK-37082,1,1.0,462.7081503036525
68183,STARLINK-37102,1,1.0,462.7067474180267
68184,STARLINK-36964,1,1.0,462.7526387955004
68185,STARLINK-37061,1,1.0,462.6914256949167
68186,STARLINK-37079,1,1.0,462.7379558487692
68187,STARLINK-37006,1,1.0,462.71432954784814
68189,STARLINK-36305,1,1.0,462.6914702778868
68190,STARLINK-37071,1,1.0,462.7068871121137
68191,STARLINK-37091,1,1.0,462.7331140603292
68192,STARLINK-37098,1,1.0,462.7077906655322
68193,STARLINK-37090,1,1.0,462.7209219459282
68194,STARLINK-37093,1,1.0,462.7055288103329
68195,STARLINK-37058,1,1.0,462.7113157156027
68196,YAOGAN-50 02,0,0.01,952.3432716720818
68198,2026-052A,0,0.0,531.6213824027
68199,YUXING-3 06,0,0.0,532.3229946445281
68200,2026-052C,0,0.0,533.253464977196
68201,2026-052D,0,0.0,530.3257550130684
68202,2026-052E,0,0.0,530.3438525930587
68203,2026-052F,0,0.0,529.4613551208713
68204,2026-052G,0,0.0,529.9559975375869
68206,2026-052J,1,0.99,603.0233969031678
68207,STARLINK-36986,1,1.0,465.5535047268632
68208,STARLINK-37009,1,1.0,465.556843024101
68209,STARLINK-36948,1,1.0,465.5470245144325
68210,STARLINK-37119,1,1.0,465.5638171626633
68211,STARLINK-37120,1,1.0,465.546146800888
68212,STARLINK-37117,1,1.0,465.5469798849226
68213,STARLINK-37116,1,1.0,465.40298507489206
68214,STARLINK-35854,1,1.0,465.5363818847864
68215,STARLINK-36272,1,1.0,465.5536237391716
68216,STARLINK-37014,1,1.0,465.5354744217738
68217,STARLINK-37011,1,1.0,465.544382448752
68218,STARLINK-37108,1,1.0,465.551154234814
68219,STARLINK-37106,1,1.0,465.5340105804335
68220,STARLINK-37030,1,1.0,465.51982445125486
68221,STARLINK-37012,1,1.0,465.5372566199085
68222,STARLINK-37110,1,1.0,465.55230270282846
68223,STARLINK-37025,1,1.0,465.5858554382903
68225,STARLINK-36960,1,1.0,465.5385389702024
68226,STARLINK-37038,1,1.0,465.67877697189306
68227,STARLINK-37083,1,1.0,465.5598629667338
68228,STARLINK-37050,1,1.0,465.5517909501814
68229,STARLINK-37081,1,1.0,465.52827423411054
68230,STARLINK-37100,1,1.0,465.5542753316568
68231,STARLINK-37104,1,1.0,465.55710782681945
68232,STARLINK-37027,1,1.0,462.6823813116325
68233,STARLINK-37132,1,1.0,462.6944692272664
68234,STARLINK-37101,1,1.0,462.7007049125177
68235,STARLINK-36963,1,1.0,462.6850741153612
68236,STARLINK-37127,1,1.0,462.7251038766572
68237,STARLINK-37095,1,1.0,462.7334410070998
68238,STARLINK-37097,1,1.0,462.68627488079073
68239,STARLINK-37096,1,1.0,462.695429248427
68240,STARLINK-37092,1,1.0,462.67814000252383
68241,STARLINK-37094,1,1.0,462.6796944549242
68242,STARLINK-36356,1,1.0,462.6944543662621
68243,STARLINK-36345,1,1.0,462.684872006379
68244,STARLINK-36310,1,1.0,462.7089141632914
68245,STARLINK-36247,1,1.0,462.6972066259532
68246,STARLINK-37043,1,1.0,462.71051321645245
68247,STARLINK-37044,1,1.0,462.74044659410265
68248,STARLINK-36997,1,1.0,462.6811924366566
68249,STARLINK-37141,1,1.0,462.667431246412
68250,STARLINK-37087,1,1.0,462.6758751996513
68251,STARLINK-36274,1,1.0,462.635754022248
68252,STARLINK-37085,1,1.0,462.6967221567156
68253,STARLINK-37086,1,1.0,462.6866939599395
68254,STARLINK-37084,1,1.0,462.6836712415634
68255,STARLINK-37075,1,1.0,462.6987224505101
68256,STARLINK-36333,1,1.0,462.6786452737615
68257,STARLINK-36745,1,1.0,462.6798222588877
68258,STARLINK-36890,1,1.0,462.6924897419749
68259,STARLINK-36323,1,1.0,462.7660496853241
68260,STARLINK-37056,1,1.0,462.6782232236619
68261,TEN-KOH 2,1,1.0,492.46727739809467
68262,STARLINK-37162,1,1.0,462.6626579425929
68263,STARLINK-37156,1,1.0,462.68256855948766
68264,STARLINK-37163,1,1.0,462.67540262291095
68265,STARLINK-37133,1,1.0,462.7113454377977
68266,STARLINK-37042,1,1.0,462.64715813735984
68267,STARLINK-37103,1,1.0,462.6773523740149
68268,STARLINK-36999,1,1.0,462.6702013119738
68269,STARLINK-36962,1,1.0,462.69685590588233
68270,STARLINK-37028,1,1.0,462.6624825847648
68271,STARLINK-37029,1,1.0,462.68789472608114
68272,STARLINK-36974,1,1.0,462.6859628006159
68273,STARLINK-37019,1,1.0,462.668498256312
68274,STARLINK-37129,1,1.0,462.6382625073948
68275,STARLINK-37123,1,1.0,462.6469827805258
68276,STARLINK-37125,1,1.0,462.6809873557759
68277,STARLINK-36989,1,1.0,462.6528527823475
68278,STARLINK-36982,1,1.0,462.6546212157464
68279,STARLINK-36934,1,1.0,462.6676927975468
68280,STARLINK-37070,1,1.0,462.6865899331952
68281,STARLINK-37134,1,1.0,462.68284200082417
68282,STARLINK-37160,1,1.0,462.67100677147664
68283,STARLINK-37124,1,1.0,462.6835553261772
68284,STARLINK-37159,1,1.0,462.6676422706205
68285,STARLINK-36725,1,1.0,462.6701032302053
68286,STARLINK-36998,1,1.0,462.72157880882605
68287,STARLINK-37165,1,1.0,462.6879541699627
68288,STARLINK-37016,1,1.0,462.6904240644053
68289,STARLINK-37010,1,1.0,462.6845183156984
68290,STARLINK-37151,1,1.0,462.7129385479384
68291,STRIX-6,0,0.01,565.5384759989711
68294,STARLINK-37107,1,1.0,465.5206367003748
68295,STARLINK-37147,1,1.0,465.5506662848193
68296,STARLINK-37142,1,1.0,465.5083191022386
68297,STARLINK-37115,1,1.0,465.5134395270025
68298,STARLINK-36355,1,1.0,465.50723908359487
68299,STARLINK-37118,1,1.0,465.5077508279119
68300,STARLINK-36875,1,1.0,465.5352334234504
68301,STARLINK-37099,1,1.0,465.5144897954388
68302,STARLINK-37007,1,1.0,465.5134782054365
68303,STARLINK-36300,1,1.0,465.5859268465183
68304,STARLINK-36849,1,1.0,465.5067749434829
68305,STARLINK-36277,1,1.0,465.5172984472874
68306,STARLINK-36307,1,1.0,465.51495691212494
68307,STARLINK-36264,1,1.0,465.5422580869808
68308,STARLINK-37138,1,1.0,465.4746126055643
68309,STARLINK-37149,1,1.0,465.5397528893645
68310,STARLINK-37148,1,1.0,465.52405826524864
68311,STARLINK-37140,1,1.0,465.5193870864432
68312,STARLINK-36854,1,1.0,465.5457005059743
68313,STARLINK-36815,1,1.0,465.5053051669784
68314,STARLINK-37155,1,1.0,465.51744423544005
68315,STARLINK-37150,1,1.0,465.5202945441233
68316,STARLINK-37154,1,1.0,465.5228175755783
68317,STARLINK-37139,1,1.0,465.5095121811783
68318,STARLINK-37113,1,1.0,465.4378956380615
68319,PROGRESS-MS 33,1,1.0,418.5676010211937
68321,STARLINK-36987,1,1.0,462.6817304025199
68322,STARLINK-37088,1,1.0,462.6709205783827
68323,STARLINK-36983,1,1.0,462.6869703738803
68324,STARLINK-37164,1,1.0,462.6829222499164
68325,STARLINK-36309,1,1.0,462.6934884010425
68326,STARLINK-37206,1,1.0,462.6563747894861
68327,STARLINK-37199,1,1.0,462.6758989771006
68328,STARLINK-36245,1,1.0,462.6821583975352
68329,STARLINK-37204,1,1.0,462.6938212874793
68330,STARLINK-37001,1,1.0,462.7596682098292
68331,STARLINK-36932,1,1.0,462.7727165151628
68332,STARLINK-37205,1,1.0,462.70592114250667
68333,STARLINK-37180,1,1.0,462.73456451539096
68334,STARLINK-37191,1,1.0,462.687398369716
68335,STARLINK-37217,1,1.0,462.6757414515087
68336,STARLINK-37143,1,1.0,462.6767430766458
68337,STARLINK-36237,1,1.0,462.6656954986056
68338,STARLINK-36254,1,1.0,462.70567742099774
68339,STARLINK-37200,1,1.0,462.75136666663366
68340,STARLINK-37185,1,1.0,462.6778130623607
68341,STARLINK-37181,1,1.0,462.6628362725978
68342,STARLINK-37192,1,1.0,462.67236505612345
68343,STARLINK-37158,1,1.0,462.7100287448584
68344,STARLINK-36380,1,1.0,477.7044440552436
68345,STARLINK-37214,1,1.0,462.65616376614616
68346,STARLINK-37169,1,1.0,462.6795101794496
68347,STARLINK-37136,1,1.0,462.6839357664412
68348,STARLINK-37182,1,1.0,462.6669675876437
68349,STARLINK-37183,1,1.0,462.6595550023585
68350,CENTISPACE-2 S1,0,0.0,745.783447422381
68351,CENTISPACE-2 S2,0,0.0,745.9164040749702
68352,CENTISPACE-2 S3,0,0.0,745.8344715180156
68353,CENTISPACE-2 S4,0,0.0,745.3644475822775
68354,CENTISPACE-2 S5,0,0.0,746.2396573739597
68355,CENTISPACE-2 S6,0,0.0,742.2036024193785
68356,CENTISPACE-2 S7,0,0.0,743.4843150345514
68357,CENTISPACE-2 S8,0,0.0,744.1889082711432
68358,CENTISPACE-2 S9,0,0.0,746.3304975454912
68359,CENTISPACE-2 S10,0,0.0,738.2272862654581
68360,RASSVET-3 1,0,0.0,511.59979409785774
68361,RASSVET-3 2,0,0.0,516.80753239966
68362,RASSVET-3 3,0,0.0,511.5870896021688
68364,RASSVET-3 5,0,0.0,511.5956278397816
68365,RASSVET-3 6,0,0.01,511.50149689597583
68366,RASSVET-3 7,0,0.0,511.5523953418078
68367,RASSVET-3 8,0,0.0,511.49193936005577
68368,RASSVET-3 9,0,0.0,511.5689028206552
68369,RASSVET-3 10,1,1.0,427.7175754461669
68370,RASSVET-3 11,1,1.0,369.22695488585487
68371,RASSVET-3 12,0,0.0,511.588442042721
68372,RASSVET-3 13,0,0.02,511.4862817016729
68373,RASSVET-3 14,1,1.0,351.2574395222373
68374,RASSVET-3 15,0,0.0,511.4832804245089
68375,RASSVET-3 16,0,0.0,511.4879638705461
68377,SUPERVIEW NEO-2 05,0,0.0,506.68061731021953
68378,SUPERVIEW NEO-2 06,0,0.0,506.686932575667
68380,STARLINK-36296,1,1.0,465.4677100994068
68381,STARLINK-37111,1,1.0,465.5246414193416
68382,STARLINK-36946,1,1.0,465.6079861277094
68383,STARLINK-37121,1,1.0,465.5134246506832
68384,STARLINK-37137,1,1.0,465.533918346554
68385,STARLINK-37128,1,1.0,465.5290210295543
68386,STARLINK-37198,1,1.0,465.5269442841645
68387,STARLINK-37223,1,1.0,465.528539034065
68388,STARLINK-37203,1,1.0,465.5347365504304
68389,STARLINK-37197,1,1.0,465.5533529861759
68390,STARLINK-37193,1,1.0,465.5248972931158
68391,STARLINK-37216,1,1.0,465.5324664071868
68392,STARLINK-37215,1,1.0,465.53118108445415
68393,STARLINK-37184,1,1.0,465.5337666069527
68394,STARLINK-37157,1,1.0,465.51406433254033
68395,STARLINK-37172,1,1.0,465.5256619393013
68396,STARLINK-37190,1,1.0,465.51259157685854
68397,STARLINK-37194,1,1.0,465.53060685481705
68398,STARLINK-37220,1,1.0,465.5296726161832
68399,STARLINK-37187,1,1.0,465.5233263475348
68400,STARLINK-36235,1,1.0,465.5260368242798
68401,STARLINK-37175,1,1.0,465.5248853920093
68402,STARLINK-36360,1,1.0,465.532457481333
68403,STARLINK-37218,1,1.0,465.53628667553767
68404,STARLINK-37188,1,1.0,465.4615008339533
68405,SHIYAN-33,1,1.0,492.7442115480235
68408,LPNTSAT-001 (IOD-1),0,0.0,509.5681036648448
68409,LPNTSAT-002 (IOD-2),0,0.0,506.33398249284255
68412,XINZHENGCHENG-01,0,0.0,602.772486841357
68414,XINZHENGCHENG 01,0,0.0,601.9661589609696
68415,TIANSHI-01,0,0.0,601.6056748445571
68416,TRANSPORTER-16 OBJECT A,0,0.0,505.65421522222186
68417,JACK-002,0,0.0,505.9325224155564
68418,OPTISAT,0,0.0,507.75527556709767
68419,FEMTO-1,0,0.0,508.2486792265345
68420,ERMIS-2,0,0.0,503.9833634175248
68421,VIREON-2,0,0.0,508.35482956892974
68422,BRO-19,0,0.0,508.4757201056336
68423,SPOQC,0,0.0,508.0245004622775
68424,SPACEVAN-002,0,0.0,509.5047464997588
68425,ERMIS-3,0,0.0,507.8906673032434
68426,TRANSPORTER-16 OBJECT L,0,0.0,503.5757326306602
68427,EMISAR,0,0.0,505.41039573270336
68428,OUT OF THE BOX (OOTB),0,0.0,509.4873655584988
68429,TROOP-F3,0,0.0,503.82580399004746
68430,VEGAFLY-1,0,0.0,506.6600104974359
68431,DISCO-2,0,0.0,506.49150130092494
68432,NUSAT-53 (JANE GOODALL),0,0.0,508.8096245920424
68433,T.MICROSAT-2,0,0.0,512.3526528816001
68434,VIREON-1,0,0.0,509.0926914038191
68435,ION SCV-019 (ASTOUNDIN*),0,0.0,505.9246961698582
68436,HAWK-14B,0,0.0,510.0782641734104
68437,AIGLONSAT-1,0,0.0,503.0374212247089
68438,TRANSPORTER-16 OBJECT Y,0,0.0,501.92064060634857
68439,TRANSPORTER-16 OBJECT Z,0,0.0,503.15062212730845
68440,TRANSPORTER-16 OBJECT AA,1,1.0,498.7119466616005
68441,HAWK-14C,0,0.01,510.08096152663984
68442,NUSAT-54 (BRANCA MARQU*),0,0.02,511.2849280593064
68443,DB-WALI-WMU,0,0.02,511.7995246974515
68444,SHARJAH-SAT-2,0,0.0,507.4104358972572
68445,DB SKYFORGE CORE TU,0,0.01,512.6917977688272
68446,HADES-SA (SPINNYONE),0,0.02,503.6626843754657
68447,IRIDE-MS1-EAGLET 2-14,0,0.0,507.10633969146966
68448,HAWK-14A,0,0.0,510.0867765695493
68449,IRIDE-MS1-EAGLET 2-9,0,0.0,510.0231081124275
68450,IRIDE-MS1-EAGLET 2-13,0,0.0,507.71336318783415
68451,IRIDE-MS1-EAGLET 2-10,0,0.0,507.4666302778587
68452,IRIDE-MS1-EAGLET 2-16,0,0.0,509.8709357255912
68453,IRIDE-MS1-EAGLET 2-11,0,0.0,507.5496777686358
68454,AISSAT 4,0,0.01,510.7839569982052
68455,DB CHARMS ND,0,0.0,512.5353011919906
68456,PARUS-6U1,0,0.01,511.8597604851075
68457,TRANSPORTER-16 OBJECT AT,0,0.0,504.8134562341547
68458,SAL-E,0,0.0,510.54774621474553
68459,DB GME UT (DB-GLOBE MI*),0,0.0,511.9647428058252
68460,COSMO,0,0.0,509.3512816275861
68461,IRIDE-MS1-EAGLET 2-12,0,0.0,509.8599566579797
68462,IRIDE-MS1-EAGLET 2-15,0,0.0,508.0758604974171
68463,GARAI-B (UNAMUNO),0,0.0,514.1462682505844
68464,FGN-100-D3,0,0.0,511.5776769973845
68465,HOTSAT-2,0,0.0,512.443659251041
68466,DB-PFW,0,0.0,511.1741240299143
68467,TRANSPORTER-16 OBJECT BD,0,0.02,504.1133949798305
68468,ERMIS-1,0,0.0,510.460882286432
68470,LUNA-2,0,0.0,512.0202524548849
68471,LEMUR-2-DELOITTE-3,0,0.0,591.783315954598
68472,FLYLAB1,0,0.0,593.6506581230451
68473,VIGORIDE-7,1,1.0,496.4089798547938
68474,BLACK KITE-2,0,0.0,589.2365450824545
68475,UNICORN-2S,0,0.01,589.0896738042702
68476,LEMUR-2-JULIA-JOEL,0,0.0,588.3425712781645
68477,TRANSPORTER-16 OBJECT BP,0,0.01,590.0260793215894
68478,FOSSASAT-2E25,0,0.0,591.0413820583381
68479,LEMUR-2-PEGGY-2004,0,0.0,587.9883594431712
68480,LEMUR-2-IRINA,0,0.0,587.9043021338848
68481,TORO3,0,0.0,591.0890264558957
68482,LEMUR-2-SEJONG-3,0,0.0,587.8748498637287
68483,LEMUR-2-CLARA,0,0.0,588.4621688801526
68484,VINDLER 2.2,0,0.0,591.3252054863678
68485,CAPELLA-20 (ACADIA-10),0,0.0,594.8088632640402
68486,VINDLER 2.3,0,0.0,591.3298545374391
68487,AE1A,0,0.0,588.5078280992302
68488,VINDLER 2.1,0,0.0,591.3303683312351
68489,LEMUR-2-CARROLLEMO,0,0.0,591.9141521917818
68490,MIMIR 1,0,0.0,594.964772657534
68491,LEMUR-2-DELOITTE-2,0,0.0,591.8674218122642
68492,LEMUR-2-EMARCHIA,0,0.0,591.1598220172764
68493,LEMUR-2-POLO-11,0,0.0,591.1255278088083
68494,ICEYE-X71,0,0.0,589.5493588159479
68495,GRAVITAS,1,0.97,634.9611038284802
68496,ICEYE-X73,0,0.0,590.3129650669271
68497,ICEYE-X75,0,0.0,591.0226726231222
68498,IO-1,0,0.0,592.3271570935513
68499,SERT3,0,0.0,592.7166920822301
68500,ICEYE-X74,0,0.0,592.0456673444969
68501,TRANSPORTER-16 OBJECT CP,0,0.0,592.8227128887447
68502,ICEYE-X76,0,0.0,592.345828559528
68503,FLYLAB2,0,0.0,594.5733429602678
68504,ICEYE-X72,0,0.0,571.7534875143028
68505,GEMS2-AMETHYST,0,0.0,593.2794428967882
68506,AEPEX,0,0.0,506.5513191335695
68507,CAMOES,0,0.0,508.8319824479486
68508,STARLINK-37262,1,1.0,462.6732715703192
68509,STARLINK-36292,1,1.0,462.6917912752842
68510,STARLINK-37260,1,1.0,462.6752005146445
68511,STARLINK-37280,1,1.0,462.6773850680247
68512,STARLINK-37286,1,1.0,462.675274819152
68513,STARLINK-36250,1,1.0,462.673423151412
68514,STARLINK-37251,1,1.0,462.6869079578273
68515,STARLINK-36293,1,1.0,462.68213759222
68516,STARLINK-36290,1,1.0,462.68256855948766
68517,STARLINK-36298,1,1.0,462.66463146196656
68518,STARLINK-36857,1,1.0,462.69984891675176
68519,STARLINK-36326,1,1.0,462.6792159331535
68520,STARLINK-37126,1,1.0,462.7422537234015
68521,STARLINK-36347,1,1.0,462.6525020679619
68522,STARLINK-36322,1,1.0,462.67468632750297
68523,STARLINK-37208,1,1.0,462.6674342185843
68524,STARLINK-36302,1,1.0,462.7656365385792
68525,STARLINK-36311,1,1.0,462.69676376756615
68526,STARLINK-37178,1,1.0,462.6710424375861
68527,STARLINK-37248,1,1.0,462.6336140841295
68528,STARLINK-37241,1,1.0,462.6881325016175
68529,STARLINK-37244,1,1.0,462.6694969066239
68530,STARLINK-36285,1,1.0,462.69304257105614
68531,STARLINK-36294,1,1.0,462.6621705073039
68532,STARLINK-36249,1,1.0,462.7012607154684
68533,STARLINK-36252,1,1.0,462.69297718266535
68534,STARLINK-36299,1,1.0,462.64791900781984
68535,STARLINK-37234,1,1.0,463.4705258885624
68536,STARLINK-37173,1,1.0,462.6573734353733
68542,STARLINK-37326,1,1.0,462.6856061376029
68543,STARLINK-36308,1,1.0,462.6880790021205
68544,STARLINK-37263,1,1.0,462.6972868754683
68545,STARLINK-37289,1,1.0,462.6720083948821
68546,STARLINK-37290,1,1.0,462.76503911066266
68547,STARLINK-37245,1,1.0,462.693874787089
68548,STARLINK-37145,1,1.0,462.89458593569816
68549,STARLINK-36204,1,1.0,462.68509194850685
68550,STARLINK-36304,1,1.0,462.7000480546312
68551,STARLINK-37288,1,1.0,462.6938361484808
68552,STARLINK-37295,1,1.0,462.6702221171972
68553,STARLINK-37254,1,1.0,462.6863254080608
68554,STARLINK-37255,1,1.0,462.6778011736287
68555,STARLINK-37146,1,1.0,462.7139996311389
68556,STARLINK-37144,1,1.0,462.7054515327891
68557,STARLINK-37210,1,1.0,462.66897083186177
68558,STARLINK-37227,1,1.0,462.69827661966974
68559,STARLINK-37294,1,1.0,462.7087358302824
68560,STARLINK-37291,1,1.0,462.6907034509213
68561,STARLINK-37114,1,1.0,462.71330413117903
68562,STARLINK-37233,1,1.0,462.7567108007543
68563,STARLINK-36238,1,1.0,462.6840457374656
68564,STARLINK-37008,1,1.0,462.68262800325374
68565,STARLINK-37161,1,1.0,462.67980442577664
68566,STARLINK-37212,1,1.0,462.68489578390654
68567,STARLINK-37261,1,1.0,462.7017332966743
68568,STARLINK-37283,1,1.0,462.7740629611472
68569,STARLINK-37256,1,1.0,462.67385708948495
68570,STARLINK-37228,1,1.0,462.6871873439841
68571,MERIDIAN-M 21L,1,1.0,20177.954710248287
68573,KUIPER-00131,0,0.0,629.5049393981171
68574,KUIPER-00189,1,0.86,629.497622136184
68575,KUIPER-00192,0,0.0,629.504914144376
68576,KUIPER-00193,0,0.0,629.5219383741387
68577,KUIPER-00194,0,0.0,629.5158111547444
68578,KUIPER-00229,0,0.0,629.4002298731384
68579,KUIPER-00230,1,1.0,451.2218253060164
68580,KUIPER-00231,0,0.07,629.8440829326228
68581,KUIPER-00234,0,0.0,629.5593743656118
68582,KUIPER-00236,1,1.0,450.91212222798913
68583,KUIPER-00244,0,0.0,629.536904503173
68584,KUIPER-00253,0,0.0,629.565504837019
68585,KUIPER-00254,0,0.0,629.5113980498427
68586,KUIPER-00263,0,0.0,629.5103910547796
68587,KUIPER-00269,0,0.0,629.4921515641372
68588,KUIPER-00272,0,0.0,629.5240817992335
68589,KUIPER-00285,0,0.0,629.5561828639193
68590,KUIPER-00286,0,0.0,629.6058551641063
68591,KUIPER-00289,0,0.0,629.5548601753608
68592,KUIPER-00290,0,0.0,640.5760605068026
68593,KUIPER-00293,0,0.0,629.5788422889436
68594,KUIPER-00294,0,0.0,629.5304963006165
68595,KUIPER-00296,1,0.97,579.2995571139654
68596,KUIPER-00297,0,0.0,629.4461619319682
68597,KUIPER-00300,0,0.01,640.3239397535845
68598,KUIPER-00301,1,0.98,529.4256071030577
68599,KUIPER-00304,1,0.95,547.0783839528876
68600,KUIPER-00317,0,0.0,629.5484771858901
68601,KUIPER-00320,0,0.0,629.5096523815118
68602,STARLINK-37135,1,1.0,465.5620379225538
68603,STARLINK-37189,1,1.0,465.5494404596057
68604,STARLINK-37130,1,1.0,465.5562152334896
68605,STARLINK-37131,1,1.0,465.5380182942563
68606,STARLINK-37253,1,1.0,465.5648555491489
68607,STARLINK-37246,1,1.0,465.5650072904728
68608,STARLINK-37243,1,1.0,465.5388692275674
68609,STARLINK-37250,1,1.0,465.5624871954497
68610,STARLINK-37105,1,1.0,465.5653107731469
68611,STARLINK-37177,1,1.0,465.5094735028006
68612,STARLINK-36386,1,1.0,465.5769770296838
68613,STARLINK-36187,1,1.0,465.5461735785848
68614,STARLINK-37170,1,1.0,465.57822964523984
68615,STARLINK-37176,1,1.0,465.5376434076361
68616,STARLINK-37152,1,1.0,465.55663772763
68617,STARLINK-37186,1,1.0,465.6903574237567
68618,STARLINK-37179,1,1.0,465.6303847812387
68619,STARLINK-37226,1,1.0,465.5430524909798
68620,STARLINK-37211,1,1.0,465.5459891100109
68621,STARLINK-37269,1,1.0,465.5455457904218
68622,STARLINK-37252,1,1.0,465.5794138286437
68623,STARLINK-37284,1,1.0,465.5528977641661
68624,STARLINK-37231,1,1.0,465.5023477648265
68625,STARLINK-37249,1,1.0,465.5750222364841
68626,STARLINK-37285,1,1.0,465.5386312042374
68627,STP-S29A OBJECT A,1,1.0,490.81523078058126
68628,MISR-C-1,1,1.0,490.3628030762675
68629,RAWHIDE-1,1,1.0,491.3752214455262
68630,STPSAT-7,1,1.0,490.3295252775015
68631,STP-S29A OBJECT E,1,1.0,490.9507342824172
68632,RAWHIDE-2,1,1.0,489.6764625061151
68633,MISR-C-2,1,1.0,484.79031446690806
68634,AGGIESAT6 (AGS6),1,1.0,483.8855092262329
68635,CANVAS,1,1.0,486.7525170296667
68636,QIANFAN-109,0,0.0,1068.476017523889
68637,QIANFAN-110,0,0.0,1068.4869162285304
68638,QIANFAN-111,0,0.0,1068.4882794880514
68639,QIANFAN-112,0,0.0,1068.5162172592927
68640,QIANFAN-113,0,0.0,1068.4954375294235
68641,QIANFAN-114,0,0.0,1068.5011625050784
68642,QIANFAN-115,0,0.0,1068.5132298197104
68643,QIANFAN-116,0,0.0,1068.5107384517223
68644,QIANFAN-117,0,0.0,1068.5187453777871
68645,QIANFAN-118,0,0.0,1068.511829802931
68646,QIANFAN-119,0,0.0,1068.4889225352144
68647,QIANFAN-120,0,0.0,1068.4862805309067
68648,QIANFAN-121,0,0.0,1068.5158828716883
68649,QIANFAN-122,0,0.0,1068.5029152758189
68650,QIANFAN-123,0,0.0,1068.4833849850656
68651,QIANFAN-124,0,0.0,1068.504245471493
68652,QIANFAN-125,0,0.0,1068.515280239175
68653,QIANFAN-126,0,0.0,1068.4961650931136
68656,HULIANWANG DIGUI-164,0,0.0,1167.927803540604
68657,HULIANWANG DIGUI-165,0,0.0,1167.9181934576827
68658,HULIANWANG DIGUI-166,0,0.0,1167.9247040006348
68659,HULIANWANG DIGUI-167,0,0.0,1167.9168678004253
68660,HULIANWANG DIGUI-168,0,0.0,1167.924768574352
68662,STARLINK-37195,1,1.0,465.6006459074497
68663,STARLINK-37222,1,1.0,465.5416273244191
68664,STARLINK-37153,1,1.0,465.55612002355247
68665,STARLINK-37171,1,1.0,465.5428948002809
68666,STARLINK-37109,1,1.0,465.5408150690701
68667,STARLINK-36295,1,1.0,465.5470453415364
68668,STARLINK-37221,1,1.0,465.5421807293005
68669,STARLINK-37302,1,1.0,465.5576106545223
68670,STARLINK-37298,1,1.0,465.5182267311611
68671,STARLINK-37224,1,1.0,465.6186766417941
68672,STARLINK-37296,1,1.0,465.5485389428686
68673,STARLINK-37316,1,1.0,465.5488126706923
68674,STARLINK-36672,1,1.0,465.57932456857
68675,STARLINK-36669,1,1.0,465.5939394566931
68676,STARLINK-37312,1,1.0,465.5399343822255
68677,STARLINK-36168,1,1.0,465.55395399835743
68678,STARLINK-37122,1,1.0,465.6155346438982
68679,STARLINK-37310,1,1.0,465.548631177242
68680,STARLINK-37306,1,1.0,465.5042727535911
68681,STARLINK-37307,1,1.0,465.5358344316528
68682,STARLINK-37300,1,1.0,465.5519456660877
68683,STARLINK-37304,1,1.0,465.52991361401655
68684,STARLINK-37287,1,1.0,465.5428531461348
68685,STARLINK-36278,1,1.0,465.5376612593782
68686,STARLINK-37213,1,1.0,465.54453716424
68687,HJS-8A,0,0.0,1167.90543450554
68689,CYGNUS NG-24,1,1.0,418.5676010211937
68691,JILIN GAOFEN OBJECT A,0,0.0,540.2826410161151
68692,JILIN GAOFEN OBJECT B,0,0.0,538.9687440753069
68693,JILIN GAOFEN OBJECT C,0,0.0,539.07946813124
68694,JILIN GAOFEN OBJECT D,0,0.0,540.2270128434093
68695,JILIN GAOFEN OBJECT E,0,0.0,540.2941299811691
68696,JILIN GAOFEN OBJECT F,0,0.0,540.2109079073925
68697,JILIN GAOFEN OBJECT G,0,0.0,538.9835155828869
68698,JILIN GAOFEN OBJECT H,0,0.0,540.3582862416242
68699,STARLINK-37358,1,1.0,462.6981963701264
68700,STARLINK-37334,1,1.0,462.6764607193745
68701,STARLINK-36955,1,1.0,462.76006352203785
68702,STARLINK-36275,1,1.0,462.7085188584715
68703,STARLINK-36271,1,1.0,462.60183917212544
68704,STARLINK-37356,1,1.0,462.684310262378
68705,STARLINK-35369,1,1.0,462.67948640196937
68706,STARLINK-37319,1,1.0,462.6901119837576
68707,STARLINK-37112,1,1.0,462.6998548611655
68708,STARLINK-37340,1,1.0,462.68428945704727
68709,STARLINK-37303,1,1.0,462.7341157064675
68710,STARLINK-36859,1,1.0,462.6739759766415
68711,STARLINK-37320,1,1.0,462.6826369198188
68712,STARLINK-37318,1,1.0,462.6821286756567
68713,STARLINK-37305,1,1.0,462.6901684554914
68714,STARLINK-37225,1,1.0,462.6786423015774
68715,STARLINK-37322,1,1.0,462.68445887189137
68716,STARLINK-36337,1,1.0,462.67025183894566
68717,STARLINK-36685,1,1.0,462.6767936037404
68718,STARLINK-36684,1,1.0,462.6845955926501
68719,STARLINK-36686,1,1.0,462.7026546816514
68720,STARLINK-36681,1,1.0,462.69169022054393
68721,STARLINK-36680,1,1.0,462.7076866379857
68722,STARLINK-37271,1,1.0,462.6944513940607
68723,STARLINK-37273,1,1.0,462.69157430481664
68724,STARLINK-37274,1,1.0,462.69240057600473
68725,STARLINK-37275,1,1.0,462.6798222588877
68726,STARLINK-37272,1,1.0,462.6664742072453
68727,STARLINK-37270,1,1.0,462.6661740180107
68728,STARLINK-37242,1,1.0,465.5406752302615
68729,STARLINK-37264,1,1.0,465.47384797363793
68730,STARLINK-37230,1,1.0,465.55342141824894
68731,STARLINK-37202,1,1.0,465.55724766646745
68732,STARLINK-37167,1,1.0,465.511621641228
68733,STARLINK-37278,1,1.0,465.5589227674882
68734,STARLINK-37349,1,1.0,465.5272269356647
68735,STARLINK-37339,1,1.0,465.54872638691904
68736,STARLINK-37327,1,1.0,465.5729603328391
68737,STARLINK-37348,1,1.0,465.5470364156354
68738,STARLINK-37331,1,1.0,465.5352840033438
68739,STARLINK-37338,1,1.0,465.54845265910535
68740,STARLINK-37314,1,1.0,465.576997857017
68741,STARLINK-36314,1,1.0,465.5069504836438
68742,STARLINK-37351,1,1.0,465.5492827685375
68743,STARLINK-37354,1,1.0,465.551820703241
68744,STARLINK-37344,1,1.0,465.53890493106974
68745,STARLINK-37267,1,1.0,465.5707020592017
68746,STARLINK-37347,1,1.0,465.53242177791526
68747,STARLINK-37268,1,1.0,465.5555130602761
68748,STARLINK-37325,1,1.0,465.5321510270151
68749,STARLINK-37324,1,1.0,465.54304654038697
68750,STARLINK-37350,1,1.0,465.5714815948195
68751,STARLINK-37277,1,1.0,465.55922922480113
68752,STARLINK-37342,1,1.0,465.54141012791024
68753,SL-4 R/B,1,1.0,496.7594554505131
68754,COSMOS 2609,0,0.0,549.415897542719
68758,COSMOS 2610,0,0.0,546.2661805640564
68759,COSMOS 2611,0,0.0,547.2819647044334
68760,DAQI-2,0,0.0,701.0497933307915
68762,COSMOS 2612,0,0.0,544.7340712778387
68763,COSMOS 2613,0,0.0,549.3380261408784
68764,COSMOS 2614,0,0.0,548.5287016993962
68766,STARLINK-37168,1,1.0,465.5564740855252
68767,STARLINK-37174,1,1.0,465.5453940501757
68768,STARLINK-37279,1,1.0,465.5351054860776
68769,STARLINK-36379,1,1.0,465.5505800009878
68770,STARLINK-37417,1,1.0,465.52772678260135
68771,STARLINK-36759,1,1.0,465.5325348387378
68772,STARLINK-37399,1,1.0,465.52078843924846
68773,STARLINK-37281,1,1.0,465.5641325464831
68774,STARLINK-37381,1,1.0,465.53690256042046
68775,STARLINK-37418,1,1.0,465.552856109869
68776,STARLINK-37393,1,1.0,465.54252288828775
68777,STARLINK-37400,1,1.0,465.53342147377407
68778,STARLINK-37389,1,1.0,465.5330227855002
68779,STARLINK-37391,1,1.0,465.5823445360029
68780,STARLINK-37266,1,1.0,465.530434288421
68781,STARLINK-37236,1,1.0,465.5267032865913
68782,STARLINK-37390,1,1.0,465.5224397157672
68783,STARLINK-37364,1,1.0,465.5367835488387
68784,STARLINK-37401,1,1.0,465.4979027418485
68785,STARLINK-37335,1,1.0,465.53735480448
68786,STARLINK-37404,1,1.0,465.5311186035042
68787,STARLINK-37292,1,1.0,465.5276464500503
68788,STARLINK-37403,1,1.0,465.5341385177562
68789,STARLINK-37413,1,1.0,465.5351828435578
68790,STARLINK-37313,1,1.0,465.5263879070853
68791,NAVSTAR 86 (USA 585),0,0.01,20181.27105781581
68792,FSI-SAT2,0,0.0,544.7698523302734
68793,KAKUSHIN RISING OBJECT B,0,0.0,544.3084270491963
68794,KAKUSHIN RISING OBJECT C,0,0.0,543.5768915755862
68795,ORIGAMISAT-2,0,0.03,536.8705521898128
68796,ARICA-2,0,0.0,539.9059620642574
68797,WASEDA-SAT-ZERO-II,0,0.0,538.7836607753825
68798,MAGNARO-II,0,0.0,538.9269540312835
68799,KAKUSHIN RISING OBJECT H,0,0.0,538.823593914999
68802,STARLINK-37471,1,1.0,465.5338588408285
68803,STARLINK-37460,1,1.0,465.5462896152776
68804,STARLINK-37473,1,1.0,465.5080840568216
68805,STARLINK-36832,1,1.0,465.55909831099234
68806,STARLINK-37370,1,1.0,465.5572149380396
68807,STARLINK-37366,1,1.0,465.5427579366615
68808,STARLINK-37446,1,1.0,465.5447841139785
68809,STARLINK-37405,1,1.0,465.5346800199741
68810,STARLINK-37447,1,1.0,465.4452264963657
68811,STARLINK-37442,1,1.0,465.5611602041972
68812,STARLINK-37431,1,1.0,465.5408745749492
68813,STARLINK-37426,1,1.0,465.5851443314468
68814,STARLINK-37459,1,1.0,465.5131122479688
68815,STARLINK-37425,1,1.0,465.54360887144594
68816,STARLINK-37315,1,1.0,465.5323860744984
68817,STARLINK-37444,1,1.0,465.550770420482
68818,STARLINK-37450,1,1.0,465.5506424823825
68819,STARLINK-37409,1,1.0,465.5491667317201
68820,STARLINK-37470,1,1.0,465.56151129150567
68821,STARLINK-37421,1,1.0,465.593356287839
68822,STARLINK-37462,1,1.0,465.559449398037
68823,STARLINK-37410,1,1.0,465.5591518666406
68824,STARLINK-37443,1,1.0,465.5498480761808
68825,STARLINK-37015,1,1.0,465.5131777037722
68826,COSMOS 2615,1,1.0,315.5947836633013
68827,COSMOS 2616,1,1.0,317.14799057665914
68828,COSMOS 2617,1,1.0,317.2851692402419
68829,COSMOS 2618,1,1.0,317.78414117183274
68830,MARS-1,0,0.0,506.9135547837004
68831,HJS-9A,0,0.0,508.0149096551977
68832,HJS-9B,0,0.0,508.1324401373795
68833,HJS-9C,0,0.01,508.18200115820855
68834,HJS-9D,0,0.0,507.92462354304826
68835,PRSC-E03,0,0.02,545.683125340739
68836,BESSA,0,0.0,508.9436686551635
68837,PROGRESS-MS 34,1,1.0,418.5676010211937
68839,STARLINK-37475,1,1.0,465.53857467369926
68840,STARLINK-37452,1,1.0,465.54949103976014
68841,STARLINK-37495,1,1.0,465.5841981728354
68842,STARLINK-37524,1,1.0,465.5375422477646
68843,STARLINK-37219,1,1.0,465.5423979258712
68844,STARLINK-37538,1,1.0,465.54602481360416
68845,STARLINK-37539,1,1.0,465.5501515571759
68846,STARLINK-37547,1,1.0,465.52016958272
68847,STARLINK-37465,1,1.0,465.50010442568873
68848,STARLINK-37373,1,1.0,465.54520660635353
68849,STARLINK-37492,1,1.0,465.5279082746656
68850,STARLINK-37482,1,1.0,465.54222535873214
68851,STARLINK-37382,1,1.0,465.5231775837947
68852,STARLINK-37423,1,1.0,465.5364949457726
68853,STARLINK-37476,1,1.0,465.5386490559868
68854,STARLINK-37463,1,1.0,465.5350043262988
68855,STARLINK-37467,1,1.0,465.5327103805512
68856,STARLINK-37483,1,1.0,465.5450816438133
68857,STARLINK-37468,1,1.0,465.3863689456703
68858,STARLINK-37441,1,1.0,465.54010694922
68859,STARLINK-37488,1,1.0,465.54114532671065
68860,STARLINK-37388,1,1.0,465.544909076506
68861,STARLINK-37479,1,1.0,465.4588648012241
68862,STARLINK-37453,1,1.0,465.54062167497705
68863,STARLINK-37430,1,1.0,465.55932741016113
68864,KUIPER-00299,0,0.01,640.5391902717374
68865,KUIPER-00353,0,0.0,629.5263357119238
68866,KUIPER-00357,0,0.0,629.5495283893879
68867,KUIPER-00364,0,0.0,629.5153408020306
68868,KUIPER-00375,0,0.02,640.5632347821793
68869,KUIPER-00433,0,0.0,629.5616504041518
68870,KUIPER-00437,1,1.0,453.84688245482994
68871,KUIPER-00448,0,0.0,640.6688403808448
68872,KUIPER-00459,1,0.97,640.3389097516401
68873,KUIPER-00468,1,1.0,621.6177691987541
68874,KUIPER-00476,1,1.0,473.4272928253231
68875,KUIPER-00478,0,0.0,629.5980956835447
68876,KUIPER-00480,0,0.01,640.1773653806367
68877,KUIPER-00482,0,0.01,629.6053248165008
68878,KUIPER-00483,0,0.01,629.5980293902703
68879,KUIPER-00488,0,0.01,629.4847143811794
68880,KUIPER-00489,1,1.0,630.4723214285332
68881,KUIPER-00499,0,0.0,629.6245341970689
68882,KUIPER-00500,0,0.0,629.5118305211909
68883,KUIPER-00502,1,0.99,621.1082805325559
68884,KUIPER-00503,0,0.0,629.5487044730999
68885,KUIPER-00504,0,0.0,629.5370213030601
68886,KUIPER-00505,0,0.0,629.5487865490413
68887,KUIPER-00507,0,0.01,629.6560681722967
68888,KUIPER-00511,1,0.95,629.372391958459
68889,KUIPER-00512,0,0.0,629.576938738669
68890,KUIPER-00519,0,0.0,629.5640369319863
68891,KUIPER-00521,0,0.01,629.7157560861006
68892,KUIPER-00524,0,0.01,640.5075971058686
68893,VIASAT-3 F3,0,0.0,35786.74690415025
68895,STARLINK-37527,1,1.0,465.6171383715409
68896,STARLINK-37432,1,1.0,465.5890717857774
68897,STARLINK-37534,1,1.0,465.5635821124824
68898,STARLINK-37386,1,1.0,465.6010803098852
68899,STARLINK-37514,1,1.0,465.54939285475393
68900,STARLINK-36961,1,1.0,465.5493839288447
68901,STARLINK-37360,1,1.0,465.5557451344539
68902,STARLINK-37564,1,1.0,465.5489346580998
68903,STARLINK-37567,1,1.0,465.5397975187552
68904,STARLINK-37528,1,1.0,465.531814819893
68905,STARLINK-37494,1,1.0,465.5368847086829
68906,STARLINK-37541,1,1.0,465.5509519140742
68907,STARLINK-37551,1,1.0,465.5552482577105
68908,STARLINK-37566,1,1.0,465.5362182438921
68909,STARLINK-37544,1,1.0,465.5360516277197
68910,STARLINK-37493,1,1.0,465.50910754586766
68911,STARLINK-37543,1,1.0,465.5553047885933
68912,STARLINK-37477,1,1.0,465.5565930979628
68913,STARLINK-37504,1,1.0,465.5336297437916
68914,STARLINK-37540,1,1.0,465.5268341988504
68915,STARLINK-37516,1,1.0,465.5434779583848
68916,STARLINK-37507,1,1.0,465.49776885572646
68917,STARLINK-37542,1,1.0,465.5464830097717
68918,STARLINK-37529,1,1.0,465.5539599489739
68919,KUIPER-00370,0,0.03,633.1305379895584
68920,KUIPER-00380,1,0.97,551.5485495813227
68921,KUIPER-00386,1,0.97,640.0003392187582
68922,KUIPER-00388,1,0.95,629.5339750373296
68923,KUIPER-00405,0,0.0,629.6231893782997
68924,KUIPER-00408,1,0.99,570.9845809153348
68925,KUIPER-00409,0,0.01,629.6435795518337
68926,KUIPER-00410,0,0.08,618.9036930425946
68927,KUIPER-00412,1,1.0,579.2086555873993
68928,KUIPER-00413,0,0.01,629.5678850545564
68929,KUIPER-00414,0,0.0,629.5208019491283
68930,KUIPER-00415,1,1.0,607.9250735903133
68931,KUIPER-00416,1,1.0,519.6631386545596
68932,KUIPER-00420,1,0.99,513.9487931149624
68933,KUIPER-00421,1,1.0,564.4600441459515
68934,KUIPER-00425,0,0.03,629.8274861092386
68935,KUIPER-00430,0,0.0,629.5962615702429
68936,KUIPER-00431,0,0.0,629.5194950609348
68937,KUIPER-00432,1,0.99,621.5279312053517
68938,KUIPER-00434,0,0.0,640.0968042281293
68939,KUIPER-00436,0,0.0,629.505570741715
68940,KUIPER-00438,0,0.01,629.5832018343299
68941,KUIPER-00439,0,0.0,630.6204264976595
68942,KUIPER-00440,0,0.12,539.3551882673373
68943,KUIPER-00442,1,1.0,583.8149541464481
68944,KUIPER-00446,1,0.99,622.5386457559598
68945,KUIPER-00451,0,0.02,629.6405268565586
68946,KUIPER-00452,1,0.99,597.4053999180842
68947,KUIPER-00453,1,1.0,567.8880635071846
68948,KUIPER-00454,0,0.04,640.5127722886491
68949,KUIPER-00455,0,0.0,629.5568205326126
68950,KUIPER-00458,1,0.99,569.4060310311552
68951,STARLINK-37258,1,1.0,462.70893496880944
68952,STARLINK-37308,1,1.0,462.71481402020527
68953,STARLINK-37337,1,1.0,462.70780849882703
68954,STARLINK-37301,1,1.0,462.7012042435053
68955,STARLINK-36794,1,1.0,462.84180223555904
68956,STARLINK-36760,1,1.0,462.70665825159085
68957,STARLINK-37047,1,1.0,462.75893108646414
68958,STARLINK-36242,1,1.0,462.7235464262285
68959,STARLINK-37033,1,1.0,462.68720220495015
68960,STARLINK-36978,1,1.0,462.7025833486096
68961,STARLINK-36965,1,1.0,462.6896572377336
68962,STARLINK-36765,1,1.0,462.7002828590166
68963,STARLINK-36764,1,1.0,462.7468874699353
68964,STARLINK-36731,1,1.0,462.7001936927909
68965,STARLINK-36664,1,1.0,462.75568239593485
68966,STARLINK-36402,1,1.0,462.701245854425
68967,STARLINK-36671,1,1.0,464.06980261726585
68968,STARLINK-36665,1,1.0,462.7006484405665
68969,STARLINK-36303,1,1.0,462.69458514311737
68970,STARLINK-37257,1,1.0,462.70321345720913
68971,STARLINK-37367,1,1.0,462.7025655153502
68972,STARLINK-37259,1,1.0,462.7227914792029
68973,STARLINK-37387,1,1.0,462.7281979745103
68974,STARLINK-37362,1,1.0,462.7032580403693
68975,STARLINK-36667,1,1.0,462.72442620727816
68976,STARLINK-36735,1,1.0,462.7092767737777
68977,STARLINK-37371,1,1.0,462.69142272271984
68978,STARLINK-37293,1,1.0,462.69942091896974
68979,STARLINK-36248,1,1.0,462.70122802117385
68980,PEARL-1B,0,0.0,595.600345208828
68981,IRIDE-MS2-HEO-7,0,0.0,594.3957899367642
68982,IRIDE-MS2-HEO-10,0,0.0,593.9206375221929
68983,IRIDE-MS2-HEO-11,0,0.0,594.1937632767185
68984,IRIDE-MS2-HEO-12,0,0.0,594.7939696260228
68985,IRIDE-MS2-HEO-13,0,0.0,592.6125320454821
68986,IRIDE-MS2-HEO-14,0,0.0,592.7281195792057
68987,IRIDE-MS2-HEO-15,0,0.0,591.9038523800837
68988,FOREST-17 (TELPERION),0,0.0,590.0218401741513
68989,CAS500-2 RIDESHARE OBJE*,0,0.0,594.6974170070298
68990,PEARL-1A,0,0.0,594.4910976103974
68991,YAM-11,0,0.0,596.2539866462866
68992,YAM-16,0,0.0,593.024366054221
68993,YAM-13,0,0.0,596.722551202206
68994,NULINK-2,0,0.0,589.544454445203
68995,ICEYE-X78,0,0.0,592.1763040844526
68996,ICEYE-X82,0,0.0,593.2024456325717
68997,YAM-15,0,0.0,596.3300075715924
68998,FOREST-16 (SOWITASGOHT),0,0.0,590.6843614429417
68999,FOREST-18 (MANGOSHRIKH*),0,0.0,589.0007203015775
69000,GEMINI-POLLUX,0,0.0,590.4547644934473
69001,FOREST-19 (PATADASTRA),0,0.0,588.9665584307932
69002,NULINK-1,0,0.0,589.1978312739493
69003,YAM-12,0,0.0,596.6154149134163
69004,GEN1A-1,0,0.0,504.5849304706926
69005,GEN1A-2,0,0.0,504.000199737292
69006,JEN-1,0,0.0,504.4868893167459
69007,BRO-21,0,0.01,500.6130869458093
69008,YAM-14,0,0.0,596.471261635772
69009,CAS500-2 RIDESHARE OBJE*,0,0.0,502.2481002834784
69010,DRISHTI,0,0.0,503.7998180053237
69011,EYCORE-1,0,0.0,502.6933437974421
69012,JACKAL-004,0,0.0,502.7524850288919
69013,CAS500-2,0,0.0,504.79007764836297
69014,CAS500-2 RIDESHARE OBJE*,0,0.01,501.19679099791847
69015,FRONTIERSAT,1,1.0,498.4443507108836
69016,RAVEN,0,0.0,501.0443701854965
69017,PELICAN-7,1,1.0,493.70530811147455
69018,EDDA-1,1,1.0,490.2702393137397
69019,PELICAN-9,1,1.0,492.1022611833614
69020,SELENE,0,0.0,504.7071314481637
69021,HELIOS,0,0.01,503.932209395949
69022,HYDRA-3,0,0.01,504.819749109708
69023,QUBE-II,0,0.0,503.04947404899394
69024,BALKAN-2,0,0.0,504.1438979938976
69025,STARLINK-37592,1,1.0,465.5545579859791
69026,STARLINK-37637,1,1.0,465.54265975189537
69027,STARLINK-37548,1,1.0,465.5341890976288
69028,STARLINK-37634,1,1.0,465.5699731043405
69029,STARLINK-37635,1,1.0,465.5608210181954
69030,STARLINK-37615,1,1.0,465.54551306213216
69031,STARLINK-37240,1,1.0,465.5460337395034
69032,STARLINK-37596,1,1.0,465.5528739617103
69033,STARLINK-37591,1,1.0,465.5525615544948
69034,STARLINK-37611,1,1.0,465.5166914926194
69035,STARLINK-37512,1,1.0,465.5485419181714
69036,STARLINK-37609,1,1.0,465.5096847462555
69037,STARLINK-37608,1,1.0,465.5483782765514
69038,STARLINK-37466,1,1.0,465.5462598622789
69039,STARLINK-37612,1,1.0,465.5564740855252
69040,STARLINK-37616,1,1.0,465.5457243083674
69041,STARLINK-37614,1,1.0,465.5443437698814
69042,STARLINK-37644,1,1.0,465.50697131044217
69043,STARLINK-37571,1,1.0,465.5422432105033
69044,STARLINK-37664,1,1.0,465.5414220290877
69045,STARLINK-37667,1,1.0,465.53723579287816
69046,STARLINK-37666,1,1.0,465.5571732836752
69047,STARLINK-37576,1,1.0,465.56283530760993
69048,STARLINK-37663,1,1.0,465.4526585310341
69049,TIANZHOU-10,1,1.0,390.9280654475178
69073,QIANFAN-127,0,0.0,1068.5098639012112
69074,QIANFAN-128,0,0.0,1068.4839582147306
69075,QIANFAN-129,0,0.0,1068.51569914225
69076,QIANFAN-130,0,0.0,1068.4856191115578
69077,QIANFAN-131,0,0.0,1068.5154382464689
69078,QIANFAN-132,0,0.0,1068.4910207072026
69079,QIANFAN-133,0,0.0,1068.5162907510794
69080,QIANFAN-134,0,0.0,1068.5039184343805
69081,QIANFAN-135,0,0.0,1068.4915130980398
69082,QIANFAN-136,0,0.0,1068.5269323808934
69083,QIANFAN-137,0,0.0,1068.5297948976113
69084,QIANFAN-138,0,0.0,1068.5137773330143
69085,QIANFAN-139,0,0.0,1068.5091253104338
69086,QIANFAN-140,0,0.0,1068.4811765820732
69087,QIANFAN-141,0,0.0,1068.5046606984415
69088,QIANFAN-142,0,0.0,1068.4964590582897
69089,QIANFAN-143,0,0.0,1068.5090407950838
69090,QIANFAN-144,0,0.0,1068.4944049772191
69095,ZHUQUE-2E R/B,1,1.0,469.4410123716243
69097,2026-106A,0,0.0,530.79695214818
69098,2026-106B,0,0.0,536.2040234612259
69099,2026-106C,0,0.0,530.6658820020803
69100,2026-106D,0,0.0,528.5542342573526
69101,2026-106E,0,0.0,529.9816219738796
69104,QIANFAN-145,1,0.99,1079.6810061441902
69105,QIANFAN-146,1,0.98,1052.0098580094727
69106,QIANFAN-147,0,0.01,1068.5102460577064
69107,QIANFAN-148,1,0.99,1080.4635354733227
69108,QIANFAN-149,0,0.0,1068.4429835953124
69109,QIANFAN-150,1,1.0,1078.2183991237807
69110,QIANFAN-151,1,1.0,1079.1317096905468
69111,QIANFAN-152,1,0.99,1081.4471996910715
69112,QIANFAN-153,0,0.0,1068.4585414644216
69113,QIANFAN-154,1,0.99,1080.4808570015684
69114,QIANFAN-155,1,1.0,1078.5236406152808
69115,QIANFAN-156,0,0.01,1072.6244576740146
69116,QIANFAN-157,1,0.97,1084.604410600833
69117,QIANFAN-158,0,0.01,1072.510136527114
69118,QIANFAN-159,1,0.95,1079.1575605722246
69119,QIANFAN-160,0,0.01,1068.4708952199744
69120,QIANFAN-161,1,0.95,1066.7377106656104
69121,QIANFAN-162,1,0.92,1069.3949852598016
69123,SMILE,1,1.0,63006.38412801128
69124,STARLINK-37726,1,1.0,465.52776248595546
69125,STARLINK-37722,1,1.0,465.5583872111001
69126,STARLINK-37715,1,1.0,465.5549775045538
69127,STARLINK-37706,1,1.0,465.57216592016175
69128,STARLINK-37723,1,1.0,465.56819683555295
69129,STARLINK-37720,1,1.0,465.5670721634488
69130,STARLINK-37533,1,1.0,465.5692768782456
69131,STARLINK-37530,1,1.0,465.5661170851208
69132,STARLINK-37660,1,1.0,465.5586282114618
69133,STARLINK-37633,1,1.0,465.5558373690683
69134,STARLINK-37361,1,1.0,465.5472476619889
69135,STARLINK-37372,1,1.0,465.54626878817817
69136,STARLINK-37531,1,1.0,465.5370662013547
69137,STARLINK-37662,1,1.0,465.5480420674349
69138,STARLINK-37658,1,1.0,465.473937230272
69139,STARLINK-37659,1,1.0,465.537771345128
69140,STARLINK-37653,1,1.0,465.5518564069107
69141,STARLINK-37654,1,1.0,465.5264652643191
69142,STARLINK-37655,1,1.0,465.6280252970119
69143,STARLINK-37636,1,1.0,465.4041394310361
69144,STARLINK-37638,1,1.0,465.4566423241377
69145,STARLINK-37657,1,1.0,465.5433589465165
69146,STARLINK-37639,1,1.0,465.5472565878909
69147,STARLINK-37661,1,1.0,465.54023191153374
69148,STARLINK-37395,1,1.0,462.70099916112486
69149,STARLINK-37346,1,1.0,462.726197659169
69150,STARLINK-37332,1,1.0,462.71646360464
69151,STARLINK-37297,1,1.0,462.67434749903714
69152,STARLINK-37317,1,1.0,462.7067890290309
69153,STARLINK-37374,1,1.0,462.7233591755694
69154,STARLINK-37235,1,1.0,462.7201967219171
69155,STARLINK-37329,1,1.0,462.73003481811793
69156,STARLINK-37345,1,1.0,462.7050473118316
69157,STARLINK-37353,1,1.0,462.7160891043041
69158,STARLINK-37363,1,1.0,462.6878650041399
69159,STARLINK-37343,1,1.0,462.7108282716472
69160,STARLINK-37328,1,1.0,462.6944870604739
69161,STARLINK-37311,1,1.0,462.69894833816215
69162,STARLINK-36286,1,1.0,462.6961485214688
69163,STARLINK-37196,1,1.0,462.7172007165655
69164,STARLINK-36288,1,1.0,462.6847025915104
69165,STARLINK-37445,1,1.0,462.6933665408387
69166,STARLINK-37491,1,1.0,462.6765171908273
69167,STARLINK-37474,1,1.0,462.7048125070396
69168,STARLINK-37469,1,1.0,462.6940768967352
69169,STARLINK-37515,1,1.0,462.695869134397
69170,STARLINK-37437,1,1.0,462.7066136683752
69171,STARLINK-37392,1,1.0,462.6899812071151
69172,STARLINK-37472,1,1.0,462.84297334613984
69173,STARLINK-37461,1,1.0,462.70989499504594
69174,STARLINK-37333,1,1.0,462.7010259110002
69175,STARLINK-37385,1,1.0,462.7068098345326
69176,STARLINK-37414,1,1.0,462.7033115401628
69177,STRIX-7,0,0.0,561.4618314444997
69180,SHENZHOU-23 (SZ-23),1,1.0,390.9280654475178
69182,STARLINK-37380,1,1.0,462.68488686733417
69183,STARLINK-37089,1,1.0,462.6445842568219
69184,STARLINK-37428,1,1.0,462.67948640196937
69185,STARLINK-37237,1,1.0,462.6938420928837
69186,STARLINK-37365,1,1.0,462.66084492153095
69187,STARLINK-37209,1,1.0,462.7100852170015
69188,STARLINK-37359,1,1.0,462.6830351930894
69189,STARLINK-37440,1,1.0,462.6848274235181
69190,STARLINK-37282,1,1.0,462.7901995584798
69191,STARLINK-37422,1,1.0,462.6889260776197
69192,STARLINK-37424,1,1.0,462.66225372795634
69193,STARLINK-36666,1,1.0,462.73279603032734
69194,STARLINK-37355,1,1.0,462.6822029803525
69195,STARLINK-37166,1,1.0,462.68872396835377
69196,STARLINK-36933,1,1.0,462.6833561894964
69197,STARLINK-37419,1,1.0,462.6934022072392
69198,STARLINK-37321,1,1.0,462.6591329552039
69199,STARLINK-37406,1,1.0,462.65786086980825
69200,STARLINK-37761,1,1.0,462.6582145570437
69201,STARLINK-37754,1,1.0,462.6814955997261
69202,STARLINK-37649,1,1.0,462.681427239424
69203,STARLINK-37604,1,1.0,462.8125989421196
69204,STARLINK-37669,1,1.0,462.7072972777733
69205,STARLINK-37691,1,1.0,462.7087120525503
69206,STARLINK-37671,1,1.0,462.6941630905594
69207,STARLINK-37647,1,1.0,462.6847798684676
69208,STARLINK-37562,1,1.0,462.6737055083695
69209,STARLINK-37682,1,1.0,462.6882959723098
69210,STARLINK-37402,1,1.0,462.7109025771224
69211,STARLINK-37613,1,1.0,465.3954639210069
69212,STARLINK-37713,1,1.0,465.5352036705736
69213,STARLINK-37716,1,1.0,465.53380231038864
69214,STARLINK-37620,1,1.0,465.5345431567657
69215,STARLINK-37700,1,1.0,465.5351054860776
69216,STARLINK-37766,1,1.0,465.5273578479482
69217,STARLINK-37763,1,1.0,465.552781727195
69218,STARLINK-37724,1,1.0,465.5221511142127
69219,STARLINK-37758,1,1.0,465.575566722121
69220,STARLINK-37201,1,1.0,465.6087805507823
69221,STARLINK-37728,1,1.0,465.5618117984759
69222,STARLINK-37760,1,1.0,465.5359355914634
69223,STARLINK-37759,1,1.0,465.59282965076727
69224,STARLINK-37725,1,1.0,465.547140551158
69225,STARLINK-37770,1,1.0,465.54155591734616
69226,STARLINK-37736,1,1.0,465.6117529447747
69227,STARLINK-37737,1,1.0,465.5248734909019
69228,STARLINK-37618,1,1.0,465.5380331707111
69229,STARLINK-37679,1,1.0,465.5730436420472
69230,STARLINK-37746,1,1.0,465.53177614119977
69231,STARLINK-37557,1,1.0,465.5457064565735
69232,STARLINK-37745,1,1.0,465.54136847378777
69233,STARLINK-37739,1,1.0,465.53888707931856
69234,STARLINK-37755,1,1.0,465.5276315736537
69235,TJS-24,0,0.0,35785.98496043093
69238,STARLINK-37665,1,1.0,462.6723828891864
69239,STARLINK-37558,1,1.0,465.16855673547343
69240,STARLINK-37680,1,1.0,465.15555352525735
69241,STARLINK-37742,1,1.0,465.1752740437405
69242,STARLINK-37718,1,1.0,465.0697059240383
69243,STARLINK-37735,1,1.0,462.6531737752175
69244,STARLINK-37757,1,1.0,462.67144070916765
69245,STARLINK-37767,1,1.0,462.64610599652406
69246,STARLINK-35759,1,1.0,462.6935389284463
69247,STARLINK-37238,1,1.0,462.6515866441814
69248,STARLINK-37412,1,1.0,462.6669348937585
69249,STARLINK-37398,1,1.0,462.6728584375833
69250,STARLINK-37499,1,1.0,462.5300519959264
69251,STARLINK-37489,1,1.0,462.66089842049496
69252,STARLINK-37434,1,1.0,462.6894967391554
69253,STARLINK-37368,1,1.0,465.1905412556344
69254,STARLINK-37517,1,1.0,462.65850880108064
69255,STARLINK-37378,1,1.0,462.6567195600492
69256,STARLINK-37396,1,1.0,462.693351679839
69257,STARLINK-37508,1,1.0,462.688732884938
69258,STARLINK-37276,1,1.0,462.6732269876484
69259,STARLINK-37518,1,1.0,462.6528498101925
69260,STARLINK-37478,1,1.0,462.68444103874936
69261,STARLINK-37506,1,1.0,462.6497884912178
69262,STARLINK-37503,1,1.0,462.6638260043392
69263,STARLINK-37502,1,1.0,462.6794269582715
69264,STARLINK-37486,1,1.0,462.67309621181175
69265,STARLINK-37435,1,1.0,462.6713158777711
69266,STARLINK-37464,1,1.0,462.6649435397094
69267,KUIPER-00282,1,0.96,630.4814159279804
69268,KUIPER-00383,1,1.0,616.3911918506719
69269,KUIPER-00527,1,0.99,617.662907271505
69270,KUIPER-00562,1,1.0,523.8599714813508
69271,KUIPER-00570,0,0.0,629.5498440661913
69272,KUIPER-00572,1,1.0,616.6729653454977
69273,KUIPER-00581,0,0.04,629.5483067204959
69274,KUIPER-00584,0,0.0,629.5882621985538
69275,KUIPER-00587,0,0.11,593.8761393783543
69276,KUIPER-00590,0,0.01,632.9724707230744
69277,KUIPER-00592,1,0.98,640.1266943513738
69278,KUIPER-00593,1,1.0,453.8396803830019
69279,KUIPER-00594,1,1.0,478.68060353533656
69280,KUIPER-00595,1,1.0,452.10084237089086
69281,KUIPER-00596,0,0.01,629.5975874351598
69282,KUIPER-00597,1,1.0,451.5478884498316
69283,KUIPER-00599,1,1.0,585.4101981178565
69284,KUIPER-00600,1,1.0,452.2668276522554
69285,KUIPER-00601,0,0.02,640.4281039476637
69286,KUIPER-00602,0,0.01,555.1263349210049
69287,KUIPER-00603,1,1.0,605.7588324014123
69288,KUIPER-00605,0,0.0,629.5011639663662
69289,KUIPER-00606,1,1.0,596.1105164414348
69290,KUIPER-00607,1,1.0,451.6262732501482
69291,KUIPER-00608,1,1.0,471.2612039346832
69292,KUIPER-00610,0,0.01,562.6063242585915
69293,KUIPER-00613,0,0.01,629.4433146338115
69294,KUIPER-00618,1,1.0,526.6573617166632
69295,KUIPER-00620,0,0.03,563.5905332089733
69296,STARLINK-37501,1,1.0,465.53172853665455
69297,STARLINK-37496,1,1.0,465.550002791977
69298,STARLINK-37519,1,1.0,465.5284378745282
69299,STARLINK-37455,1,1.0,465.54631341767526
69300,STARLINK-37456,1,1.0,465.5284854790161
69301,STARLINK-37630,1,1.0,465.5256708651341
69302,STARLINK-37804,1,1.0,465.5648823270276
69303,STARLINK-37730,1,1.0,465.5486906832885
69304,STARLINK-37731,1,1.0,465.62469286373744
69305,STARLINK-37734,1,1.0,465.6487697853727
69306,STARLINK-37701,1,1.0,465.5427638872534
69307,STARLINK-37732,1,1.0,465.4959242031509
69308,STARLINK-37689,1,1.0,465.5364473411464
69309,STARLINK-37619,1,1.0,465.4868169930951
69310,STARLINK-37794,1,1.0,465.54141607850033
69311,STARLINK-37795,1,1.0,465.7839014206711
69312,STARLINK-37790,1,1.0,465.5320617684838
69313,STARLINK-37676,1,1.0,465.593728206737
69314,STARLINK-37617,1,1.0,465.5388573264008
69315,STARLINK-37627,1,1.0,465.5802647748224
69316,STARLINK-37738,1,1.0,465.5540492082191
69317,STARLINK-37799,1,1.0,465.52994336683696
69318,STARLINK-37802,1,1.0,465.5380272201282
69319,STARLINK-37803,1,1.0,465.5941090517399
69320,GUOWANG TEST OBJECT A,1,1.0,464.9676876811309
69321,GUOWANG TEST OBJECT B,1,1.0,454.3525443752951
69322,GUOWANG TEST OBJECT C,1,1.0,452.6603905370821
69323,GUOWANG TEST OBJECT D,1,1.0,475.5015827535299
69325,QIANFAN-163,0,0.0,1068.4795597822504
69326,QIANFAN-164,0,0.0,1068.471615428601
69328,SZ-22 MODULE,1,1.0,381.5626148939055
69329,STARLINK-37733,1,1.0,465.55775049419753
69330,STARLINK-37772,1,1.0,465.5428828990962
69331,STARLINK-37768,1,1.0,465.5429543062037
69332,STARLINK-37833,1,1.0,465.5389436098631
69333,STARLINK-37818,1,1.0,465.5248586145199
69334,STARLINK-37868,1,1.0,465.4814883520612
69335,STARLINK-37877,1,1.0,465.5302646973186
69336,STARLINK-37791,1,1.0,465.5344925768859
69337,STARLINK-37765,1,1.0,465.56283530760993
69338,STARLINK-37788,1,1.0,465.5026988445943
69339,STARLINK-37743,1,1.0,465.5356588896411
69340,STARLINK-37780,1,1.0,465.5345193544699
69341,STARLINK-37781,1,1.0,465.5400117398431
69342,STARLINK-37782,1,1.0,465.51680455279165
69343,STARLINK-37776,1,1.0,465.5219160676097
69344,STARLINK-37786,1,1.0,465.5556677763916
69345,STARLINK-37785,1,1.0,465.5341325671825
69346,STARLINK-37773,1,1.0,465.5320201145023
69347,STARLINK-37744,1,1.0,465.53147563752736
69348,STARLINK-37775,1,1.0,465.55938096581485
69349,STARLINK-37777,1,1.0,465.57049378636384
69350,STARLINK-37779,1,1.0,465.5382116881683
69351,STARLINK-37549,1,1.0,465.5390893991671
69352,STARLINK-37778,1,1.0,465.53497754871023
69353,STARLINK-37651,1,1.0,418.6500352171088
69354,STARLINK-37652,1,1.0,446.92380544526986
69355,STARLINK-37593,1,1.0,418.70690448330697
69356,STARLINK-37597,1,1.0,418.6488302858961
69357,STARLINK-37598,1,1.0,418.6210117312403
69358,STARLINK-37602,1,1.0,418.6997215471238
69359,STARLINK-37600,1,1.0,418.6858909388429
69360,STARLINK-37599,1,1.0,418.64559569163976
69361,STARLINK-37039,1,1.0,418.7186996309984
69362,STARLINK-37040,1,1.0,449.24621955578
69363,STARLINK-37582,1,1.0,418.6823872349096
69364,STARLINK-37309,1,1.0,423.4854401134089
69365,STARLINK-37436,1,1.0,418.7285967148128
69366,STARLINK-37581,1,1.0,421.2135036994405
69367,STARLINK-37683,1,1.0,424.15342168464485
69368,STARLINK-37687,1,1.0,428.086721780528
69369,STARLINK-37631,1,1.0,444.7182972898827
69370,STARLINK-37673,1,1.0,418.69163784196553
69371,STARLINK-37645,1,1.0,459.7710735545452
69372,STARLINK-37688,1,1.0,435.4312089348914
69373,STARLINK-37685,1,1.0,465.30056765610334
69374,STARLINK-37632,1,1.0,465.16722993517214
69375,STARLINK-37454,1,1.0,459.7761476261248
69376,STARLINK-37485,1,1.0,441.1151300761512
69377,STARLINK-37439,1,1.0,437.9886141162533
69378,STARLINK-37376,1,1.0,423.6760182540993
69379,STARLINK-37383,1,1.0,454.1681331233413
69380,STARLINK-37411,1,1.0,459.834088906141
69381,STARLINK-37427,1,1.0,439.39506132968745
69382,QIANFAN-165,0,0.0,1043.521390141189
69383,QIANFAN-166,0,0.01,1045.6786482966118
69384,QIANFAN-167,0,0.01,1047.4060472910587
69385,QIANFAN-168,0,0.0,1043.530179077683
69386,QIANFAN-169,0,0.0,1044.5272764600404
69387,QIANFAN-170,0,0.0,1043.5370404421274
69388,QIANFAN-171,0,0.0,1043.5419013440078
69389,QIANFAN-172,0,0.0,1043.3263458500478
69390,QIANFAN-173,0,0.0,1043.5223375377373
69391,QIANFAN-174,0,0.01,1030.2311544038755
69392,QIANFAN-175,0,0.0,1043.5200455673794
69393,QIANFAN-176,0,0.0,1043.5087023442693
69394,QIANFAN-177,0,0.0,1043.0568670207876
69395,QIANFAN-178,0,0.0,1020.420771816981
69396,QIANFAN-179,0,0.0,1018.1778516049762
69397,QIANFAN-180,0,0.01,1037.9776192565305
69398,QIANFAN-181,0,0.0,1043.5120947395717
69399,QIANFAN-182,0,0.0,1043.5784676788808
69401,QIANFAN-183,1,0.97,1045.0016031828682
69402,QIANFAN-184,0,0.02,1043.561009794058
69403,QIANFAN-185,1,0.98,1006.4394655947062
69404,QIANFAN-186,0,0.02,1043.539084643522
69405,QIANFAN-187,1,1.0,1044.937400345009
69406,QIANFAN-188,1,1.0,1051.951883736113
69407,QIANFAN-189,1,1.0,1055.282393449672
69408,QIANFAN-190,0,0.0,1043.539339713314
69409,QIANFAN-191,1,1.0,1052.3561229920415
69410,QIANFAN-192,1,1.0,1057.0710425993475
69411,QIANFAN-193,1,1.0,1053.412928077064
69412,QIANFAN-194,1,0.99,1049.25167859899
69413,QIANFAN-195,1,0.99,1041.1866048202246
69414,QIANFAN-196,1,1.0,1046.776182892656
69415,QIANFAN-197,1,0.98,1035.783896790016
69416,QIANFAN-198,1,0.99,1044.6879225568882
69417,QIANFAN-199,1,0.97,1025.371737029128
69418,QIANFAN-200,0,0.0,1043.4945425062788
69420,STARLINK-37537,1,1.0,455.0078372882272
69421,STARLINK-37585,1,1.0,455.0482527688655
69422,STARLINK-37573,1,1.0,465.426402534059
69423,STARLINK-37820,1,1.0,455.6620659414484
69424,STARLINK-37822,1,1.0,455.0329235062445
69425,STARLINK-37836,1,1.0,465.4483623484057
69426,STARLINK-37850,1,1.0,460.7882701529479
69427,STARLINK-37823,1,1.0,455.05659616816047
69428,STARLINK-37834,1,1.0,465.5435939949612
69429,STARLINK-37857,1,1.0,455.0042362018694
69430,STARLINK-37866,1,1.0,465.5562182088006
69431,STARLINK-37555,1,1.0,455.04226569163984
69432,STARLINK-37870,1,1.0,465.4438846860121
69433,STARLINK-37872,1,1.0,454.9381815607048
69434,STARLINK-37815,1,1.0,465.5281076184219
69435,STARLINK-37801,1,1.0,454.94948841816586
69436,STARLINK-37800,1,1.0,455.0808884981288
69437,STARLINK-37792,1,1.0,455.0313407914491
69438,STARLINK-37783,1,1.0,454.991533148288
69439,STARLINK-37771,1,1.0,454.9962308408785
69440,STARLINK-37747,1,1.0,454.9628996269112
69443,STARLINK-37629,1,1.0,459.69259439393136
69444,STARLINK-37509,1,1.0,459.7749036018549
69445,STARLINK-37641,1,1.0,463.3028988962624
69446,STARLINK-37522,1,1.0,459.7631729855293
69447,STARLINK-37640,1,1.0,459.6796884350124
69448,STARLINK-37572,1,1.0,459.6545179822624
69449,STARLINK-37643,1,1.0,459.83734897466456
69450,STARLINK-37601,1,1.0,459.6363008705503
69451,STARLINK-37578,1,1.0,459.7614539244951
69452,STARLINK-37577,1,1.0,459.6825297002442
69453,STARLINK-37500,1,1.0,459.6592622890921
69454,STARLINK-37575,1,1.0,459.7380017644946
69455,STARLINK-37642,1,1.0,462.9138472759169
69456,STARLINK-37513,1,1.0,459.66617094085086
69457,STARLINK-37563,1,1.0,459.73445085363073
69458,STARLINK-37565,1,1.0,462.1496506274243
69459,STARLINK-37498,1,1.0,458.78953503769935
69460,STARLINK-37384,1,1.0,462.6705728338548
69461,STARLINK-37707,1,1.0,459.677841762642
69462,STARLINK-37525,1,1.0,459.6719632961913
69463,STARLINK-37526,1,1.0,459.6677029003731
69464,STARLINK-37574,1,1.0,459.7017951595908
69465,STARLINK-37535,1,1.0,459.6591643152124
69466,STARLINK-37583,1,1.0,459.775565695848
69467,STARLINK-37546,1,1.0,459.6798784463881
69468,STARLINK-37532,1,1.0,459.6501358888973
69469,STARLINK-37708,1,1.0,459.69482703896665
69470,STARLINK-37686,1,1.0,459.68714045355046
69471,STARLINK-37451,1,1.0,459.7907849947778
69472,DTC TEST OBJECT A,1,1.0,403.2184299397168
69473,DTC TEST OBJECT B,1,1.0,399.9786021469481
69474,TJS-25,0,0.0,35786.701489321495
69478,STARLINK-37816,1,1.0,465.524117770764
69479,STARLINK-37878,1,1.0,465.529336409365
69480,STARLINK-37817,1,1.0,465.6030708260323
69481,STARLINK-37727,1,1.0,465.5265604732258
69482,STARLINK-37814,1,1.0,465.4898755365757
69483,STARLINK-37869,1,1.0,465.5390983250436
69484,STARLINK-37873,1,1.0,465.532725256976
69485,STARLINK-37892,1,1.0,465.5344330711469
69486,STARLINK-37893,1,1.0,465.5440581413168
69487,STARLINK-37842,1,1.0,465.52509961192936
69488,STARLINK-37449,1,1.0,465.5380599483288
69489,STARLINK-37831,1,1.0,465.5555338874437
69490,STARLINK-37879,1,1.0,465.5436386244155
69491,STARLINK-37856,1,1.0,465.5316303522841
69492,STARLINK-37568,1,1.0,465.5372030646886
69493,STARLINK-37855,1,1.0,465.62183649558847
69494,STARLINK-37854,1,1.0,465.53648601990335
69495,STARLINK-37789,1,1.0,465.5448674223289
69496,STARLINK-37839,1,1.0,465.5364532917238
69497,STARLINK-37798,1,1.0,465.5286669711313
69498,STARLINK-37853,1,1.0,344.0356968796441
69499,STARLINK-37849,1,1.0,465.46583571496376
69500,STARLINK-37835,1,1.0,465.4614591810469
69501,STARLINK-37843,1,1.0,465.52648906654485
69502,STARS-X,0,0.0,569.4317540839347
69503,PETREL,0,0.0,569.2082254358829
69504,BRO-22,0,0.0,567.290197088244
69505,HORN-L,1,1.0,481.489418021828
69506,VERTECS,0,0.0,563.5580076474216
69507,HORN-R,0,0.0,532.7852972355968
69508,STARLINK-37536,1,1.0,462.6929979880624
69509,STARLINK-37341,1,1.0,462.684613425793
69510,STARLINK-36536,1,1.0,462.6758930327378
69511,STARLINK-37420,1,1.0,465.1853589617704
69512,STARLINK-37511,1,1.0,462.7030410689931
69513,STARLINK-37552,1,1.0,462.5796941401695
69514,STARLINK-37607,1,1.0,462.66659903842265
69515,STARLINK-37232,1,1.0,462.6805118059665
69516,STARLINK-37323,1,1.0,465.23734893989786
69517,STARLINK-37357,1,1.0,462.69002579006064
69518,STARLINK-37408,1,1.0,462.68581121883017
69519,STARLINK-37570,1,1.0,462.6853029740769
69520,STARLINK-37510,1,1.0,462.6838376841815
69521,STARLINK-37586,1,1.0,462.67151204139736
69522,STARLINK-37379,1,1.0,462.68293413867104
69523,STARLINK-37429,1,1.0,462.705401005167
69524,STARLINK-37352,1,1.0,462.6890479376243
69525,STARLINK-37490,1,1.0,462.6829103611626
69526,STARLINK-37438,1,1.0,462.6692234666216
69527,STARLINK-37484,1,1.0,462.6845777595072
69528,STARLINK-37523,1,1.0,462.70117749362817
69529,STARLINK-37369,1,1.0,462.6831986634761
69530,STARLINK-37670,1,1.0,462.6851454479456
69531,STARLINK-37897,1,1.0,462.67982523107366
69532,STARLINK-37933,1,1.0,462.6503383395202
69533,STARLINK-37890,1,1.0,462.67992331319147
69534,STARLINK-37407,1,1.0,462.69088178275433
69535,STARLINK-37888,1,1.0,462.6731081005246
69536,STARLINK-37889,1,1.0,462.69215982789865
69538,2026-134A,0,0.0,540.1890251547784
69539,2026-134B,0,0.0,536.8942224617913
69540,2026-134C,0,0.0,536.6172483822511
69541,2026-134D,0,0.0,536.4295105785959
69542,2026-134E,0,0.0,536.3724211758708
69543,2026-134F,0,0.0,536.2313177137912
69544,2026-134G,0,0.0,535.9607163066821
69545,2026-134H,0,0.01,535.7562878110202
69546,STARLINK-37880,1,1.0,465.5857185725236
69547,STARLINK-37881,1,1.0,465.5133264669676
69548,STARLINK-37265,1,1.0,465.5396487541193
69549,STARLINK-37871,1,1.0,465.5380629236188
69550,STARLINK-37865,1,1.0,465.5413625231995
69551,STARLINK-37862,1,1.0,465.5304729670952
69552,STARLINK-37861,1,1.0,465.5349329193986
69553,STARLINK-37859,1,1.0,465.5255964831995
69554,STARLINK-37860,1,1.0,465.54002661630784
69555,STARLINK-37858,1,1.0,465.525307881313
69556,STARLINK-37927,1,1.0,465.59152644759706
69557,STARLINK-37929,1,1.0,465.5247366281856
69558,STARLINK-37954,1,1.0,465.5428471955429
69559,STARLINK-37958,1,1.0,465.51536452356686
69560,STARLINK-37950,1,1.0,465.5375868771189
69561,STARLINK-37952,1,1.0,465.5387412900254
69562,STARLINK-37935,1,1.0,465.528794908204
69563,STARLINK-37936,1,1.0,465.5518028514061
69564,STARLINK-37932,1,1.0,465.5557421591429
69565,STARLINK-37916,1,1.0,465.5241356224178
69566,STARLINK-37909,1,1.0,465.54063060085537
69567,STARLINK-37934,1,1.0,465.5390893991671
69568,STARLINK-37938,1,1.0,465.61410646422974
69569,STARLINK-37924,1,1.0,465.53934229899824
69570,SHIJIAN-31 (SJ-31),1,1.0,20944.66166381978
69572,GUOWANG OBJECT A,0,0.0,1019.2912528316864
69573,GUOWANG OBJECT B,0,0.0,1018.5300270653032
69574,GUOWANG OBJECT C,0,0.01,1009.3533917823823
69575,GUOWANG OBJECT D,0,0.0,1013.4676203154896
69576,GUOWANG OBJECT E,0,0.0,1006.3514587050448
69577,GUOWANG OBJECT F,0,0.0,1002.813661443388
69578,GUOWANG OBJECT G,0,0.0,1006.4028224271378
69579,GUOWANG OBJECT H,0,0.0,1004.9999213963328
69580,GUOWANG OBJECT J,1,0.94,992.279389677342
69582,CENTISPACE-1 GROUP 05 O*,0,0.0,840.6526534945933
69583,CENTISPACE-1 GROUP 05 O*,0,0.0,840.0365270182356
69584,CENTISPACE-1 GROUP 05 O*,0,0.0,839.7535998631247
69585,CENTISPACE-1 GROUP 05 O*,0,0.0,839.132418496255
69586,CENTISPACE-1 GROUP 05 O*,0,0.0,838.9040095344917
69587,CENTISPACE-1 GROUP 05 O*,0,0.0,839.1626720866143
69588,CENTISPACE-1 GROUP 05 O*,0,0.0,838.622249967184
69589,SPACEMOBILE-008,0,0.01,527.4460097066503
69590,SPACEMOBILE-009,0,0.0,527.7550106106801
69591,SPACEMOBILE-010,0,0.01,528.2450526289022
69592,KUIPER-00423,1,1.0,449.5892416554034
69593,KUIPER-00428,1,1.0,454.3352959422473
69594,KUIPER-00481,1,1.0,451.13922570359136
69595,KUIPER-00490,1,1.0,507.44306299870095
69596,KUIPER-00493,0,0.07,584.9983070931585
69597,KUIPER-00496,1,1.0,469.49417970521154
69598,KUIPER-00513,1,1.0,514.6453459032427
69599,KUIPER-00516,1,1.0,451.8384504009191
69600,KUIPER-00517,1,1.0,453.9331754760369
69601,KUIPER-00520,1,0.97,529.3791984062436
69602,KUIPER-00522,1,1.0,456.4685475305832
69603,KUIPER-00528,1,0.99,552.574477449949
69604,KUIPER-00532,1,1.0,455.4473892135129
69605,KUIPER-00533,1,1.0,479.9574012541916
69606,KUIPER-00534,1,1.0,457.5460193513191
69607,KUIPER-00537,1,0.98,560.5575594237907
69608,KUIPER-00538,1,0.97,540.1996944271868
69609,KUIPER-00540,1,1.0,453.8231136160275
69610,KUIPER-00541,1,1.0,449.764635197178
69611,KUIPER-00542,1,1.0,449.94928491503833
69612,KUIPER-00543,1,1.0,455.431325525572
69613,KUIPER-00544,1,1.0,450.0507236206586
69614,KUIPER-00546,1,1.0,451.2889326624481
69615,KUIPER-00547,1,1.0,451.2732130610602
69616,KUIPER-00549,1,1.0,453.8909633401381
69617,KUIPER-00550,1,1.0,477.00009870587473
69618,KUIPER-00551,1,1.0,450.10096806113233
69619,KUIPER-00554,1,1.0,450.6437337969528
69620,KUIPER-00555,1,1.0,451.4720278398545
69621,KUIPER-00556,1,1.0,450.0624806718061
69622,KUIPER-00557,1,1.0,452.0570775388778
69623,KUIPER-00560,1,1.0,454.0172195046625
69624,KUIPER-00561,1,1.0,475.7391637234159
69625,KUIPER-00564,1,1.0,453.7883687628437
69626,KUIPER-00567,1,1.0,451.08291568211735
69627,KUIPER-00573,1,1.0,452.1575701210632
69636,CENTISPACE-1 GROUP 05 O*,0,0.0,839.3892765636192
69646,VICTUS HAZE PUMA,0,0.0,502.6708336697602
69648,HOKUSHIN-1,1,1.0,410.610064174638
69649,STARLINK-37656,1,1.0,465.5306663604733
69650,STARLINK-37646,1,1.0,465.5453732230835
69651,STARLINK-37749,1,1.0,465.5240701663515
69652,STARLINK-37819,1,1.0,465.5311751338868
69653,STARLINK-37729,1,1.0,486.52637786745527
69654,STARLINK-37838,1,1.0,465.5340314074401
69655,STARLINK-37884,1,1.0,465.5511720866453
69656,STARLINK-37876,1,1.0,465.523540567332
69657,STARLINK-37784,1,1.0,465.5353911137081
69658,STARLINK-37851,1,1.0,465.5287592048335
69659,STARLINK-37229,1,1.0,465.5492083859608
69660,STARLINK-37556,1,1.0,465.5315886983108
69661,STARLINK-37867,1,1.0,465.5289644992136
69662,STARLINK-37852,1,1.0,465.6061443762292
69663,STARLINK-37554,1,1.0,465.530434288421
69664,STARLINK-37830,1,1.0,465.5470155885296
69665,STARLINK-37837,1,1.0,465.5320974718961
69666,STARLINK-37943,1,1.0,465.5958526084505
69667,STARLINK-37941,1,1.0,465.5312465406887
69668,STARLINK-37930,1,1.0,465.5162273509041
69669,STARLINK-37945,1,1.0,465.5253287082524
69670,STARLINK-37948,1,1.0,465.56896446915925
69671,STARLINK-37949,1,1.0,465.53554285340033
69672,STARLINK-37946,1,1.0,465.5399968633774
69674,TJS-26A,0,0.0,35786.39480225944
69677,STARLINK-38005,1,1.0,455.0491063730242
69678,STARLINK-38009,1,1.0,455.051856877124
69679,STARLINK-37998,1,1.0,465.5089201045321
69680,STARLINK-37994,1,1.0,465.4806939659284
69681,STARLINK-37992,1,1.0,465.5205295905862
69682,STARLINK-37997,1,1.0,461.8498554301077
69683,STARLINK-37990,1,1.0,455.067977613593
69684,STARLINK-37951,1,1.0,344.1456606843785
69685,STARLINK-37957,1,1.0,465.579276963198
69686,STARLINK-37968,1,1.0,455.0140021219777
69687,STARLINK-37977,1,1.0,454.9716428813072
69688,STARLINK-37908,1,1.0,465.5129843116301
69689,STARLINK-37979,1,1.0,455.0059996962409
69690,STARLINK-37940,1,1.0,455.0254545231237
69691,STARLINK-37961,1,1.0,454.9863553223404
69692,STARLINK-37787,1,1.0,455.0279738207028
69693,STARLINK-37962,1,1.0,455.0412905699068
69694,STARLINK-37953,1,1.0,454.9647757194807
69695,STARLINK-37926,1,1.0,454.9962723347289
69696,STARLINK-37959,1,1.0,455.0086049278252
69697,STARLINK-37976,1,1.0,454.9656204061303
69698,STARLINK-37912,1,1.0,465.5082714981008
69699,STARLINK-37974,1,1.0,454.9866931996357
69700,STARLINK-37955,1,1.0,454.99996825380913
69701,STRIX-8,0,0.0,552.7436648766216
69704,STARLINK-38055,1,1.0,455.05113961177904
69705,STARLINK-37898,1,1.0,455.009156205816
69706,STARLINK-37970,1,1.0,455.0193933990449
69707,STARLINK-37975,1,1.0,454.90910403540056
69708,STARLINK-37972,1,1.0,465.5842070988592
69709,STARLINK-37963,1,1.0,455.0055165875847
69710,STARLINK-37969,1,1.0,455.0442485390304
69711,STARLINK-37956,1,1.0,433.4590465594156
69712,STARLINK-38043,1,1.0,455.04001905911446
69713,STARLINK-38020,1,1.0,435.5058009157156
69714,STARLINK-38059,1,1.0,423.01605122404
69715,STARLINK-38061,1,1.0,438.82471367555263
69716,STARLINK-38060,1,1.0,465.5040585353008
69717,STARLINK-38040,1,1.0,425.3506068480356
69718,STARLINK-37989,1,1.0,443.93821612886313
69719,STARLINK-38039,1,1.0,455.0251314604248
69720,STARLINK-38003,1,1.0,465.5325854185812
69721,STARLINK-38014,1,1.0,453.7756802469239
69722,STARLINK-37915,1,1.0,465.50948837910073
69723,STARLINK-38007,1,1.0,454.91500783571246
69724,STARLINK-38008,1,1.0,454.9932818152493
69725,STARLINK-38021,1,1.0,451.4244931893773
69726,STARLINK-38015,1,1.0,344.1002617684662
69727,STARLINK-38010,1,1.0,343.8752672117953
69728,SXM-11,0,0.0,35786.50357180413
69737,HAIYANG-2E,0,0.0,966.3698494881356
69739,STARLINK-38033,1,1.0,419.0332128810087
69740,STARLINK-38076,1,1.0,418.96489151511287
69741,STARLINK-38074,1,1.0,419.1759421575116
69742,STARLINK-38041,1,1.0,410.36350265031433
69743,STARLINK-38087,1,1.0,419.0617786121438
69744,STARLINK-38078,1,1.0,419.0494203719445
69745,STARLINK-38047,1,1.0,403.7097609892298
69746,STARLINK-38046,1,1.0,409.6707251252674
69747,STARLINK-38067,1,1.0,419.01388745366967
69748,STARLINK-37988,1,1.0,418.9779952316612
69749,STARLINK-37987,1,1.0,402.3040527983076
69750,STARLINK-38037,1,1.0,419.0567885088658
69751,STARLINK-38049,1,1.0,419.04075647467926
69752,STARLINK-38029,1,1.0,419.0503534536829
69753,STARLINK-37965,1,1.0,403.7198740219028
69754,STARLINK-38048,1,1.0,419.0286469548764
69755,STARLINK-38006,1,1.0,386.91672370944616
69756,STARLINK-38036,1,1.0,419.0019564766744
69757,STARLINK-38058,1,1.0,419.08455009651607
69758,STARLINK-38066,1,1.0,418.962288328944
69759,STARLINK-38035,1,1.0,419.0501925774988
69760,STARLINK-38056,1,1.0,419.0887709590797
69761,STARLINK-38069,1,1.0,419.0521377174582
69762,STARLINK-38019,1,1.0,344.10244677111314
69763,KUIPER-00258,1,1.0,464.3735408163948
69764,KUIPER-00526,1,0.98,565.5630032323324
69765,KUIPER-00558,1,0.97,542.8908595371122
69766,KUIPER-00569,1,0.97,509.8927911851206
69767,KUIPER-00589,1,1.0,551.28450415524
69768,KUIPER-00598,1,1.0,467.61001517879686
69769,KUIPER-00604,1,1.0,479.9660960691972
69770,KUIPER-00609,1,1.0,454.20017760002247
69771,KUIPER-00611,1,1.0,484.21987088152855
69772,KUIPER-00612,1,0.99,521.7055751421394
69773,KUIPER-00614,1,1.0,485.76855484769567
69774,KUIPER-00615,1,0.97,539.7601636354411
69775,KUIPER-00616,1,1.0,449.6995028382362
69776,KUIPER-00617,1,1.0,451.159091052793
69777,KUIPER-00619,1,1.0,460.74339480970775
69778,KUIPER-00621,1,1.0,478.55281026182
69779,KUIPER-00622,1,0.99,514.7788683694926
69780,KUIPER-00623,1,0.95,506.860712254872
69781,KUIPER-00626,1,1.0,462.80720714167
69782,KUIPER-00627,1,1.0,470.0588081141477
69783,KUIPER-00629,1,1.0,585.6860182589689
69784,KUIPER-00631,1,1.0,590.7244844026654
69785,KUIPER-00634,1,0.98,523.2096868592998
69786,KUIPER-00639,1,1.0,463.02862151712543
69787,KUIPER-00641,1,1.0,468.9546256604799
69788,KUIPER-00644,1,1.0,455.667259870419
69789,KUIPER-00646,1,1.0,470.4066620569092
69790,KUIPER-00647,1,1.0,470.6905268408136
69791,KUIPER-00662,1,1.0,586.6826208936163
69792,LINK,1,1.0,344.9483041898766
69794,ISS OBJECT YJ,1,1.0,412.5940398936327
69795,ISS OBJECT YK,1,1.0,407.5579759897018
69796,ISS OBJECT YL,1,1.0,409.909492632607
69797,ISS OBJECT YM,1,1.0,409.8495976430932
69798,ISS OBJECT YN,1,1.0,412.135061656445
69799,PROVES-ELECTRA,1,1.0,409.8408901538705
69800,QIANFAN-201,0,0.0,848.1530837613818
69801,QIANFAN-202,0,0.0,844.5539701067
69802,QIANFAN-203,0,0.0,854.9228064708414
69803,QIANFAN-204,0,0.0,849.8591729125155
69804,QIANFAN-205,0,0.0,858.8365253379434
69805,QIANFAN-206,0,0.0,839.091682162205
69806,QIANFAN-207,0,0.0,855.0071873544139
69807,QIANFAN-208,0,0.0,840.6245330065967
69808,QIANFAN-209,0,0.0,856.3800309883645
69809,QIANFAN-210,0,0.0,854.3140120169883
69810,QIANFAN-211,0,0.0,843.9509085449217
69811,QIANFAN-212,0,0.0,848.8824050742705
69812,QIANFAN-213,0,0.0,850.3873495699727
69813,QIANFAN-214,0,0.0,836.0892665880392
69814,QIANFAN-215,0,0.0,819.3342673941925
69815,QIANFAN-216,0,0.0,831.616866470602
69816,QIANFAN-217,0,0.0,802.5119767998922
69817,QIANFAN-218,0,0.0,802.3644032036891
69819,STARLINK-37520,1,1.0,431.5598592052274
69820,STARLINK-37553,1,1.0,418.68692918252873
69821,STARLINK-37561,1,1.0,418.72449924755074
69822,STARLINK-37521,1,1.0,418.7122039581591
69823,STARLINK-37628,1,1.0,459.7784189368176
69824,STARLINK-37695,1,1.0,448.8221688996973
69825,STARLINK-37690,1,1.0,418.5847971490685
69826,STARLINK-37710,1,1.0,418.7189833235016
69827,STARLINK-38031,1,1.0,418.7411085053127
69828,STARLINK-38001,1,1.0,418.6845309864466
69829,STARLINK-37622,1,1.0,418.696372831324
69830,STARLINK-37621,1,1.0,418.7446561553125
69831,STARLINK-37918,1,1.0,418.6973672093845
69832,STARLINK-37887,1,1.0,418.6942261458135
69833,STARLINK-37624,1,1.0,418.6890700130134
69834,STARLINK-37769,1,1.0,418.65935297990654
69835,STARLINK-37247,1,1.0,418.720463204465
69836,STARLINK-37569,1,1.0,418.6767661099866
69837,STARLINK-37587,1,1.0,418.7017424771675
69838,STARLINK-37590,1,1.0,418.69228126190137
69839,STARLINK-37589,1,1.0,418.7097852671959
69840,STARLINK-37487,1,1.0,439.13696717117
69841,STARLINK-37433,1,1.0,459.801880350552
69842,STARLINK-37588,1,1.0,418.7411962459819
69843,STARLINK-37579,1,1.0,459.81257492660006
69844,STARLINK-37584,1,1.0,418.8359168750794
69845,STARLINK-37606,1,1.0,418.7265728401335
69846,STARLINK-37603,1,1.0,424.4859997476096
69847,STARLINK-37595,1,1.0,418.7159182761625
69848,QIANFAN-219,0,0.01,852.7130718194012
69849,QIANFAN-220,0,0.01,877.9796370342692
69850,QIANFAN-221,1,0.97,816.2097629351902
69851,QIANFAN-222,0,0.0,873.9282330086116
69852,QIANFAN-223,0,0.0,870.91180208078
69853,QIANFAN-224,0,0.02,866.8219600367966
69854,QIANFAN-225,1,0.97,879.2331135047898
69855,QIANFAN-226,0,0.01,869.0911476594538
69856,QIANFAN-227,0,0.0,868.2859240796915
69857,QIANFAN-228,0,0.0,867.2805265901088
69858,QIANFAN-229,0,0.0,857.8369328506278
69859,QIANFAN-230,0,0.0,874.6401740109204
69860,QIANFAN-231,0,0.0,854.3926463280013
69861,QIANFAN-232,0,0.0,848.5640712212862
69862,QIANFAN-233,0,0.0,852.5438898214288
69863,QIANFAN-234,0,0.0,850.5263495893332
69864,QIANFAN-235,1,0.95,821.6432161727325
69865,QIANFAN-236,0,0.02,862.4894204761813
69866,QIANFAN-237,1,0.98,859.5358291774946
69867,QIANFAN-238,0,0.0,846.5108593480709
69869,CAS500-4,0,0.0,894.2786396919073
69870,ICEYE-X79,0,0.0,592.5371170495273
69871,PELICAN-11,0,0.0,590.5550398094592
69872,TOM-1,0,0.0,595.5938770869698
69873,FIRESAT2,0,0.0,593.0033687935611
69874,CUBY-4,0,0.0,595.1235625724748
69875,CUBY-3,0,0.0,594.9275194817128
69876,ION SCV-023,0,0.0,592.0279790129716
69877,TRANSPORTER-17 OBJECT J,0,0.0,593.4087756642011
69878,GRUS-3G,0,0.0,592.4865601128931
69879,ANDURIL-216,0,0.0,593.1286723446055
69880,TRANSPORTER-17 OBJECT M,0,0.0,594.5342993419163
69881,CUBY-2,0,0.0,594.6853267308143
69882,TRANSPORTER-17 OBJECT P,0,0.0,594.2610061991718
69883,HYPERION GR-1,0,0.0,593.7767917386282
69884,YAM-17,0,0.0,596.4464855050946
69885,GRUS-3A,0,0.0,593.341808811565
69886,FIRESAT1,0,0.0,592.1891497433144
69887,TRANSPORTER-17 OBJECT U,0,0.0,592.2816688919256
69888,TRANSPORTER-17 OBJECT V,0,0.0,593.5867115067231
69889,ICEYE-X81,0,0.0,593.3601536428623
69890,FIRESAT3,0,0.0,591.9892295315103
69891,GRUS-3C,0,0.0,593.0837973534854
69892,ICEYE-X77,0,0.0,591.7761279101142
69893,ICEYE-X80,0,0.0,593.3509079823798
69894,GRUS-3F,0,0.0,593.0429767573887
69895,MIKROGLOB-1 (PIRX-1),0,0.0,592.985107318802
69896,BRO-31,0,0.0,591.5351491668616
69897,TRANSPORTER-17 OBJECT AE,0,0.0,595.4946647133656
69898,GRUS-3E,0,0.0,593.2666296068564
69899,FOSSASAT-2E26,0,0.0,594.1222235995847
69900,TRANSPORTER-17 OBJECT AH,0,0.0,594.0592698276332
69901,TRANSPORTER-17 OBJECT AJ,0,0.0,594.4666071583697
69902,CUBY-1,0,0.0,594.6165210251738
69903,BALKAN-3,0,0.0,594.6444733332264
69904,TRANSPORTER-17 OBJECT AM,0,0.0,592.8603523350876
69905,TRANSPORTER-17 OBJECT AN,0,0.0,594.3334222683397
69906,TOM-3,0,0.0,594.8586672692663
69907,CUBY-5,0,0.0,594.9074837895951
69908,TRANSPORTER-17 OBJECT AR,0,0.0,593.1883925369657
69909,TRANSPORTER-17 OBJECT AS,0,0.0,593.4586014170727
69910,TRANSPORTER-17 OBJECT AT,0,0.0,594.515934315682
69911,TRANSPORTER-17 OBJECT AU,0,0.0,595.6267324322298
69912,TRANSPORTER-17 OBJECT AV,0,0.01,595.2551356237391
69913,TRANSPORTER-17 OBJECT AW,0,0.0,594.9979760455344
69914,TOM-2,0,0.0,595.5008488159738
69915,TRANSPORTER-17 OBJECT AY,0,0.0,592.4588132208173
69916,KOYO,0,0.0,594.9563479336266
69917,TRANSPORTER-17 OBJECT BA,0,0.0,589.9097665507388
69918,GRUS-3B,0,0.0,592.4172354544917
69919,GRUS-3D,0,0.0,592.0153116326755
69920,MARINA,0,0.0,591.5838826260142
69921,TRANSPORTER-17 OBJECT BE,0,0.0,591.6124273942169
69922,POSIDONIA,0,0.0,591.7328536578534
69923,RAFS,0,0.0,591.6145263773624
69924,CENTAURI-9,0,0.0,591.2253290512754
69925,TRANSPORTER-17 OBJECT BJ,0,0.0,590.6302704556465
69926,TRANSPORTER-17 OBJECT BK,0,0.0,590.5919139662601
69927,REPLICATOR 2,0,0.0,590.9650319123712
69928,TRANSPORTER-17 OBJECT BM,0,0.0,590.506184248653
69929,TRANSPORTER-17 OBJECT BN,0,0.0,590.1936988847392
69930,TRANSPORTER-17 OBJECT BP,0,0.0,590.1834707927883
69931,GRITSS,0,0.0,590.5271689363663
69932,LEMUR-2-NURAY,0,0.0,590.4776508056775
69933,TRANSPORTER-17 OBJECT BS,0,0.0,590.0434779457864
69934,TRANSPORTER-17 OBJECT BT,0,0.0,589.9698846860229
69935,KOSTKA,0,0.0,589.931593305073
69936,TRANSPORTER-17 OBJECT BV,0,0.0,590.0674876030316
69937,LEONAV-1,0,0.0,589.2326027338486
69938,CYBERCUBE,0,0.0,589.8925648358409
69939,CLOUDCT-PRECURSOR,0,0.0,589.9946220132515
69940,LEMUR-2-ELEONORE,0,0.0,589.7025127155994
69941,TRANSPORTER-17 OBJECT CA,0,0.0,590.7271835703623
69942,TRANSPORTER-17 OBJECT CB,0,0.0,590.828359102271
69943,STARLINK-37886,1,1.0,410.159645601686
69944,STARLINK-37937,1,1.0,418.8130831281596
69945,STARLINK-37903,1,1.0,418.7211534259013
69946,STARLINK-37905,1,1.0,418.7807646518777
69947,STARLINK-37904,1,1.0,418.981622164365
69948,STARLINK-37891,1,1.0,418.7793783294519
69949,STARLINK-37923,1,1.0,418.7210393638716
69950,STARLINK-37895,1,1.0,418.7032720677653
69951,STARLINK-37841,1,1.0,418.6979667610376
69952,STARLINK-37899,1,1.0,418.7973303821345
69953,STARLINK-37900,1,1.0,418.7898664318564
69954,STARLINK-37882,1,1.0,418.7090424048647
69955,STARLINK-37928,1,1.0,418.7935925549437
69956,STARLINK-37824,1,1.0,418.79072045647627
69957,STARLINK-37919,1,1.0,418.7084984191925
69958,STARLINK-37964,1,1.0,418.7132977804131
69959,STARLINK-37907,1,1.0,418.7861139912393
69960,STARLINK-37901,1,1.0,418.4219881025683
69961,STARLINK-37910,1,1.0,418.6854171488985
69962,STARLINK-37925,1,1.0,418.7172080523415
69963,STARLINK-37931,1,1.0,418.98506482996345
69964,STARLINK-37914,1,1.0,418.7045530639971
69965,STARLINK-37840,1,1.0,418.7114903417387
69966,STARLINK-37894,1,1.0,418.71976128454025
69967,STARLINK-37875,1,1.0,418.7851078817739
69968,STARLINK-36218,1,1.0,418.7663194408742
69969,STARLINK-37921,1,1.0,418.7576856927699
69970,STARLINK-37896,1,1.0,418.678573525578
69971,STARLINK-37922,1,1.0,418.78509910756566
69972,CHUANG XIN 26 (CX-26),0,0.01,808.08673140473
69975,STARLINK-38024,1,1.0,344.1843059881285
69976,STARLINK-37993,1,1.0,344.09384617850355
69977,STARLINK-37995,1,1.0,344.1059717986582
69978,STARLINK-38057,1,1.0,344.119969532343
69979,STARLINK-38063,1,1.0,344.1263538887333
69980,STARLINK-38093,1,1.0,343.9725531554432
69981,STARLINK-38050,1,1.0,344.0835812664027
69982,STARLINK-38065,1,1.0,343.99123865001366
69983,STARLINK-38077,1,1.0,344.08692703167526
69984,STARLINK-38068,1,1.0,344.0893424719443
69985,STARLINK-38089,1,1.0,344.11760812094235
69986,STARLINK-38073,1,1.0,344.08960421589654
69987,STARLINK-38099,1,1.0,344.0835585061095
69988,STARLINK-38064,1,1.0,344.1009132859954
69989,STARLINK-38080,1,1.0,344.1033031333127
69990,STARLINK-38070,1,1.0,344.1162311060925
69991,STARLINK-38042,1,1.0,344.1107088284243
69992,STARLINK-38071,1,1.0,344.1473905072007
69993,STARLINK-38082,1,1.0,344.13114501105974
69994,STARLINK-38090,1,1.0,344.0771770963611
69995,STARLINK-38084,1,1.0,344.0410312337999
69996,STARLINK-38085,1,1.0,344.00495129106275
69997,STARLINK-38091,1,1.0,344.0565791584186
69998,STARLINK-38086,1,1.0,344.0602634465049
